id,avg_sentiment_score,review_count
1,0.6986994683742523,10
2,0.5087574660778046,10
3,0.6612884879112244,10
4,0.4012080550193787,10
5,0.6108439147472382,10
6,0.39017669558525087,10
7,0.7174231290817261,10
8,0.5650238692760468,10
9,0.6992907166481018,10
10,0.42721845507621764,10
11,0.6916083693504333,10
12,0.8932659566402436,10
13,0.5261645555496216,10
14,0.8143801629543305,10
15,0.6537824690341949,10
16,0.7465784132480622,10
17,0.6972677350044251,10
18,0.7755251586437225,10
19,0.8175670385360718,10
20,0.8096755564212799,10
21,0.3393563389778137,10
22,0.6893072962760926,10
23,0.7885133564472199,10
24,0.4510737955570221,10
25,0.40591915845870974,10
26,0.4027399241924286,10
27,0.43496394753456114,10
28,0.5804633498191833,10
29,0.5692949712276458,10
30,0.8272368848323822,10
31,0.7475907206535339,10
32,0.6712406873703003,10
34,0.49801154136657716,10
36,0.46428632736206055,10
37,0.7536182820796966,10
38,0.603064775466919,10
39,0.7529600024223327,10
40,0.5877207159996033,10
41,0.5307545006275177,10
42,0.7870092213153839,10
43,0.7517282366752625,10
44,0.44188315272331236,10
45,0.8336232602596283,10
46,0.5825125813484192,10
47,0.707171231508255,10
48,0.4030915260314941,10
49,0.8638605237007141,10
50,0.7934119045734406,10
51,0.3297989845275879,10
52,0.5547887623310089,10
53,0.4220242500305176,5
54,0.7895640850067138,10
55,0.4076306641101837,10
57,0.8475175738334656,10
58,0.7695728063583374,10
59,0.6226762890815735,10
60,0.7827628552913666,10
61,0.05651525259017944,10
62,0.5007509231567383,10
63,0.7827720046043396,10
64,0.7930493056774139,10
66,0.5738289475440979,10
67,0.37737836241722106,10
68,0.7091928541660308,10
69,0.757871001958847,10
70,0.9872261941432953,10
71,0.654848313331604,10
72,0.6985468208789826,10
73,0.571787691116333,10
74,0.6428265392780304,10
75,0.5055441200733185,10
76,0.40090460777282716,10
77,0.6500729918479919,10
78,0.44086101055145266,10
79,0.6804283916950226,10
82,0.41655957102775576,10
83,0.767904007434845,10
84,0.6077871739864349,10
85,0.8323913395404816,10
87,0.5999183654785156,10
88,0.4997420430183411,10
89,0.7305928111076355,10
90,0.9961932480335236,10
91,0.8159944415092468,10
93,0.6108594954013824,10
94,0.7630138158798218,10
95,0.8389744400978089,10
96,0.7829582393169403,10
97,0.4888978242874146,10
98,0.6019251942634583,10
99,0.626419997215271,10
101,0.4957102954387665,10
102,0.5020712077617645,10
103,0.7824662148952484,10
104,0.8765020668506622,10
105,0.5514993309974671,10
106,0.8130051553249359,10
108,0.7022374272346497,10
109,0.5966062307357788,10
110,0.6329766809940338,10
111,0.7065902173519134,10
112,0.3744650661945343,10
113,0.7023709058761597,10
114,0.5169913947582245,10
115,0.6132051050662994,10
116,0.6991345643997192,10
117,0.8009315729141235,10
118,0.7171199560165405,10
119,0.4564345955848694,10
120,0.4980990827083588,10
121,0.8004934012889862,10
122,0.6998450756072998,10
124,0.6047753691673279,10
125,0.6070023655891419,10
126,0.8782902777194976,10
127,0.42926137447357177,10
128,0.675157368183136,10
130,0.7995143115520478,10
132,0.7058948695659637,10
133,0.4267894983291626,10
134,0.4449190139770508,10
135,0.5878789961338043,10
136,0.4020965933799744,10
137,0.4224276840686798,10
139,0.7595479130744934,10
140,0.6339922726154328,10
141,0.5637564659118652,10
142,0.7864279508590698,10
144,0.4744194507598877,10
145,0.6352371335029602,10
146,0.7171753406524658,10
147,0.7089812457561493,10
148,0.5909380078315735,10
150,0.5193598747253418,10
151,0.756533944606781,10
152,0.798398780822754,10
153,0.27111017107963564,10
154,0.6015982806682587,10
155,0.45805837512016295,10
156,0.9044815540313721,10
157,0.659965580701828,10
162,0.8933909475803375,10
163,0.7040357530117035,10
164,0.5322345495223999,10
165,0.5834786832332611,10
166,0.49957011342048646,10
167,0.4682675778865814,10
168,0.41714906692504883,10
169,0.4173270225524902,10
170,0.7712930381298065,10
171,0.701242059469223,10
172,0.8504096567630768,10
174,0.6614652097225189,10
175,0.7975086629390716,10
176,0.614442241191864,10
178,0.35557196736335756,10
179,0.7942761719226837,10
180,0.7227116465568543,10
181,0.4259041607379913,10
182,0.5997775137424469,10
183,0.49831647872924806,10
185,0.8075705170631409,10
186,0.6026998400688172,10
188,0.6979632914066315,10
189,0.6108685612678528,10
190,0.48606047630310056,10
192,0.5026511549949646,10
193,0.6607977092266083,10
194,0.7716582000255585,10
195,0.8985434174537659,10
196,0.4406229376792908,10
197,0.5999177455902099,10
198,0.7276274621486664,10
199,0.7813728153705597,10
200,0.5232924103736878,10
201,0.47902347445487975,10
202,0.6262759149074555,10
204,0.32897704243659975,10
206,0.6507345855236053,10
207,0.6663138389587402,10
208,0.5091170787811279,10
210,0.44594408869743346,10
211,0.5500249922275543,10
214,0.5621570408344269,10
215,0.8192450821399688,10
216,0.2802763283252716,10
217,0.8925350666046142,10
218,0.387184739112854,10
219,0.8981825411319733,10
220,0.7062331140041351,10
221,0.667009025812149,10
222,0.6139519333839416,10
223,0.5968835473060607,10
224,0.5564005672931671,10
225,0.6981875598430634,10
226,0.4732369720935822,10
228,0.42114211320877076,10
229,0.7647182643413544,10
230,0.6034754693508149,10
231,0.5697199463844299,10
232,0.29334710240364076,10
234,0.6162639796733856,10
235,0.5080397844314575,10
237,0.4111363887786865,10
239,0.8858958899974823,10
240,0.6466764032840728,10
241,0.6236209094524383,10
242,0.7372807323932647,10
243,0.8982717394828796,10
244,0.7889656722545624,10
246,0.4615173406071133,9
247,0.6047972917556763,10
248,0.38913440704345703,10
249,0.6023476421833038,10
250,0.42612033486366274,10
252,0.5988295495510101,10
254,0.49897308349609376,10
255,0.48916696906089785,10
256,0.5762042999267578,10
257,0.6104328036308289,10
258,0.6025074422359467,10
259,0.6058925211429596,10
260,0.792704063653946,10
261,0.9369712948799134,10
263,0.5748933732509613,10
264,0.660843288898468,10
265,0.6001572847366333,10
267,0.7050571382045746,10
268,0.6972604870796204,10
270,0.5935381293296814,10
271,0.899917483329773,10
272,0.6005145847797394,10
273,0.30240769386291505,10
274,0.44179946184158325,10
275,0.40444592833518983,10
276,0.6074114620685578,10
277,0.428387850522995,10
278,0.5214075088500977,10
279,0.6999094843864441,10
280,0.7027678966522217,10
281,0.30786667466163636,10
282,0.5710413098335266,10
283,0.5319285094738007,10
284,0.5968374609947205,10
285,0.40772910714149474,10
286,0.6648285627365113,10
287,0.7001817941665649,10
288,0.348847770690918,10
289,0.36567285656929016,10
290,0.6657438337802887,10
291,0.3506994366645813,10
292,0.5521933913230896,10
293,0.7960794568061829,10
294,0.6308840632438659,10
295,0.7000100672245025,10
296,0.6065095245838166,10
297,0.30601717829704284,10
298,0.2955758273601532,10
299,0.6982584476470948,10
300,0.40996941924095154,10
301,0.699129056930542,10
302,0.7949768483638764,10
303,0.5778227627277375,10
304,0.3297208070755005,10
305,0.7215874493122101,10
307,0.6620337426662445,10
308,0.7035004496574402,10
309,0.43998550772666933,10
310,0.47604410648345946,10
311,0.5634688854217529,10
312,0.38765300512313844,10
313,0.4649015605449677,10
314,0.624218738079071,10
315,0.5960469245910645,10
316,0.6070596277713776,10
317,0.6581504821777344,10
319,0.5218899428844452,10
320,0.4069699108600616,10
321,0.8054636120796204,10
322,0.8182061374187469,10
323,0.5025839865207672,10
324,0.5096940636634827,10
327,0.6384361684322357,10
328,0.3050664186477661,10
329,0.8127657473087311,10
330,0.5977845609188079,10
332,0.30101704597473145,10
333,0.4680463373661041,10
334,0.4831354022026062,10
335,0.5049767315387725,10
336,0.49694037437438965,10
337,0.6597366571426392,10
338,0.8747254908084869,10
339,0.5070925116539001,10
340,0.9895668625831604,10
342,0.3967167615890503,10
343,0.6004946947097778,10
344,0.7388473868370056,10
345,0.5493869006633758,10
347,0.8839611828327179,10
348,0.8030618190765381,10
349,0.5013310730457305,10
350,0.663074654340744,10
352,0.9450494587421417,10
353,0.28714967966079713,10
354,0.6323645889759064,10
355,0.6869080245494843,10
356,0.7851336479187012,10
357,0.5556664049625397,10
359,0.43974013328552247,10
360,0.40766791701316835,10
361,0.6031708240509033,10
362,0.43136738538742064,10
363,0.6208991706371307,10
364,0.6970069766044616,10
365,0.2048892855644226,10
366,0.6847478091716767,10
367,0.3906323552131653,10
368,0.3005635619163513,10
369,0.8936322152614593,10
371,0.5971562504768372,10
372,0.6877832412719727,10
373,0.5054632544517517,10
374,0.29614869356155393,10
375,0.5954587161540985,10
376,0.5990016996860504,10
378,0.7929500341415405,10
379,0.701036250591278,10
380,0.6430795550346374,10
381,0.3400910347700119,8
382,0.5445168077945709,10
383,0.7655925750732422,10
384,0.8050785660743713,10
386,0.5894029080867768,10
387,0.597772628068924,10
388,0.3570377707481384,10
389,0.600068885087967,10
391,0.3387291928132375,6
392,0.6947799146175384,10
393,0.9988271951675415,10
394,0.5262782752513886,10
396,0.5009053409099579,10
397,0.4037729978561401,10
398,0.5021149098873139,10
399,0.1230096697807312,10
400,0.3178940832614899,10
401,0.7739081621170044,10
403,0.5794618368148804,10
404,0.7962189733982086,10
406,0.43274794816970824,10
408,0.3021284341812134,10
409,0.30121083855628966,10
410,0.5095684468746186,10
412,0.25118733048439024,10
413,0.453647643327713,10
414,0.4982929527759552,10
415,0.29426904519399005,9
416,0.5028441309928894,10
417,0.41663589477539065,10
420,0.40295753479003904,10
421,0.5070896208286285,10
422,0.6659131288528443,10
423,0.6632079780101776,10
424,0.49980142116546633,10
425,0.3499599635601044,10
426,0.7670990884304046,10
427,0.3118863582611084,10
428,0.5093808770179749,10
429,0.43603572249412537,10
430,0.8709230840206146,10
431,0.3711840033531189,10
432,0.6368847489356995,10
433,0.6940076529979706,10
434,0.539463222026825,10
436,0.49651076197624205,10
437,0.8903944909572601,10
438,0.6950721800327301,10
440,0.4952563226222992,10
441,0.8442341685295105,10
442,0.6933130621910095,10
443,0.7826953828334808,10
444,0.6717842221260071,10
445,0.7889568090438843,10
446,0.6795880436897278,10
449,0.6865049839019776,10
450,0.7468645095825195,10
451,0.7749791542689005,9
452,0.570796674489975,10
454,0.6943244576454163,10
455,0.699721223115921,10
457,0.43011060953140257,10
458,0.6009781539440155,10
459,0.5791198909282684,10
460,0.7839798748493194,10
461,0.6209008455276489,10
462,0.7618290185928345,10
463,0.5099634766578675,10
464,0.7938603699207306,10
465,0.48942068219184875,10
466,0.34688627123832705,10
469,0.8997265636920929,10
470,0.3224798500537872,10
471,0.5594681799411774,10
472,0.6932073771953583,10
473,0.6933529019355774,10
474,0.7760999798774719,10
475,0.6528104782104492,10
476,0.6493153750896454,10
477,0.7988532781600952,10
478,0.7644884586334229,10
479,0.4917257487773895,10
481,0.700836044549942,10
482,0.4160442590713501,10
483,0.5490177154541016,10
484,0.32838213443756104,10
485,0.5947717905044556,10
486,0.6662293195724487,10
487,0.6448384463787079,10
488,0.6980786979198456,10
489,0.7031244397163391,10
490,0.7041522026062011,10
491,0.8921078324317933,10
492,0.9074200749397278,10
494,0.4263215184211731,10
495,0.40794257521629335,10
496,0.474921315908432,4
497,0.41163037419319154,10
499,0.7269761860370636,10
500,0.6283794403076172,10
501,0.9953874111175537,10
503,0.5581946074962616,10
504,0.4511473119258881,10
505,0.757282167673111,10
506,0.6077810287475586,10
507,0.5976743578910828,10
508,0.7741223692893981,10
509,0.47585892081260683,10
510,0.6180317580699921,10
511,0.5085776805877685,10
512,0.7935722470283508,10
514,0.793665885925293,10
515,0.5972828984260559,10
519,0.4095771491527557,10
520,0.49843082427978513,10
521,0.7272664606571198,10
524,0.3669040560722351,10
525,0.7678011357784271,10
526,0.5219473600387573,10
527,0.5906559646129608,10
528,0.7181540131568909,10
529,0.3442994952201843,3
530,0.5176839590072632,10
531,0.7258601427078247,10
533,0.4719094932079315,10
534,0.30000498294830324,10
535,0.5778505563735962,10
536,0.3074983060359955,10
538,0.7058471083641052,10
539,0.500895231962204,10
540,0.5891194999217987,10
541,0.8863263845443725,10
542,0.7919871926307678,10
545,0.5067282676696777,10
548,0.7181638538837433,10
549,0.6020347058773041,10
550,0.464752995967865,10
551,0.5060765206813812,10
552,0.4289240062236786,10
553,0.7057746052742004,10
554,0.6189860820770263,10
555,0.7833042800426483,10
556,0.7409757256507874,10
557,0.6297140657901764,10
558,0.28347969651222227,10
559,0.6003272652626037,10
561,0.5023125231266021,10
562,0.6140823602676392,10
563,0.8065425753593445,10
564,0.5314105212688446,10
565,0.35169570446014403,10
566,0.48222739100456236,10
568,0.6048359870910645,10
569,0.3446175932884216,10
571,0.3098608672618866,10
572,0.5556877851486206,10
573,0.5723781526088715,10
574,0.7447056353092194,10
575,0.31526007056236266,10
577,0.4516139984130859,10
581,0.5244247794151307,10
582,0.3507978618144989,6
585,0.4262639880180359,10
586,0.5017677366733551,10
589,0.6926464557647705,10
590,0.6034838140010834,10
592,0.8103020370006562,10
593,0.8661083996295929,10
594,0.5330132722854615,10
595,0.4921348989009857,10
600,0.2707449972629547,10
601,0.5208129525184632,10
602,0.5005379498004914,10
603,0.3374415159225464,10
604,0.493282687664032,10
605,0.2988472104072571,10
606,0.6229537725448608,10
607,0.6806522369384765,10
608,0.4886311709880829,10
610,0.21062775254249572,10
611,0.5211972713470459,10
612,0.6254025578498841,10
613,0.5001754820346832,10
614,0.8031012296676636,10
617,0.2952666027205331,7
618,0.5430547535419464,10
619,0.7975204050540924,10
620,0.7017558872699737,10
621,0.8535295903682709,10
623,0.6108113586902618,10
624,0.4728829085826874,10
625,0.5905031621456146,10
626,0.598901242017746,10
627,0.6176578164100647,10
629,0.5202286839485168,10
630,0.695738536119461,10
631,0.6116350591182709,10
632,0.8830258131027222,10
633,0.32625613212585447,10
634,0.8955856502056122,10
635,0.6960450410842896,10
637,0.6043307840824127,10
638,0.5043609976768494,10
639,0.5863287031650544,10
642,0.2731081128120422,10
643,0.560274314880371,10
644,0.6888164341449737,10
645,0.511338609457016,10
646,0.4744755864143372,10
647,0.6030562520027161,10
648,0.10064629912376404,10
649,0.3620059609413147,10
650,0.6245655179023742,10
651,0.878646731376648,10
652,0.2495473176240921,4
653,0.4319234132766724,10
655,0.5041737675666809,10
657,0.8063184440135955,10
660,0.7990823447704315,10
661,0.7940379858016968,10
663,0.30043423771858213,10
665,0.626564872264862,10
666,0.5099876403808594,10
668,0.46787697076797485,10
669,0.5955906450748444,10
670,0.5855441629886627,10
671,0.6865812420845032,10
673,0.5484712243080139,10
674,0.4008252263069153,10
675,0.41438294649124147,10
676,0.5873107969760895,10
677,0.6605909109115601,10
679,0.5441398084163666,10
680,0.6198686480522155,10
681,0.7943087935447692,10
684,0.7094514071941376,10
685,0.4353176712989807,10
686,0.4712657928466797,10
687,0.3339494466781616,10
688,0.7088007152080535,10
690,0.4164949059486389,10
691,0.6030937314033509,10
692,0.4019750773906708,10
695,0.4021023094654083,10
696,0.7260433197021484,10
697,0.6268772184848785,10
698,0.5441718757152557,10
699,0.6067199885845185,10
700,0.7043752372264862,10
701,0.8457529246807098,10
702,0.41737923622131345,10
703,0.7802482783794403,10
704,0.9896575212478638,10
705,0.5843068480491638,10
706,0.9251233458518981,10
707,0.4159387111663818,10
708,0.5930132448673249,10
709,0.7051770925521851,10
710,0.7777705371379853,10
711,0.6037725329399108,10
712,0.7884411156177521,10
713,0.6674396395683289,10
714,0.4391734838485718,10
715,0.5041741013526917,10
716,0.6928381562232971,10
718,0.45396831035614016,10
719,0.663454669713974,10
720,0.32282825112342833,10
721,0.7646844029426575,10
723,0.8218467175960541,10
724,0.6792664051055908,10
727,0.3925101518630981,10
728,0.5904913663864135,10
730,0.6373327374458313,10
731,0.6177071332931519,10
736,0.6528501570224762,10
740,0.1954369068145752,10
741,0.7116720497608184,10
742,0.8191702961921692,10
745,0.4682010591030121,10
746,0.30116432905197144,10
747,0.6027179718017578,10
748,0.5777105450630188,10
751,0.6992992222309112,10
752,0.3862059533596039,10
753,0.7282500565052032,10
754,0.7067863762378692,10
755,0.6903525054454803,10
756,0.5920112073421478,10
757,0.6012852013111114,10
759,0.7026192009449005,10
760,0.9977109491825104,10
761,0.2283325672149658,10
762,0.6549942851066589,10
764,0.4957076370716095,10
765,0.6959839940071106,10
766,0.712682569026947,10
767,0.6041501283645629,10
768,0.3113218665122986,10
769,0.44986658692359927,10
770,0.7398390591144561,10
771,0.6053563952445984,10
772,0.6111332237720489,10
773,0.48752249479293824,10
775,0.4125465452671051,10
776,0.3652221024036407,10
781,0.6929606318473815,10
782,0.7377172470092773,10
783,0.8368889689445496,10
784,0.5986692011356354,10
785,0.5018108010292053,10
786,0.10612621307373046,10
787,0.3651815474033356,10
788,0.8605218350887298,10
789,0.3718962609767914,10
790,0.6485422313213348,10
791,0.5052395224571228,10
792,0.5739226877689362,10
793,0.7935833275318146,10
794,0.42638109922409057,10
795,0.2680588364601135,10
796,0.7935421288013458,10
797,0.3460210959116618,3
798,0.8000128746032715,10
799,0.3215724050998688,10
801,0.9911573231220245,10
802,0.4086730480194092,10
803,0.4114256739616394,10
804,0.6731096029281616,10
805,0.7224395573139191,10
806,0.28191404342651366,10
808,0.21266497373580934,10
810,0.506608760356903,10
811,0.43962518572807313,10
813,0.6287945568561554,10
814,0.8036729037761688,10
815,0.519431060552597,10
816,0.6050863265991211,10
819,0.719858980178833,10
820,0.6170636177062988,10
821,0.3442804396152496,10
822,0.4985921800136566,10
823,0.627404409646988,10
824,0.6373291850090027,10
825,0.8911292731761933,10
826,0.8634282648563385,10
827,0.34768363237380984,10
828,0.5269488155841827,10
829,0.49381719827651976,10
831,0.45279579758644106,10
833,0.7947818338871002,10
834,0.8885002315044404,10
835,0.8104453563690186,10
836,0.45300893783569335,10
840,0.7958477437496185,10
841,0.5951050460338593,10
843,0.5493163526058197,10
844,0.20527867078781128,10
847,0.702805495262146,10
848,0.44031848907470705,10
849,0.6824336886405945,10
852,0.6236088335514068,10
853,0.7496997475624084,10
854,0.501179325580597,10
855,0.6686479568481445,10
856,0.7208064377307892,10
857,0.49716939926147463,10
858,0.3079263925552368,10
859,0.40675615072250365,10
860,0.3034188449382782,10
861,0.32481435537338255,10
864,0.3515900015830994,10
865,0.513567852973938,10
866,0.40062029361724855,10
867,0.6965116620063782,10
869,0.5079688370227814,10
870,0.3612531960010529,10
871,0.7009365320205688,10
872,0.8802730321884156,10
873,0.3962813138961792,5
875,0.7209091305732727,10
876,0.6986639857292175,10
877,0.6297462582588196,10
878,0.7653163552284241,10
879,0.5209705233573914,10
882,0.600143563747406,10
883,0.7126177489757538,10
884,0.4044703125953674,10
886,0.5052225589752197,10
890,0.6317690193653107,10
891,0.8951122999191284,10
895,0.44477605223655703,10
899,0.5978296339511872,10
900,0.7435083866119385,10
902,0.4493994414806366,10
903,0.8573183953762055,10
904,0.8384879052639007,10
905,0.20966854691505432,10
906,0.6965799808502198,10
908,0.6150442898273468,10
909,0.7704884588718415,10
910,0.3900662839412689,10
911,0.7041307687759399,10
912,0.5069273054599762,10
914,0.4485278069972992,10
915,0.5044772207736969,10
916,0.8090026438236236,10
917,0.5575442910194397,10
920,0.7039534330368042,10
923,0.7978333592414856,10
925,0.46800256967544557,10
927,0.7194974660873413,10
928,0.4992379367351532,10
929,0.411439323425293,10
930,0.48616002202034,10
931,0.6353124260902405,10
932,0.53282830119133,10
933,0.3571845948696136,10
934,0.4673891067504883,10
935,0.7991790294647216,10
936,0.7983237922191619,10
937,0.6910037219524383,10
938,0.6178021788597107,10
939,0.8325215935707092,10
940,0.6161911606788635,10
941,0.4784828066825867,10
942,0.7850040018558502,10
943,0.5017911076545716,10
944,0.7992379784584045,10
947,0.6006622433662414,10
948,0.49002758264541624,10
949,0.615276575088501,10
950,0.5099749803543091,10
951,0.7812881171703339,10
954,0.12341711521148682,10
955,0.5429566085338593,10
956,0.5547521829605102,10
957,0.3637588083744049,10
958,0.4856590092182159,10
959,0.6433732151985169,10
963,0.6979137897491455,10
964,0.7002756774425507,10
965,0.6153985142707825,10
975,0.569304797384474,9
979,0.8007912874221802,10
980,0.721895956993103,10
982,0.8809999585151672,10
983,0.6033996939659119,10
984,0.6710522949695588,10
986,0.5957572996616364,10
987,0.3483652055263519,10
988,0.8039341568946838,10
990,0.57743159532547,10
992,0.5025984148184458,6
993,0.5007794320583343,10
997,0.3596238672733307,10
999,0.3402526915073395,10
1000,0.578468257188797,10
1001,0.5622446715831757,10
1002,0.5110867857933045,10
1003,0.4347639799118042,10
1004,0.6957701683044434,10
1006,0.4557664215564728,10
1007,0.40714156031608584,10
1008,0.7017318665981293,10
1011,0.1488966941833496,9
1012,0.6680691003799438,10
1013,0.6993598759174346,10
1014,0.5242662489414215,10
1017,0.5156865656375885,10
1027,0.21911160945892333,5
1028,0.46177581548690794,10
1029,0.5926954878701104,9
1031,0.6092059671878814,10
1032,0.5429739713668823,10
1033,0.505445796251297,10
1035,0.6161106109619141,10
1036,0.5269859135150909,10
1037,0.7290321707725524,10
1038,0.7932117998600006,10
1041,0.6929968595504761,10
1042,0.773373544216156,10
1043,0.27148407101631167,10
1044,0.6973420441150665,10
1045,0.7504985213279725,10
1047,0.5030388057231903,10
1053,0.47894197702407837,10
1054,0.5130686521530151,10
1056,0.1473742127418518,7
1063,0.4145245671272278,10
1065,0.6315145671367646,10
1066,0.7289661705493927,10
1070,0.7434727132320404,10
1071,0.6059796392917634,10
1072,0.5923173248767852,10
1073,0.5787826120853424,10
1076,0.7482701063156127,10
1077,0.6289948344230651,5
1079,0.5939619243144989,10
1081,0.9976801693439483,10
1082,0.582241952419281,10
1084,0.23105327486991883,10
1087,0.50148885846138,10
1090,0.2933846294879913,10
1091,0.3997869431972504,10
1093,0.5127268897162544,9
1094,0.35411242842674256,10
1095,0.24955784678459167,10
1096,0.30662656426429746,10
1098,0.6334060430526733,10
1099,0.5796362698078156,10
1101,0.7989345848560333,10
1105,0.4971806824207306,10
1107,0.5598998665809631,10
1109,0.6209353566169739,10
1110,0.39893871545791626,10
1111,0.7094181299209594,10
1115,0.41200953125953677,10
1116,0.7040931165218354,10
1117,0.6039869368076325,10
1120,0.6174352433946397,9
1122,0.4051026463508606,10
1125,0.788254690170288,10
1126,0.5901767432689666,10
1127,0.7772436201572418,10
1130,0.6001106798648834,10
1132,0.8165617942810058,10
1133,0.4957737743854523,10
1136,0.6119345426559448,10
1138,0.5013649165630341,10
1140,0.6995180964469909,10
1142,0.7966629564762115,10
1143,0.5616687357425689,10
1144,0.5240343332290649,10
1145,0.3778209686279297,10
1146,0.6083705842494964,10
1147,0.44019976258277893,10
1148,0.30852980017662046,10
1149,0.5077565371990204,10
1150,0.6940046429634095,10
1152,0.6982385158538819,10
1155,0.553862988948822,10
1156,0.20388365387916565,10
1157,0.6027824342250824,10
1159,0.37048513889312745,10
1160,0.5456314504146575,10
1161,0.5893645346164703,10
1162,0.5025646328926087,10
1163,0.684200519323349,10
1167,0.5115472733974457,10
1170,0.2806410610675812,10
1171,0.6503145575523377,10
1173,0.5789179921150207,10
1174,0.3532862663269043,10
1175,0.37072034180164337,8
1177,0.6780132055282593,10
1178,0.6717230916023255,10
1184,0.29769092202186587,10
1187,0.6985777735710144,10
1188,0.5706709206104279,10
1189,0.6561303555965423,10
1190,0.21718042492866516,10
1192,0.34803028106689454,10
1193,0.5156161546707153,10
1194,0.56271892786026,10
1197,0.4442133605480194,10
1198,0.6084365785121918,10
1199,0.52469881772995,10
1200,0.6024446249008178,10
1202,0.7918701112270355,10
1203,0.7455051004886627,10
1205,0.8023369073867798,10
1206,0.5817743301391601,10
1207,0.3012579560279846,10
1208,0.19089316129684447,10
1209,0.21045997738838196,10
1210,0.4343937635421753,10
1211,0.7988818466663361,10
1212,0.5044361650943756,10
1213,0.8934651911258698,10
1215,0.6877373099327088,10
1216,0.4623629629611969,10
1217,0.409975266456604,10
1218,0.5679071187973023,10
1219,0.7888458490371704,10
1225,0.473198390007019,10
1226,0.49810048937797546,10
1227,0.6857485115528107,10
1231,0.70409294962883,10
1232,0.5013316392898559,10
1233,0.8542069673538208,10
1234,0.600663560628891,10
1235,0.5830591678619385,10
1237,0.48824678659439086,10
1240,0.2891618192195892,10
1242,0.5177343904972076,10
1243,0.8052756369113923,10
1244,0.5017503499984741,10
1245,0.6921240329742432,10
1246,0.42455477714538575,10
1247,0.4036272168159485,10
1249,0.5317243218421936,10
1250,0.25352987051010134,10
1251,0.5299637079238891,10
1252,0.6724063396453858,10
1253,0.3263110339641571,10
1254,0.6040939748287201,10
1255,0.20187532305717468,10
1256,0.5050822675228119,10
1257,0.9043892025947571,10
1258,0.3044094443321228,10
1259,0.45907161831855775,10
1260,0.7515020489692688,10
1261,0.5998656928539277,10
1262,0.6876154363155365,10
1263,0.6972043097019196,10
1264,0.41986811757087705,10
1265,0.7135364353656769,10
1267,0.6154575824737549,10
1268,0.6746214807033539,10
1269,0.5143355667591095,10
1270,0.6999790668487549,10
1271,0.9971904575824737,10
1274,0.4141708970069885,10
1275,0.6160437822341919,10
1277,0.879280400276184,10
1278,0.2942243814468384,10
1288,0.785761022567749,10
1289,0.7178420782089233,10
1290,0.297483366727829,10
1291,0.4242076396942139,10
1293,0.684490042924881,10
1294,0.6956481099128723,10
1295,0.8126075565814972,10
1297,0.11108282208442688,10
1298,0.30118192434310914,10
1299,0.3011244356632233,10
1300,0.23796104192733764,10
1301,0.5479637980461121,10
1302,0.5034656167030335,10
1303,0.6186562538146972,10
1304,0.5776576638221741,10
1305,0.5652764081954956,10
1306,0.7026529312133789,10
1307,0.8594705104827881,10
1308,0.20207139253616332,10
1309,0.4241124093532562,10
1310,0.43791242837905886,10
1312,0.9000021457672119,10
1313,0.7663945615291595,10
1314,0.37557849287986755,10
1315,0.8309973955154419,10
1317,0.7047113955020905,10
1318,0.5102009177207947,10
1319,0.8028331875801087,10
1320,0.47170305252075195,4
1321,0.5757359683513641,10
1322,0.6070496141910553,10
1323,0.5027518510818482,10
1324,0.4635519027709961,10
1325,0.3085924327373505,10
1326,0.22750290036201476,10
1329,0.4976375997066498,10
1330,0.47288753390312194,10
1331,0.5914745569229126,10
1333,0.5939780354499817,10
1334,0.3236702799797058,10
1335,0.6353311240673065,10
1336,0.47581560015678404,10
1337,0.848601758480072,10
1338,0.48625594973564146,10
1339,0.8095741093158721,10
1341,0.5823841273784638,10
1343,0.5303165972232818,10
1345,0.7139495491981507,10
1346,0.4536423861980438,10
1348,0.6429338455200195,10
1350,0.7159429728984833,10
1351,0.8675132691860199,10
1352,0.43659114837646484,10
1353,0.7608743369579315,10
1354,0.5165713787078857,10
1355,0.7885053873062133,10
1356,0.7874588251113892,10
1358,0.476342511177063,10
1362,0.729889178276062,10
1364,0.5118544518947601,10
1365,0.4159943640232086,10
1367,0.6987199008464813,10
1368,0.46257643699645995,10
1370,0.694537204504013,10
1371,0.5868510365486145,10
1372,0.4444373309612274,10
1373,0.5892693340778351,10
1375,0.4999082922935486,10
1376,0.49247673749923704,10
1377,0.5560097754001617,10
1378,0.19712077379226683,10
1379,0.9295854568481445,10
1380,0.5634724080562592,10
1381,0.5857447445392608,10
1382,0.5122332751750946,10
1383,0.6379760384559632,10
1385,0.46386263966560365,10
1387,0.6955383121967316,10
1390,0.5041886985301971,10
1391,0.588183706998825,10
1396,0.7647800326347352,10
1397,0.3920202493667603,10
1398,0.40581828355789185,10
1400,0.5601101100444794,10
1401,0.8212956547737121,10
1402,0.7624154269695282,10
1403,0.6161477029323578,10
1404,0.49473639726638796,10
1405,0.5274431884288788,10
1406,0.19241504669189452,10
1407,0.1954946458339691,10
1408,0.5996336221694947,10
1409,0.3799599468708038,10
1410,0.45956721901893616,10
1411,0.30194852948188783,10
1412,0.776166844367981,10
1413,0.6856234014034271,10
1414,0.7629664540290833,10
1415,0.5211719274520874,10
1416,0.42574858069419863,10
1417,0.5943040788173676,10
1419,0.4971521615982056,10
1420,0.6471320033073426,10
1421,0.5129478931427002,10
1422,0.4310882866382599,10
1423,0.6112035810947418,10
1424,0.29485440254211426,10
1425,0.6257345378398895,10
1426,0.4741698443889618,10
1427,0.6037088871002197,10
1428,0.43709850311279297,10
1430,0.8886465191841125,10
1431,0.6005845069885254,10
1433,0.609111875295639,10
1434,0.46445234417915343,10
1435,0.4420561075210571,10
1436,0.5089121580123901,10
1437,0.5121093571186066,10
1439,0.6088025152683259,10
1442,0.8697456598281861,10
1443,0.45186731219291687,10
1444,0.7000107347965241,10
1445,0.6284618198871612,10
1446,0.3154966294765472,10
1447,0.5684701383113862,10
1448,0.5608404159545899,10
1449,0.6964372038841248,10
1450,0.6081020653247833,10
1451,0.7525261640548706,8
1452,0.8103531241416931,10
1453,0.49926793575286865,10
1459,0.7761942267417907,10
1460,0.7102597415447235,10
1463,0.40642811059951783,10
1464,0.6388224184513092,10
1465,0.6001257717609405,10
1467,0.37771767377853394,10
1468,0.48137385249137876,10
1470,0.6056044399738312,10
1471,0.46604715585708617,10
1472,0.46281662583351135,10
1473,0.3961417019367218,10
1474,0.6212192475795746,10
1475,0.9363154172897339,10
1477,0.6050784289836884,10
1480,0.4362011909484863,10
1482,0.5106621205806732,10
1484,0.627281665802002,10
1488,0.4195886254310608,10
1489,0.6257331967353821,10
1491,0.593543404340744,10
1493,0.48201824426651,10
1496,0.5393783986568451,10
1497,0.6993140518665314,10
1498,0.7844073951244355,10
1499,0.5937429964542389,10
1500,0.5812359929084778,10
1501,0.7024729013442993,10
1502,0.6096773982048035,10
1503,0.43749741911888124,10
1504,0.3105818688869476,10
1506,0.7797115027904511,10
1508,0.9006810903549194,10
1509,0.8911656022071839,10
1510,0.4865141034126282,10
1511,0.3825293600559235,10
1512,0.3143927276134491,10
1513,0.4043076872825623,10
1514,0.6232185363769531,10
1515,0.5991038084030151,10
1516,0.537076199054718,10
1517,0.31665881872177126,10
1518,0.8008871912956238,10
1519,0.30290561318397524,10
1520,0.4558200776576996,10
1522,0.7505849003791809,10
1524,0.3800655364990234,10
1525,0.6183677017688751,10
1527,0.47081664204597473,10
1530,0.8984055936336517,10
1531,0.21839606165885925,10
1533,0.7965741753578186,10
1534,0.4179289281368256,10
1535,0.8286902129650116,10
1536,0.4671553075313568,10
1537,0.42158100605010984,10
1540,0.6476968407630921,10
1542,0.5004440248012543,10
1543,0.6211742639541626,10
1544,0.7013580203056335,10
1545,0.7987730085849762,10
1546,0.10241845846176148,10
1547,0.7575799643993377,10
1549,0.6290196299552917,10
1551,0.9853771030902863,10
1552,0.5010295033454895,10
1555,0.769655293226242,10
1556,0.10288249254226685,10
1557,0.6650241076946258,10
1558,0.7125669240951538,10
1559,0.5253052294254303,10
1560,0.7968713879585266,10
1561,0.634979522228241,10
1563,0.6758583307266235,10
1566,0.5995415329933167,10
1567,0.38088377118110656,10
1568,0.4727849245071411,10
1570,0.5016299545764923,10
1571,0.7050477087497711,10
1572,0.6343400418758393,10
1574,0.42059715986251833,10
1575,0.19743282198905945,10
1576,0.8507194578647613,10
1577,0.5229871511459351,10
1578,0.29483929872512815,10
1579,0.6010114967823028,10
1580,0.5233830034732818,10
1581,0.3976223826408386,10
1582,0.34613173007965087,10
1583,0.9885601818561554,10
1585,0.9238667368888855,10
1586,0.3510696828365326,10
1588,0.26335725784301756,10
1589,0.31856892108917234,10
1590,0.35279778838157655,10
1591,0.4595198094844818,10
1593,0.7147622466087341,10
1594,0.4329317629337311,10
1597,0.32599605321884156,10
1598,0.3224847733974457,10
1599,0.6912069261074066,10
1602,0.6554296851158142,10
1603,0.3730013892054558,8
1604,0.6137720227241517,10
1607,0.7014874935150146,10
1608,0.6919861793518066,10
1610,0.30053916573524475,10
1611,0.9908874750137329,10
1613,0.4933841168880463,10
1616,0.4162659287452698,10
1617,0.5982802331447601,10
1618,0.806039559841156,10
1619,0.6015591204166413,10
1620,0.5950416207313538,10
1621,0.800859797000885,10
1622,0.5605253994464874,10
1623,0.6187943518161774,10
1624,0.666234917110867,9
1625,0.7021923542022706,10
1626,0.8945025444030762,10
1627,0.7980761408805848,10
1628,0.39896342158317566,10
1629,0.25866318345069883,10
1631,0.6898995637893677,10
1632,0.5003835260868073,10
1633,0.8761354744434356,10
1634,0.7135308504104614,10
1635,0.8332296550273895,10
1636,0.42701771259307864,10
1637,0.9097110271453858,10
1638,0.4195066332817078,10
1640,0.5226654052734375,10
1641,0.5764595985412597,10
1644,0.6322634160518646,10
1645,0.9424268901348114,10
1647,0.1559212863445282,10
1648,0.28513280749320985,10
1649,0.6106939613819122,10
1650,0.635448545217514,10
1651,0.5128372311592102,10
1653,0.6925177037715912,10
1654,0.798027241230011,10
1656,0.6997432053089142,10
1657,0.3599760591983795,10
1660,0.39168038964271545,10
1662,0.5931641697883606,10
1663,0.43665030002593996,10
1665,0.7963388085365295,10
1666,0.31346282958984373,10
1668,0.7857382476329804,10
1669,0.7043065786361694,10
1672,0.1979127883911133,10
1673,0.40313968658447263,10
1674,0.6967289507389068,10
1678,0.7929938316345215,10
1679,0.7883854985237122,10
1680,0.40459008812904357,10
1681,0.7054269909858704,10
1682,0.6178729832172394,10
1684,0.4006973206996918,10
1686,0.8346513211727142,10
1687,0.5954884350299835,10
1688,0.7925700187683106,10
1690,0.45767573118209837,10
1691,0.710434365272522,10
1692,0.8991609394550324,10
1693,0.6972817182540894,10
1694,0.8531722784042358,10
1695,0.7435944616794586,10
1697,0.3795973300933838,10
1698,0.801797729730606,10
1699,0.5014809727668762,10
1700,0.3932296931743622,10
1701,0.3017338514328003,10
1702,0.5561868667602539,10
1703,0.6242050468921662,10
1705,0.4083830893039703,10
1706,0.5984361469745636,10
1707,0.6867550671100616,10
1708,0.589076167345047,10
1709,0.7151378571987153,10
1710,0.7009511172771454,10
1711,0.5330798923969269,10
1712,0.5640652716159821,10
1713,0.3479110836982727,10
1714,0.5057927012443543,10
1715,0.6594900071620942,10
1716,0.30460352301597593,10
1717,0.623986953496933,10
1718,0.2011950433254242,10
1719,0.5487814903259277,10
1720,0.797242921590805,10
1721,0.43842331171035764,10
1722,0.8995229959487915,10
1723,0.5401013553142547,10
1724,0.3012239754199982,10
1725,0.18742742538452148,10
1726,0.7688177108764649,10
1727,0.6820293009281159,10
1729,0.5802362740039826,10
1730,0.5883702337741852,10
1731,0.661334079504013,10
1735,0.6103699505329132,10
1738,0.7092326879501343,10
1744,0.5864760041236877,10
1748,0.4921083152294159,10
1749,0.6252383649349212,10
1750,0.7020585000514984,10
1751,0.6992047131061554,10
1752,0.2605020046234131,10
1753,0.8278936207294464,10
1757,0.6895195484161377,10
1758,0.34258700609207154,10
1760,0.7365221798419952,10
1768,0.7987200021743774,10
1770,0.669729471206665,10
1771,0.6952070415019989,10
1772,0.8964988052845001,10
1773,0.6518148899078369,10
1775,0.6371232032775879,10
1777,0.7498013436794281,10
1779,0.19356916546821595,10
1780,0.600901073217392,10
1781,0.8184233546257019,10
1782,0.6205029308795929,10
1783,0.4419850766658783,10
1784,0.6621083974838257,10
1785,0.6501343429088593,10
1789,0.34793468032564434,7
1790,0.39954901933670045,10
1792,0.5433894455432892,10
1793,0.40192797780036926,10
1794,0.5931375563144684,10
1796,0.7102601528167725,10
1797,0.5075866878032684,10
1799,0.5125672876834869,10
1800,0.44147894978523256,10
1802,0.23418439030647278,10
1803,0.6894737422466278,10
1804,0.6029462218284607,10
1806,0.7190058946609497,10
1812,0.4494526982307434,10
1814,0.6501310884952545,10
1815,0.5019514620304107,10
1816,0.603665953874588,10
1817,0.20662599205970764,10
1819,0.5938709318637848,10
1820,0.6406135141849518,10
1821,0.4882528126239777,10
1822,0.6002699553966522,10
1823,0.3022879183292389,10
1824,0.5602947890758514,10
1826,0.3977235615253448,10
1827,0.6999268591403961,10
1829,0.7038726210594177,10
1830,0.41210930943489077,10
1831,0.7139773964881897,10
1832,0.5053872883319854,10
1833,0.6575162827968597,10
1835,0.798563027381897,10
1836,0.6621536016464233,10
1837,0.3057065844535828,10
1844,0.5179583251476287,10
1853,0.6895658373832703,10
1855,0.6997303187847137,10
1857,0.32766618132591246,10
1859,0.31988937258720396,10
1860,0.5289815425872803,10
1861,0.49794653058052063,10
1862,0.7532247751951218,4
1865,0.6114182114601135,10
1866,0.6163601636886596,10
1867,0.5486225068569184,10
1869,0.7964455008506774,10
1871,0.21556851267814636,10
1873,0.25766056776046753,10
1875,0.6846585154533387,10
1877,0.7515925586223602,10
1878,0.5014003157615662,10
1879,0.7793205380439758,10
1881,0.6108812093734741,10
1884,0.5037425756454468,10
1887,0.24305962324142455,10
1890,0.5007495999336242,10
1891,0.20390060544013977,10
1894,0.7048274338245392,10
1896,0.4040765821933746,10
1897,0.8926413118839264,10
1898,0.4542934656143188,10
1899,0.6201831042766571,10
1901,0.5125621140003205,10
1902,0.5781991899013519,10
1907,0.988731050491333,10
1908,0.39470393061637876,10
1909,0.20590847134590148,10
1910,0.4841328263282776,10
1912,0.5513442397117615,10
1913,0.2861815571784973,10
1915,0.6693277060985565,10
1916,0.713027811050415,10
1917,0.7895983040332795,10
1919,0.41344705820083616,10
1920,0.6200075387954712,10
1923,0.1727262020111084,10
1924,0.5246944665908814,10
1925,0.577651709318161,10
1927,0.25456740856170657,10
1931,0.30583761930465697,10
1932,0.21028107404708862,10
1933,0.5372844517230988,10
1934,0.042966365814208984,4
1935,0.6278737962245942,10
1936,0.33064802289009093,10
1937,0.4012563943862915,10
1938,0.2997212665421622,7
1939,0.41396103501319886,10
1940,0.4167513966560364,10
1941,0.8359924256801605,10
1942,0.5946685314178467,10
1943,0.6046950161457062,10
1945,0.3736913621425629,10
1946,0.20615694522857667,10
1947,0.6395863592624664,10
1950,0.4184321403503418,10
1952,0.37142709642648697,8
1953,0.11632888317108155,10
1954,0.4494728922843933,10
1956,0.6851191997528077,10
1958,0.390254420042038,10
1959,0.49785380959510805,10
1960,0.4515678346157074,10
1961,0.8938461303710937,10
1962,0.7697884559631347,10
1963,0.4759826481342316,10
1964,0.39871847033500674,10
1965,0.9390791535377503,10
1969,0.29931398630142214,10
1970,0.6274813950061798,10
1972,0.8499860465526581,10
1973,0.9842712223529816,10
1974,0.6904151499271393,10
1975,0.21546000242233276,5
1977,0.7412322044372559,10
1981,0.24082401990890503,10
1982,0.4637279510498047,10
1983,0.8407746613025665,10
1984,0.26790685057640073,10
1985,0.5983770310878753,10
1986,0.5695932924747467,10
1987,0.4046837389469147,10
1989,0.4706881582736969,10
1991,0.46538150906562803,10
1992,0.48910523653030397,10
1993,0.7917463421821594,10
1994,0.5621323943138122,10
1996,0.6627817617522346,9
1997,0.7898632049560547,10
1998,0.7023947060108184,10
2000,0.5991343557834625,10
2001,0.6201310873031616,10
2002,0.7831575632095337,10
2003,0.6656183898448944,10
2004,0.42645161151885985,10
2011,0.8237887024879456,10
2012,0.5000482946634293,4
2014,0.7084885495049613,7
2016,0.6681176483631134,10
2025,0.43462046384811404,10
2026,0.3991487979888916,5
2030,0.5423786699771881,10
2031,0.7149377346038819,10
2033,0.689761632680893,10
2036,0.2717977106571198,10
2037,0.4075355172157288,10
2038,0.8305532753467559,10
2040,0.3775659501552582,10
2043,0.4135763108730316,10
2044,0.38121392130851744,10
2047,0.8369265794754028,10
2049,0.6191843569278717,10
2051,0.7041125774383545,10
2060,0.6017416536808013,10
2061,0.6298913717269897,10
2063,0.5122104942798614,10
2065,0.12859930396080016,10
2066,0.385728158056736,8
2068,0.2516908124089241,8
2072,0.44117501378059387,10
2073,0.7049923181533814,10
2074,0.46861788299348617,9
2075,0.5960909247398376,10
2076,0.570746648311615,10
2077,0.629436981678009,10
2078,0.5998926103115082,10
2079,0.8917306184768676,10
2080,0.49925564527511596,10
2081,0.702045327425003,10
2082,0.7013498246669769,10
2083,0.45386000275611876,10
2086,0.5981887340545654,10
2087,0.8462905883789062,10
2088,0.6017230570316314,10
2089,0.6790749251842498,10
2090,0.6227399408817291,10
2091,0.8910990834236145,10
2092,0.3187589943408966,10
2093,0.4208665728569031,10
2094,0.6837262272834778,10
2095,0.3218135952949524,10
2096,0.5693474650382996,10
2097,0.646539431810379,10
2098,0.9784144222736358,10
2099,0.20930290818214417,10
2100,0.4440301120281219,10
2101,0.46618394056955975,6
2102,0.7068148672580719,10
2104,0.4113511979579926,10
2105,0.8576565504074096,10
2106,0.23874059319496155,10
2110,0.6021900951862336,10
2111,0.6738283236821493,3
2114,0.4983408570289612,10
2115,0.8104547739028931,10
2116,0.6009325444698334,10
2119,0.3707336485385895,10
2120,0.17391661405563355,10
2121,0.6281216681003571,10
2122,0.8972684621810914,10
2123,0.7067258536815644,10
2125,0.547161066532135,10
2127,0.3847881257534027,10
2128,0.16998021006584169,10
2129,0.995355898141861,10
2130,0.5822507560253143,10
2131,0.5020611643791199,10
2132,0.5035429060459137,10
2133,0.708671897649765,10
2134,0.5013684570789337,10
2135,0.658602100610733,10
2136,0.396238374710083,10
2137,0.7934175670146942,10
2138,0.30446096062660216,10
2139,0.6730310559272766,10
2140,0.7901104629039765,10
2143,0.6976066112518311,10
2144,0.2025576949119568,10
2146,0.5711608290672302,10
2147,0.3045033276081085,10
2148,0.29654582142829894,10
2149,0.4248921871185303,10
2150,0.9005379915237427,10
2151,0.5995061814785003,10
2153,0.8838200867176056,10
2154,0.8976481676101684,10
2156,0.6015355348587036,10
2157,0.665731567144394,10
2159,0.791973876953125,10
2160,0.8005600810050965,10
2161,0.4097077548503876,10
2162,0.45841144323349,10
2163,0.6287097871303559,10
2164,0.885813570022583,10
2165,0.6125215709209442,10
2166,0.21237192749977113,10
2168,0.6588836312294006,10
2169,0.17859742641448975,10
2171,0.7952736377716064,10
2172,0.5956695020198822,10
2173,0.5801364064216614,10
2174,0.8789630711078644,10
2175,0.3346472978591919,10
2176,0.9589597404003143,10
2178,0.5406374260783195,8
2179,0.8933958351612091,10
2180,0.3954054474830627,10
2181,0.603226262331009,10
2186,0.7821301221847534,6
2189,0.5062343716621399,10
2190,0.6020662546157837,10
2192,0.8892220556735992,10
2193,0.6906588613986969,10
2194,0.4487967014312744,10
2195,0.5937036097049713,10
2196,0.39727236032485963,10
2197,0.45739243030548093,10
2198,0.7780426502227783,10
2199,0.5596873104572296,10
2200,0.619907021522522,10
2201,0.7339630126953125,10
2203,0.1581534266471863,10
2205,0.42672331929206847,10
2206,0.2995451271533966,10
2207,0.7682950317859649,10
2209,0.6881523191928863,10
2210,0.6987234234809876,10
2211,0.8994378507137298,10
2212,0.9262187480926514,10
2213,0.9043214976787567,10
2214,0.6575074851512909,10
2215,0.5887841641902923,10
2216,0.835661381483078,10
2217,0.6054488718509674,10
2223,0.6350584089756012,10
2224,0.41934812664985655,10
2225,0.41428243517875674,10
2226,0.7383511066436768,10
2228,0.49023277759552003,10
2229,0.7187033653259277,10
2230,0.794324791431427,10
2232,0.5585158407688141,10
2234,0.5114196896553039,10
2235,0.5010701656341553,10
2236,0.7168931722640991,10
2238,0.49341932535171507,10
2240,0.28306081891059875,10
2242,0.401402485370636,10
2243,0.6203911781311036,10
2247,0.4366764485836029,10
2248,0.8014022231101989,10
2249,0.7152803540229797,10
2250,0.7919118344783783,10
2251,0.8382382571697236,10
2252,0.7752598285675049,10
2253,0.6020421266555787,10
2254,0.609718245267868,10
2256,0.8067484259605407,10
2258,0.530424028635025,10
2259,0.8010819733142853,10
2260,0.4868274569511414,10
2262,0.3895398020744324,10
2263,0.7904535055160522,10
2264,0.4345690608024597,10
2265,0.8519933760166168,10
2266,0.6751235663890839,10
2268,0.8961623847484589,10
2271,0.6742256939411163,10
2272,0.6105650007724762,10
2275,0.150723659992218,10
2277,0.7710051536560059,10
2280,0.5706100225448608,10
2281,0.4446623921394348,10
2283,0.4144631803035736,10
2284,0.4832983732223511,10
2285,0.39903329610824584,10
2287,0.6051170110702515,10
2288,0.2542107760906219,10
2290,0.6248086750507355,10
2294,0.415879613161087,10
2295,0.6043663620948792,10
2296,0.7039767503738403,10
2297,0.21037169694900512,10
2298,0.7980729818344117,10
2299,0.29699006080627444,10
2300,0.5236810922622681,10
2301,0.5750747144222259,10
2303,0.5005417883396148,10
2304,0.6019146323204041,10
2306,0.7091348350048066,10
2307,0.4988163113594055,10
2308,0.3168704271316528,10
2310,0.7012656569480896,10
2311,0.40587917566299436,10
2312,0.5355490684509278,10
2314,0.7094241261482239,10
2315,0.3383521378040314,10
2316,0.5936033427715302,10
2317,0.43558505177497864,10
2318,0.36804636716842654,10
2319,0.39039666453997296,6
2320,0.5914663672447205,6
2322,0.7871852815151215,10
2324,0.53306924700737,10
2326,0.5101608753204345,10
2331,0.4081833600997925,10
2334,0.7713382482528687,10
2335,0.686775517463684,10
2336,0.3016076862812042,10
2337,0.8119537591934204,10
2338,0.7014144957065582,10
2339,0.4048832952976227,10
2341,0.5409746527671814,10
2342,0.9756347298622131,10
2343,0.7148882925510407,10
2344,0.3415825545787811,10
2346,0.6477388858795166,10
2348,0.5000176727771759,10
2349,0.7348344922065735,10
2350,0.7142578840255738,10
2352,0.709487396478653,10
2353,0.7013441801071167,10
2354,0.21939440965652465,10
2356,0.5976392030715942,10
2357,0.504790586233139,10
2361,0.28609308174678255,7
2362,0.6011247992515564,10
2363,0.6852415442466736,10
2364,0.23620202541351318,10
2366,0.5963489472866058,10
2367,0.800854104757309,10
2368,0.7032521367073059,10
2369,0.31814982891082766,10
2370,0.6990240752696991,10
2371,0.681857830286026,10
2372,0.44951390027999877,10
2373,0.13993857502937318,10
2375,0.5952631771564484,10
2376,0.6038012802600861,10
2378,0.3904768109321594,10
2379,0.6006132960319519,10
2380,0.5828219711780548,10
2381,0.778229582309723,10
2383,0.5958021223545075,10
2384,0.6096725344657898,10
2385,0.8349441468715668,10
2386,0.6020017921924591,10
2387,0.4498553454875946,10
2388,0.5800921678543091,10
2389,0.42736850380897523,10
2390,0.7138309734208244,7
2391,0.7089181780815125,10
2392,0.8906101822853089,10
2393,0.6379651546478271,10
2394,0.6133750259876252,10
2395,0.7233683288097381,10
2396,0.5051333844661713,10
2397,0.7902817964553833,10
2398,0.4329553782939911,10
2399,0.8976641178131104,10
2400,0.5242051362991333,10
2401,0.6008524477481842,10
2402,0.6021089494228363,10
2403,0.34345831871032717,10
2404,0.5419255018234252,10
2405,0.6569219768047333,10
2406,0.6108497023582459,10
2407,0.42845832109451293,10
2408,0.5017812748750051,6
2409,0.32352338433265687,10
2410,0.7038995683193207,10
2412,0.4995716691017151,10
2417,0.7997558772563934,10
2418,0.20719862580299378,10
2421,0.4192360579967499,10
2422,0.7967727363109589,10
2425,0.5649749577045441,10
2426,0.5046686351299285,10
2427,0.702486914396286,10
2428,0.5703678667545319,10
2429,0.8171404540538788,10
2430,0.50506791472435,10
2431,0.4093426764011383,10
2433,0.11191381812095642,10
2435,0.38597127199172976,10
2436,0.5855146229267121,10
2440,0.46187799572944643,10
2442,0.5072533667087555,10
2443,0.5600303590297699,10
2444,0.6975652396678924,10
2446,0.5995748341083527,10
2447,0.7140644371509552,10
2448,0.5687242150306702,10
2450,0.1432701481713189,9
2452,0.7584109365940094,10
2453,0.7730348527431488,10
2455,0.5230721652507782,10
2456,0.8850726008415222,10
2457,0.7033880829811097,10
2458,0.5032876968383789,10
2463,0.7827655911445618,10
2464,0.744272255897522,10
2470,0.8006785035133361,10
2471,0.308090353012085,10
2472,0.5629378855228424,10
2473,0.25215674936771393,4
2474,0.7801433026790618,10
2476,0.8067350447177887,10
2478,0.988536274433136,10
2480,0.4104927122592926,10
2482,0.3310639798641205,10
2483,0.7966029345989227,10
2484,0.5113791406154633,10
2485,0.7317619979381561,10
2487,0.677584308385849,10
2489,0.5315827012062073,10
2492,0.5932735562324524,10
2494,0.41672704219818113,10
2495,0.4990528643131256,10
2496,0.4011421620845795,10
2497,0.3180646498998006,9
2499,0.6430346667766571,10
2502,0.003700888156890869,10
2503,0.4777196168899536,10
2507,0.4048544704914093,10
2510,0.4792273104190826,10
2511,0.8846426010131836,10
2513,0.3261509597301483,10
2515,0.3023270308971405,10
2516,0.586869353055954,10
2517,0.7017092764377594,10
2518,0.7925702929496765,10
2520,0.6397659659385682,10
2521,0.7013612806797027,10
2524,0.5058176696300507,10
2527,0.6018778502941131,10
2529,0.6061010181903839,10
2531,0.6003482162952423,10
2532,0.29903907179832456,10
2533,0.8036779284477233,10
2535,0.6555974364280701,10
2536,0.6118616580963134,10
2537,0.6002625346183776,10
2538,0.5058638513088226,10
2539,0.6520910918712616,10
2540,0.42779929637908937,10
2541,0.8116523683071136,10
2542,0.32463366389274595,10
2543,0.6252579033374787,10
2545,0.39585970640182494,10
2546,0.603881049156189,10
2547,0.4977721333503723,10
2549,0.4378984197974205,8
2550,0.22168329026963976,9
2553,0.7964941680431366,10
2554,0.8000433683395386,10
2555,0.5271067321300507,10
2557,0.489690899848938,10
2558,0.6276823818683624,10
2559,0.7501971900463105,10
2562,0.6895681023597717,10
2563,0.705081331729889,10
2566,0.4430766463279724,10
2567,0.3937399208545685,10
2569,0.7836068153381348,10
2570,0.5855723261833191,10
2572,0.2001139521598816,10
2573,0.6999799251556397,10
2574,0.5135385513305664,10
2577,0.6012908339500427,10
2578,0.610494726896286,10
2579,0.5195004045963287,10
2580,0.6023063659667969,10
2581,0.5000462114810944,10
2582,0.7050946712493896,10
2583,0.5813049674034119,10
2584,0.5405044496059418,10
2586,0.7365016937255859,6
2589,0.6301307559013367,10
2593,0.6129356026649475,10
2596,0.802275151014328,10
2597,0.7962133467197419,10
2598,0.5085235118865967,10
2599,0.6017507195472718,10
2600,0.5033004939556122,10
2602,0.7938517928123474,10
2603,0.3991324961185455,10
2604,0.6181797444820404,10
2605,0.656458956003189,10
2606,0.5597457170486451,10
2607,0.7924900710582733,10
2608,0.46857454180717467,10
2609,0.8115216255187988,10
2610,0.7647747278213501,10
2611,0.5651696205139161,10
2612,0.6858901262283326,10
2613,0.6692751705646515,10
2616,0.6442196726799011,10
2625,0.7956661105155944,10
2626,0.4284983277320862,7
2627,0.3075550734996796,10
2629,0.6254523277282715,10
2630,0.41189379351479666,7
2633,0.4399572849273682,10
2634,0.4646761218706767,9
2635,0.6849185347557067,10
2637,0.5169406533241272,10
2638,0.6012036085128785,10
2639,0.6165409862995148,10
2640,0.6987937211990356,10
2641,0.6784224212169647,10
2643,0.39190763235092163,10
2645,0.5897522747516633,10
2649,0.7427029252052307,10
2650,0.7991029620170593,5
2651,0.6407150685787201,10
2652,0.7282364726066589,10
2653,0.8391341030597687,10
2655,0.656348466873169,10
2656,0.6837773025035858,10
2657,0.3905639469623566,10
2664,0.6878543674945832,10
2665,0.6269760489463806,10
2666,0.4975224435329437,10
2667,0.6012916982173919,10
2668,0.3012565016746521,10
2669,0.7323850870132447,10
2672,0.200928795337677,10
2674,0.20659568905830383,10
2676,0.7061382174491883,10
2678,0.5837824881076813,10
2679,0.5001705527305603,10
2680,0.4868374168872833,10
2681,0.504286402463913,10
2688,0.41623862385749816,10
2689,0.4988942563533783,10
2690,0.2305904957983229,9
2693,0.7825956583023072,10
2697,0.3255106210708618,10
2698,0.4051362335681915,10
2699,0.803385591506958,10
2701,0.5742703199386596,10
2706,0.6891437590122222,10
2707,0.17981677651405334,10
2709,0.4926275610923767,10
2710,0.45863646268844604,10
2713,0.5118022561073303,10
2716,0.6739921987056732,10
2717,0.5260701954364777,10
2718,0.40166676640510557,10
2719,0.6839673697948456,10
2720,0.8886635601520538,10
2721,0.5861346364021301,10
2724,0.30897616744041445,10
2725,0.5717608451843261,10
2728,0.6953430712223053,10
2730,0.5139963209629059,10
2731,0.7760852754116059,10
2733,0.5847913324832916,10
2734,0.5653605878353118,10
2736,0.39247616529464724,10
2738,0.7543536484241485,10
2740,0.19166961908340455,10
2742,0.5024994552135468,10
2743,0.6017929196357727,10
2746,0.4975313799721854,7
2748,0.4999774217605591,10
2749,0.5541256844997406,10
2750,0.5909419119358063,10
2751,0.5370152056217193,10
2753,0.4012300193309784,10
2756,0.41910388469696047,10
2757,0.4497273087501526,10
2758,0.416300094127655,10
2759,0.5951248824596405,10
2760,0.34674811363220215,10
2762,0.308398962020874,10
2763,0.6062071681022644,10
2764,0.4152980625629425,10
2765,0.3034548044204712,10
2766,0.32189432382583616,10
2767,0.9248842835426331,10
2770,0.8939075231552124,10
2771,0.5465967059135437,10
2773,0.4996763229370117,10
2775,0.4721150279045105,10
2776,0.23818001747131348,10
2777,0.6457092523574829,10
2778,0.5178066074848175,10
2779,0.5068171381950378,10
2780,0.7650602579116821,10
2781,0.765452241897583,10
2782,0.5149496912956237,10
2783,0.8332635760307312,10
2784,0.6164980471134186,10
2785,0.20340919494628906,10
2788,0.5729018568992614,10
2791,0.4051175832748413,10
2792,0.5241820573806762,10
2793,0.6348410546779633,10
2794,0.6066831171512603,10
2795,0.5937367498874664,10
2799,0.23367583751678467,10
2800,0.7770561397075653,10
2806,0.6884335875511169,10
2808,0.6594817161560058,10
2809,0.5803229629993438,10
2811,0.12283478975296021,10
2812,0.7460914731025696,10
2814,0.28856916427612306,10
2816,0.4952910661697388,10
2817,0.42422872185707095,10
2818,0.40567067861557005,10
2819,0.48681593537330625,10
2821,0.5130860388278962,10
2823,0.509917265176773,10
2824,0.39218415021896363,10
2826,0.8430491507053375,10
2832,0.7259819865226745,10
2833,0.414479660987854,10
2836,0.5161597669124603,10
2838,0.8037378072738648,10
2839,0.46910898089408876,10
2840,0.4133893609046936,10
2841,0.6064314007759094,10
2842,0.7600021243095398,10
2843,0.22096327543258668,10
2844,0.7818012177944184,10
2845,0.3108523190021515,10
2853,0.7944682657718658,10
2854,0.8332290351390839,10
2855,0.41010957956314087,10
2856,0.6126733183860779,10
2857,0.3049624741077423,10
2858,0.5044358193874359,10
2860,0.6051025092601776,10
2863,0.8180511116981506,10
2864,0.42967102527618406,10
2866,0.45771527886390684,10
2867,0.5724130511283875,10
2868,0.20043917298316954,10
2871,0.7248617768287658,10
2872,0.6343454539775848,10
2875,0.5723052859306336,10
2876,0.6996380865573884,10
2878,0.3577416241168976,10
2879,0.8854386031627655,10
2881,0.48372033834457395,10
2884,0.7996367931365966,10
2885,0.3912717878818512,10
2887,0.6049690961837768,10
2888,0.5771059691905975,10
2889,0.9775433540344238,10
2891,0.4328133165836334,10
2895,0.40494424700737,10
2897,0.4177730083465576,10
2901,0.49667189717292787,10
2902,0.6997151374816895,10
2903,0.5013671815395355,10
2904,0.6943064630031586,10
2907,0.6379915177822113,10
2910,0.35941082835197447,10
2911,0.6720823287963867,10
2916,0.8995897710323334,10
2917,0.485162216424942,10
2918,0.6397908985614776,10
2919,0.8358135402202607,10
2920,0.4997524082660675,10
2921,0.47002328038215635,10
2922,0.489980137348175,10
2923,0.5013794813837323,7
2925,0.7887861490249634,10
2927,0.5268303155899048,10
2929,0.53771693110466,10
2932,0.8060697019100189,10
2933,0.8883520722389221,10
2935,0.3698787808418274,10
2936,0.6644650101661682,10
2937,0.49780277013778684,10
2938,0.5997402369976044,10
2940,0.47060133814811705,10
2941,0.36426329612731934,10
2942,0.7600521981716156,10
2943,0.5751807987689972,10
2944,0.7027470946311951,10
2946,0.3097052574157715,10
2947,0.43843829035758974,10
2952,0.1641254425048828,10
2955,0.4639065384864807,10
2956,0.3027681946754456,10
2957,0.3065262258052826,10
2958,0.7111803352832794,10
2960,0.715912538766861,10
2961,0.48558664321899414,10
2962,0.513272762298584,10
2963,0.6984017491340637,10
2965,0.42991469502449037,10
2968,0.7978027164936066,10
2970,0.7256463468074799,10
2971,0.38439826369285585,10
2972,0.40511810779571533,10
2974,0.5157092332839965,10
2975,0.6820090055465698,10
2978,0.39253103733062744,10
2979,0.3338748037815094,10
2980,0.4580387055873871,10
2981,0.8121687173843384,10
2986,0.6330957353115082,10
2987,0.655831515789032,10
2988,0.5049973964691162,10
2989,0.8444044113159179,10
2990,0.5916625082492828,10
2991,0.34247577786445615,10
2994,0.29234811663627625,10
2995,0.523697167634964,10
2996,0.2583969682455063,8
2997,0.5859445095062256,10
2998,0.8067568719387055,10
3000,0.7288058221340179,10
3001,0.5039701759815216,10
3003,0.7051057994365693,10
3004,0.3393681228160858,10
3005,0.3981404364109039,10
3007,0.6564387619495392,10
3008,0.7140155076980591,10
3015,0.6166337668895722,10
3016,0.24562734365463257,10
3018,0.4088201761245728,10
3020,0.453075647354126,10
3021,0.5146877825260162,10
3022,0.36532222628593447,10
3023,0.6659818092981974,9
3024,0.4212921798229218,10
3028,0.5033055245876312,10
3030,0.7039514899253845,10
3034,0.48742557764053346,10
3035,0.3721922218799591,10
3036,0.7983467519283295,10
3037,0.41059584617614747,10
3039,0.4209776699542999,10
3040,0.7630619585514069,10
3041,0.7017564415931702,10
3044,0.4106171190738678,10
3045,0.49587537050247193,10
3046,0.30056820511817933,10
3048,0.23472053408622742,10
3049,0.3560431241989136,10
3050,0.7646345615386962,10
3051,0.7481771290302277,10
3052,0.10839298367500305,10
3053,0.6940773010253907,10
3054,0.5077951312065124,10
3057,0.8285187542438507,10
3059,0.6006039023399353,10
3061,0.6934938311576844,10
3062,0.4119171977043152,5
3063,0.42697336673736574,10
3064,0.4000213623046875,10
3065,0.7330678403377533,10
3067,0.4813185691833496,10
3068,0.13258638978004456,8
3070,0.5778272569179534,10
3071,0.16044280529022217,10
3072,0.6642167627811432,10
3074,0.5972942471504211,10
3075,0.8976642906665802,10
3076,0.7334163963794709,10
3077,0.8894087433815002,10
3078,0.790712857246399,10
3080,0.5951415002346039,10
3081,0.7914052903652191,10
3083,0.699518483877182,10
3084,0.7710657477378845,10
3085,0.4243250608444214,10
3086,0.9869696378707886,10
3089,0.5864573061466217,10
3090,0.45468891263008115,10
3091,0.6792076468467713,10
3093,0.8018763661384583,10
3095,0.7998430669307709,10
3096,0.899375456571579,10
3097,0.7054365336894989,10
3099,0.4773481011390686,10
3100,0.41395893692970276,10
3102,0.6768530309200287,10
3107,0.5117241203784942,10
3108,0.3984293401241302,10
3109,0.8058664739131928,10
3110,0.8793828010559082,10
3112,0.8750289499759674,10
3114,0.31001182794570925,10
3119,0.8756392061710357,10
3122,0.2201706051826477,10
3125,0.6013806104660034,10
3127,0.10449116826057434,10
3128,0.48121745586395265,10
3129,0.20281172394752503,10
3130,0.012872046232223511,10
3133,0.5017037332057953,10
3137,0.5935477554798126,10
3138,0.5172293961048127,10
3139,0.6776668965816498,10
3140,0.4741161525249481,10
3141,0.31780017614364625,10
3144,0.4993192732334137,10
3147,0.5449786424636841,10
3149,0.7014857113361359,10
3150,0.5777987837791443,9
3152,0.6989525973796844,10
3154,0.4927674651145935,10
3155,0.4166952908039093,10
3156,0.7713447272777557,10
3157,0.40363885164260865,10
3158,0.7007370531558991,10
3159,0.7172485768795014,10
3160,0.3989631175994873,10
3161,0.6923341989517212,10
3162,0.520700603723526,10
3163,0.661587530374527,10
3170,0.40205065011978147,10
3174,0.5960326671600342,10
3175,0.262200665473938,10
3177,0.6154470562934875,10
3181,0.6698749542236329,10
3182,0.6119473814964295,10
3183,0.31401002407073975,10
3188,0.5004589915275574,10
3189,0.39711034297943115,10
3190,0.3133844554424286,10
3194,0.3588100135326385,10
3198,0.6739576831459999,8
3201,0.6919785857200622,10
3202,0.673110443353653,10
3203,0.48525204658508303,10
3205,0.1735229194164276,6
3208,0.8971588313579559,10
3209,0.49881277680397035,10
3210,0.39340184926986693,10
3214,0.5334818303585053,10
3218,0.3746181964874268,10
3219,0.5128419816493988,10
3226,0.6129996836185455,10
3228,0.49044678807258607,10
3229,0.5721589982509613,10
3230,0.3805172801017761,10
3231,0.33888270854949953,10
3232,0.40422415137290957,10
3233,0.4183598577976227,10
3234,0.5955770015716553,10
3236,0.22063475251197814,10
3237,0.5195807933807373,10
3238,0.1853536878313337,7
3239,0.6105716228485107,10
3240,0.9829121589660644,10
3241,0.8085135102272034,10
3242,0.7714545249938964,10
3243,0.5874071061611176,10
3245,0.6934478878974915,10
3246,0.5072878301143646,10
3247,0.7576785922050476,10
3248,0.7315045416355133,10
3249,0.4844653904438019,10
3251,0.4933506965637207,10
3253,0.4934551537036896,10
3255,0.5086692690849304,10
3262,0.7580341994762421,10
3263,0.7997527778148651,10
3265,0.41372918486595156,10
3266,0.2866119980812073,10
3267,0.2861257970333099,10
3268,0.4535614252090454,7
3269,0.5067349553108216,10
3270,0.803868168592453,10
3271,0.21624060869216918,10
3273,0.8935058414936066,10
3275,0.8254989147186279,10
3276,0.7167881727218628,10
3279,0.5041396081447601,10
3284,0.8974627792835236,10
3285,0.7954101264476776,10
3290,0.7952554166316986,10
3293,0.22168667912483214,10
3294,0.5064264714717865,10
3295,0.3990731596946716,10
3297,0.05596992799213955,7
3298,0.49596405029296875,10
3302,0.297224098443985,10
3305,0.6253543674945832,10
3306,0.437508749961853,10
3307,0.5807431995868683,10
3309,0.3940474808216095,10
3312,0.6344888627529144,10
3313,0.46990832686424255,10
3314,0.578193873167038,10
3316,0.5054790914058686,10
3317,0.8283712089061737,10
3318,0.4025201201438904,10
3319,0.33531313538551333,10
3320,0.68033646941185,10
3321,0.25888018012046815,10
3324,0.6718189537525177,10
3325,0.8920047461986542,10
3329,0.24690888524055482,10
3330,0.4786978628900316,9
3335,0.710575520992279,10
3337,0.3313772201538086,10
3339,0.3634126543998718,10
3340,0.7366265118122101,10
3341,0.8063431680202484,10
3342,0.6393750667572021,10
3343,0.20143745541572572,10
3344,0.6912726104259491,10
3347,0.30142250657081604,10
3348,0.48887260556221007,10
3349,0.6147940039634705,10
3351,0.42304754853248594,10
3352,0.55834059715271,10
3353,0.5373741567134858,10
3354,0.7891769766807556,10
3355,0.7900458753108979,10
3356,0.47968498468399046,10
3357,0.5047578990459443,10
3358,0.7009598433971405,10
3359,0.40550670623779295,10
3360,0.7577372372150422,10
3365,0.683444881439209,10
3369,0.5507953464984894,10
3370,0.5442587316036225,10
3371,0.40935198962688446,8
3373,0.4165861427783966,10
3374,0.5014958798885345,10
3376,0.589863759279251,10
3377,0.43912179470062257,10
3378,0.8290989637374878,10
3383,0.461737596988678,10
3384,0.7083702172551837,7
3385,0.6611527979373932,10
3389,0.30107338428497316,10
3390,0.5768361806869506,10
3393,0.23779362440109253,10
3394,0.5216760873794556,10
3402,0.7896784245967865,10
3403,0.6023177921772003,10
3404,0.9985245287418365,10
3405,0.41518646478652954,10
3406,0.8334495544433593,10
3408,0.89593306183815,10
3409,0.5359798073768616,10
3411,0.7859417974948884,10
3412,0.7992190420627594,10
3413,0.7451689720153809,10
3414,0.6989092946052551,10
3416,0.7149559736251831,10
3417,0.7029762268066406,10
3419,0.18707526326179505,10
3421,0.6433169305324554,10
3422,0.31131542921066285,10
3423,0.6003588974475861,10
3425,0.46359829902648925,10
3427,0.6118753850460052,10
3430,0.5888393938541412,10
3434,0.20367653369903566,10
3435,0.608856064081192,10
3439,0.2982357919216156,10
3447,0.2752110302448273,10
3451,0.5003694713115692,10
3452,0.5865079522132873,10
3457,0.21940813660621644,10
3459,0.626242870092392,10
3463,0.8675727605819702,10
3464,0.6970781564712525,10
3465,0.6894113183021545,10
3466,0.7262993633747101,10
3468,0.6096613049507141,10
3471,0.5565070331096649,10
3472,0.5842801749706268,10
3473,0.4695027044841221,7
3475,0.6945723950862884,10
3476,0.15954992175102234,10
3482,0.37059250473976135,10
3483,0.6896779119968415,10
3484,0.20207538604736328,10
3485,0.5799212992191315,10
3486,0.3192451596260071,10
3487,0.7025415599346161,10
3488,0.6017743289470673,10
3492,0.6181784510612488,10
3495,0.6987675309181214,10
3499,0.7164102792739868,10
3500,0.6995348751544952,10
3501,0.44988506180899485,7
3502,0.2720790088176727,10
3503,0.4794635891914368,10
3504,0.25020753145217894,10
3507,0.5606996417045593,10
3510,0.32926924228668214,10
3512,0.7010720670223236,10
3513,0.532284963130951,10
3514,0.4944786548614502,10
3515,0.3055742084980011,10
3516,0.6520392894744873,10
3517,0.41237475872039797,10
3518,0.7732558786869049,10
3522,0.4017365574836731,10
3523,0.753470367193222,10
3524,0.4540113091468811,10
3525,0.4050841987133026,10
3527,0.8033534586429596,10
3528,0.6996003150939941,10
3529,0.5986900448799133,10
3531,0.44485142827033997,10
3532,0.5989505171775817,10
3533,0.36621521711349486,10
3534,0.6326233983039856,10
3535,0.3980346620082855,10
3538,0.31148567199707033,10
3540,0.5613950371742249,10
3543,0.7462368190288544,10
3547,0.3031534790992737,10
3548,0.7141917109489441,10
3549,0.36463992595672606,10
3552,0.7395435035228729,10
3553,0.8003994405269623,10
3554,0.4967325031757355,10
3557,0.8895223379135132,10
3558,0.30901861786842344,10
3560,0.5650294840335846,10
3561,0.5669563770294189,10
3562,0.37318392992019656,10
3563,0.5027450203895569,10
3564,0.30983846783638,10
3565,0.7044051170349122,10
3566,0.4018354654312134,10
3567,0.9748585104942322,10
3568,0.39173281788825987,10
3569,0.3931300461292267,10
3570,0.7838053345680237,10
3571,0.7408419013023376,10
3572,0.5921738922595978,10
3573,0.8012402296066284,10
3574,0.29151018261909484,10
3575,0.695450359582901,10
3576,0.6742375433444977,10
3577,0.6004678905010223,10
3578,0.2842259228229523,10
3581,0.2731175720691681,10
3584,0.4672183573246002,10
3585,0.486400181055069,10
3586,0.8318612098693847,10
3589,0.7181057393550873,10
3590,0.4943405091762543,10
3593,0.6466836988925934,10
3594,0.6938932538032532,10
3595,0.514146375656128,10
3597,0.8605304300785065,10
3598,0.42499859465493095,9
3600,0.42380802035331727,10
3602,0.40023396015167234,10
3603,0.20382335782051086,10
3604,0.3016344547271729,10
3605,0.7132940888404846,10
3606,0.402274888753891,10
3608,0.6890613675117493,10
3612,0.7795438706874848,10
3613,0.4331159472465515,10
3615,0.7344233214855194,10
3616,0.34064812064170835,10
3617,0.5127588272094726,10
3618,0.40308550000190735,10
3620,0.4403060555458069,10
3622,0.4216789364814758,10
3623,0.28408731818199157,10
3625,0.5127465784549713,10
3626,0.5023556709289551,10
3627,0.6032482385635376,10
3628,0.5766748256153531,9
3629,0.2873411297798157,10
3631,0.6367374658584595,10
3632,0.6568702578544616,10
3633,0.38999792337417605,10
3634,0.4976798355579376,10
3636,0.1719060480594635,10
3637,0.7049394190311432,10
3639,0.35194215178489685,10
3640,0.6000351130962371,10
3641,0.7545752584934234,10
3643,0.6925086736679077,10
3645,0.30074512362480166,10
3646,0.5006036102771759,10
3649,0.7617211222648621,10
3650,0.4638011157512665,10
3655,0.5714641869068146,10
3656,0.6414367020130157,10
3657,0.8891158938407898,10
3658,0.6005892097949982,10
3661,0.39518333673477174,10
3662,0.5433448731899262,10
3663,0.5996882855892182,10
3664,0.3181531488895416,10
3666,0.7024126887321472,10
3667,0.6615855038166046,10
3668,0.799555629491806,10
3669,0.4675839960575104,10
3670,0.5929613173007965,10
3673,0.6908714175224304,10
3674,0.3105772078037262,10
3676,0.6981120109558105,10
3677,0.24503355026245116,10
3679,0.8073004901409149,10
3682,0.49661862254142763,10
3685,0.7828506410121918,10
3686,0.3304645087983873,9
3687,0.5088816940784454,10
3689,0.33029582500457766,10
3691,0.7959621727466584,10
3692,0.40778220891952516,10
3693,0.31019659638404845,10
3696,0.2617457091808319,10
3698,0.517218428850174,10
3699,0.633587098121643,10
3700,0.643191009759903,10
3701,0.6022298812866211,10
3702,0.7851657748222352,10
3705,0.6995315551757812,10
3706,0.7161983251571655,10
3707,0.7370897650718689,10
3710,0.46179901957511904,10
3711,0.5083331406116486,10
3712,0.6930947244167328,10
3715,0.7836068630218506,10
3716,0.8573601186275482,10
3719,0.2259497821331024,10
3720,0.7262565135955811,10
3723,0.7987690746784211,10
3724,0.7304507613182067,10
3725,0.6178359687328339,10
3727,0.6056941390037537,10
3728,0.7545636773109436,10
3730,0.8043386161327362,10
3731,0.6938717186450958,10
3736,0.3079500675201416,10
3737,0.4398191750049591,10
3745,0.797706538438797,10
3746,0.5782952666282654,10
3749,0.6010843873023987,10
3751,0.7571000277996063,10
3753,0.45615036487579347,10
3758,0.5027369916439056,10
3759,0.2031892418861389,10
3760,0.46029800176620483,6
3762,0.8046912491321564,10
3765,0.6456015110015869,10
3766,0.8941969275474548,10
3771,0.7780904293060302,10
3772,0.8957844376564026,10
3788,0.2894526839256287,5
3793,0.9984867990016937,10
3794,0.49742162227630615,10
3800,0.5054563879966736,10
3801,0.6699888229370117,10
3804,0.626964396238327,10
3805,0.4137301564216614,10
3806,0.7957269191741944,10
3807,0.8929676592350007,10
3812,0.385291200876236,10
3815,0.6290274560451508,10
3818,0.20551365613937378,10
3820,0.4645353138446808,10
3825,0.6796402633190155,10
3826,0.8647934913635253,10
3827,0.7015296459197998,10
3828,0.5146882474422455,10
3829,0.4965561553835869,8
3835,0.6618163764476777,10
3836,0.46076467633247375,10
3837,0.5707777500152588,10
3838,0.7718589782714844,10
3839,0.5329861164093017,10
3840,0.1164278507232666,10
3841,0.6089742600917816,10
3842,0.4358221232891083,10
3843,0.3169838130474091,10
3844,0.8247163593769073,10
3845,0.9184338688850403,10
3846,0.5523433804512023,10
3848,0.6090171039104462,10
3849,0.3967880368232727,10
3850,0.490718686580658,10
3851,0.4736428916454315,10
3852,0.6975683033466339,10
3855,0.7959494411945343,10
3860,0.6901250600814819,10
3863,0.4838989840613471,9
3864,0.406807941198349,10
3867,0.4248251378536224,10
3870,0.4502979576587677,10
3874,0.7901624917984009,10
3883,0.4208062350749969,10
3884,0.38380040526390075,10
3885,0.6029991447925568,10
3886,0.5010930895805359,10
3887,0.7623082876205445,10
3889,0.6431861460208893,10
3892,0.8965321600437164,10
3893,0.6981222212314606,10
3894,0.47041903138160707,10
3895,0.900377631187439,10
3896,0.16708379983901978,6
3901,0.6755363523960114,10
3908,0.4991142153739929,10
3910,0.4397487998008728,10
3914,0.4018810033798218,10
3915,0.6999072849750518,10
3916,0.6121909379959106,10
3918,0.6982019066810607,10
3919,0.49666776657104494,10
3920,0.42084879875183107,10
3921,0.5001967549324036,10
3924,0.558892947435379,10
3925,0.9683173596858978,10
3931,0.2341889500617981,10
3932,0.6957339167594909,10
3934,0.5724942922592163,10
3936,0.8078036546707154,10
3941,0.406029611825943,10
3944,0.5169926153288947,9
3945,0.6886022388935089,10
3946,0.46467524766921997,10
3947,0.6929980218410492,10
3951,0.4608390748500824,10
3954,0.692797738313675,10
3955,0.7317402184009552,10
3958,0.8429232001304626,10
3965,0.6031288981437684,10
3966,0.39894247651100156,10
3967,0.5959964513778686,10
3970,0.47845630049705506,10
3972,0.3702806651592255,10
3973,0.6996762096881867,10
3977,0.6984404623508453,10
3979,0.38850824236869813,10
3983,0.523161381483078,4
3984,0.5908124804496765,10
3985,0.7063413381576538,10
3986,0.7614174008369445,10
3989,0.39480054974555967,10
3990,0.10060815811157227,10
3992,0.6365000367164612,10
3993,0.6092988014221191,10
3996,0.6011222660541534,10
3998,0.6486479818820954,10
3999,0.5045890510082245,10
4000,0.633975875377655,10
4001,0.624062567949295,10
4004,0.10522313714027405,10
4008,0.6938070833683014,10
4009,0.6037942588329315,10
4010,0.6956310093402862,10
4011,0.6124793708324432,10
4012,0.8030117869377136,10
4014,0.8790304481983184,10
4015,0.4930268943309784,10
4016,0.6026435017585754,10
4017,0.6071468532085419,10
4020,0.6936417698860169,10
4021,0.2670377492904663,10
4022,0.7663776516914368,10
4023,0.5973726689815522,10
4025,0.3790073752403259,10
4031,0.6466322124004364,10
4034,0.6833484636412727,9
4035,0.5960423529148102,10
4036,0.36810646057128904,10
4037,0.39536383748054504,10
4038,0.3306064009666443,10
4040,0.33016523718833923,10
4041,0.49133399724960325,10
4042,0.7098632752895355,10
4047,0.763105857372284,10
4048,0.6998416662216187,10
4049,0.4066429674625397,10
4050,0.5225167453289032,10
4052,0.7898971796035766,10
4058,0.4048338532447815,10
4060,0.6949269592761993,10
4062,0.47837176322937014,10
4064,0.43765524625778196,10
4068,0.5048085689544678,10
4069,0.6073533892631531,10
4070,0.10339292287826538,10
4073,0.45010766983032224,10
4076,0.423795610666275,10
4077,0.3867484569549561,10
4079,0.7292186260223389,10
4081,0.37092295714787077,7
4082,0.5908712565898895,10
4084,0.6562876462936401,10
4085,0.5847885549068451,10
4086,0.41435863375663756,10
4087,0.6985385775566101,10
4090,0.7930075824260712,10
4091,0.8884314656257629,10
4092,0.4312117278575897,10
4093,0.8015942573547363,10
4095,0.421114045381546,10
4096,0.5029260396957398,10
4097,0.7061038017272949,10
4098,0.46010804176330566,10
4099,0.7097409904003144,10
4102,0.5134891450405121,10
4105,0.23769177198410035,10
4106,0.6779762625694274,10
4107,0.7925135433673859,10
4110,0.3193977415561676,10
4112,0.4582909047603607,10
4113,0.7980820536613464,10
4117,0.5449818551540375,10
4118,0.38372771739959716,10
4119,0.6110218703746796,10
4120,0.6314179539680481,10
4121,0.6269079089164734,10
4122,0.2589658796787262,10
4123,0.7658046424388886,10
4124,0.6438585937023162,10
4125,0.8577459692955017,10
4126,0.2562116324901581,10
4127,0.8531441450119018,10
4129,0.49860853552818296,10
4139,0.4097235918045044,10
4141,0.7922981023788452,10
4143,0.6065930724143982,10
4146,0.8014713764190674,10
4147,0.42606882254282635,9
4149,0.6084753215312958,10
4150,0.5746206521987915,10
4152,0.6078307092189789,10
4154,0.7958244264125824,10
4157,0.4492463535732693,9
4162,0.49846298694610597,10
4163,0.4523953258991241,10
4165,0.6149421632289886,10
4168,0.5322430253028869,10
4171,0.6091327130794525,10
4172,0.829023540019989,10
4173,0.6939870357513428,10
4174,0.6737785160541534,10
4175,0.37782545685768126,10
4176,0.5905566096305848,10
4177,0.4664290428161621,10
4178,0.4037425577640533,10
4181,0.4086912274360657,10
4185,0.5097524404525757,10
4189,0.39709306955337526,10
4192,0.4015967011451721,10
4196,0.5029975116252899,10
4199,0.6975770831108093,10
4200,0.5454841196537018,10
4201,0.596182256937027,10
4202,0.3532003164291382,10
4204,0.5994555115699768,10
4205,0.6188459932804108,10
4206,0.89520623087883,10
4207,0.5108157575130463,10
4208,0.4155577838420868,10
4209,0.834835684299469,10
4210,0.7130601525306701,10
4211,0.5997164011001587,10
4212,0.8119336128234863,10
4213,0.4220050275325775,10
4214,0.8000877439975739,10
4215,0.7038121283054352,10
4217,0.5164404451847077,10
4218,0.6807837903499603,10
4219,0.6573821842670441,10
4221,0.30588141083717346,10
4222,0.598045939207077,10
4226,0.8358673751354218,10
4228,0.9468674838542939,10
4229,0.2971145033836365,10
4232,0.4283584952354431,10
4234,0.6051230430603027,10
4235,0.6192026913166047,10
4236,0.6648167788982391,10
4237,0.6575992047786713,10
4239,0.4998032212257385,10
4240,0.30727142095565796,10
4241,0.8984892785549163,10
4242,0.304068797826767,10
4244,0.6997480809688568,10
4245,0.605994027853012,10
4246,0.3127805931227548,7
4247,0.5915779411792755,10
4248,0.43076676726341245,10
4249,0.3802193582057953,10
4251,0.39991750121116637,10
4252,0.5133172929286957,10
4254,0.48895440101623533,10
4255,0.622383975982666,10
4256,0.6585030853748322,10
4257,0.8080373167991638,10
4258,0.6388449192047119,10
4259,0.4565231442451477,10
4260,0.41360206007957456,10
4265,0.8128301203250885,10
4267,0.4585122585296631,10
4268,0.4907382011413574,10
4270,0.898210883140564,10
4271,0.5509055733680726,10
4272,0.5988063514232635,10
4273,0.70009765625,10
4275,0.7892006516456604,10
4276,0.6599208295345307,10
4278,0.6405009031295776,10
4279,0.39941097497940065,10
4280,0.42493848289762226,7
4281,0.893100893497467,10
4282,0.40684717893600464,10
4285,0.5981632888317108,10
4286,0.32679103016853334,10
4287,0.4753605663776398,10
4288,0.517005842924118,10
4289,0.3912562131881714,10
4290,0.7611197113990784,10
4291,0.7012583255767822,10
4292,0.6718799293041229,10
4293,0.6813770473003388,10
4294,0.7856778919696807,10
4295,0.4027574062347412,10
4296,0.6978576064109803,10
4297,0.41131680011749266,10
4298,0.5620079934597015,10
4299,0.6034933149814605,10
4300,0.5850247204303741,10
4303,0.5050917744636536,10
4310,0.3120897114276886,10
4316,0.4726032793521881,10
4317,0.48675948977470396,10
4318,0.435308837890625,10
4319,0.422200882434845,10
4320,0.7364618062973023,10
4323,0.3746706247329712,10
4324,0.30510114431381224,10
4325,0.47093746066093445,10
4326,0.36090861558914183,10
4327,0.8264221251010895,10
4328,0.6844105541706085,10
4329,0.6339195072650909,10
4330,0.5240239799022675,10
4331,0.6044481039047241,10
4332,0.9159865081310272,10
4336,0.701417201757431,10
4340,0.7078873038291931,10
4342,0.8961846232414246,10
4343,0.8663387358188629,10
4345,0.21171204447746278,10
4346,0.7900560975074769,10
4349,0.7651011765003204,10
4352,0.4380143642425537,10
4353,0.5792083382606507,10
4355,0.5737732410430908,10
4356,0.40820263624191283,10
4357,0.6131256461143494,10
4358,0.5834114253520966,10
4359,0.4066413640975952,10
4360,0.45491880774497984,10
4362,0.6613546311855316,10
4363,0.8160863220691681,10
4364,0.7424844801425934,10
4365,0.3716854453086853,10
4366,0.7008076488971711,10
4367,0.20445611476898193,10
4368,0.7283172309398651,10
4370,0.5899787783622742,10
4371,0.1499150812625885,10
4372,0.5327717065811157,10
4373,0.4579347610473633,10
4374,0.49910667538642883,10
4375,0.20387780666351318,10
4376,0.7863063871860504,10
4378,0.3428312361240387,10
4379,0.6920903921127319,10
4381,0.22809104919433593,10
4382,0.5881483078002929,10
4383,0.5874079295567104,7
4384,0.31987571716308594,10
4386,0.7756151497364044,10
4388,0.5182282626628876,10
4390,0.5595200538635254,10
4392,0.44301179647445676,10
4393,0.6752184092998504,10
4394,0.3577894687652588,10
4395,0.7012229442596436,10
4396,0.7220651030540466,10
4401,0.8623286187648773,10
4402,0.6076369822025299,10
4404,0.5898285329341888,10
4405,0.7115308046340942,10
4410,0.6972047746181488,10
4413,0.5660938382148742,10
4421,0.6976667404174804,10
4424,0.570715355873108,10
4425,0.5726464033126831,10
4426,0.4005011796951294,10
4427,0.40600594878196716,10
4431,0.5249285357339042,7
4433,0.45502355694770813,10
4434,0.40146546959877016,10
4436,0.5286261022090912,10
4437,0.4807785987854004,10
4438,0.48614318668842316,8
4441,0.698618334531784,10
4442,0.3211663424968719,10
4445,0.5831247568130493,10
4449,0.7055145919322967,10
4450,0.2849075436592102,10
4453,0.8061131715774537,10
4454,0.5026097059249878,10
4455,0.5502686831686232,9
4456,0.4001147985458374,10
4460,0.6882648825645447,10
4470,0.5981898903846741,10
4471,0.5867728292942047,10
4472,0.28503116965293884,10
4473,0.3564702272415161,10
4475,0.5679167151451111,10
4476,0.4949612319469452,10
4477,0.48426234126091006,10
4479,0.7658663034439087,10
4485,0.6324698448181152,10
4486,0.25562240481376647,10
4488,0.7020565807819367,10
4491,0.7498667776584625,10
4492,0.5236381769180298,10
4493,0.7175745666027069,10
4494,0.6022289872169495,10
4500,0.7329756438732147,10
4502,0.7990790367126465,10
4503,0.5983902513980865,10
4505,0.7436950922012329,10
4508,0.5057584941387177,10
4509,0.8265657901763916,10
4510,0.6083104193210602,10
4516,0.4950132369995117,10
4518,0.4934805452823639,10
4519,0.3820230424404144,10
4522,0.40089309215545654,10
4529,0.3537545263767242,10
4532,0.49973962306976316,10
4537,0.5179374643734523,7
4550,0.512136048078537,10
4553,0.6006159722805023,10
4554,0.5972906529903412,10
4555,0.7695263206958771,10
4556,0.33947237133979796,10
4558,0.5963942527770996,10
4559,0.4023818552494049,10
4560,0.6260765969753266,10
4561,0.20562129616737365,10
4562,0.4683418869972229,10
4567,0.41995681524276735,10
4568,0.579570198059082,10
4570,0.3526827275753021,10
4574,0.3112780094146729,10
4577,0.6259254589676857,8
4578,0.41344228982925413,10
4579,0.44130411744117737,6
4580,0.6515535533428192,10
4583,0.6002439975738525,10
4585,0.5886926174163818,10
4586,0.5869357466697693,10
4587,0.6879332065582275,10
4593,0.439161491394043,10
4596,0.2548797130584717,4
4597,0.5948842167854309,10
4598,0.31417085528373717,10
4604,0.7975829482078552,10
4606,0.534881979227066,10
4607,0.699386042356491,10
4610,0.5907957434654236,10
4611,0.33867623408635456,3
4613,0.5032086253166199,10
4614,0.5018649816513061,10
4616,0.7137912213802338,10
4620,0.7635022878646851,10
4621,0.6049607932567597,10
4623,0.5127521872520446,10
4625,0.7017216616206698,9
4627,0.3025890052318573,10
4634,0.7473260462284088,4
4636,0.6942405462265014,10
4637,0.9458347380161285,10
4641,0.5843217492103576,10
4642,0.8758189976215363,10
4643,0.5990272581577301,10
4646,0.6083812952041626,10
4649,0.5474888861179352,10
4650,0.9014288902282714,10
4651,0.791104769706726,10
4654,0.46074044704437256,10
4655,0.10497822165489197,10
4657,0.6046748757362366,10
4659,0.8012665212154388,10
4667,0.53392853140831,10
4668,0.90021533370018,10
4671,0.36268242001533507,10
4675,0.5957138776779175,10
4676,0.49785120487213136,10
4677,0.7982258915901184,10
4680,0.4923024117946625,10
4683,0.35387476086616515,10
4688,0.7078097760677338,10
4693,0.4013211727142334,10
4694,0.3998720824718475,10
4695,0.49765416979789734,10
4696,0.42692442536354064,10
4724,0.47895649671554563,10
4735,0.6095051348209382,10
4736,0.4884877264499664,10
4738,0.4516151547431946,9
4740,0.42883161703745526,9
4741,0.4986973762512207,10
4745,0.3915207922458649,10
4746,0.5759397864341735,10
4753,0.661890298128128,10
4764,0.6991514503955841,10
4769,0.40213863253593446,10
4770,0.6920876562595367,10
4772,0.3637628495693207,10
4778,0.5244069159030914,10
4779,0.4310030937194824,10
4780,0.5962637007236481,10
4781,0.5914527714252472,10
4784,0.5410184741020203,10
4788,0.6873448550701141,10
4789,0.19930002093315125,10
4790,0.5129511952400208,10
4792,0.513664448261261,10
4794,0.32311952114105225,10
4797,0.5210814654827118,10
4799,0.4172596037387848,10
4802,0.6124165117740631,10
4810,0.7049130380153656,10
4812,0.36643044352531434,10
4814,0.20658432841300964,10
4815,0.6051392078399658,10
4816,0.6024157464504242,10
4831,0.795943146944046,10
4834,0.5849191009998321,10
4839,0.6011188983917236,10
4842,0.8986473739147186,10
4843,0.3919997811317444,10
4845,0.4036202013492584,10
4849,0.40772557258605957,10
4851,0.4673965573310852,10
4852,0.48691366910934447,10
4853,0.4997891843318939,10
4854,0.597093266248703,10
4855,0.6523703336715698,10
4861,0.6944928586483001,10
4862,0.3771675229072571,10
4864,0.4759318888187408,10
4866,0.6631286144256592,10
4874,0.7029824078083038,10
4877,0.7003804326057435,10
4878,0.6065602362155914,10
4881,0.5030289053916931,10
4884,0.8715047597885132,10
4885,0.497559654712677,10
4888,0.6016742765903473,10
4889,0.5480677425861359,10
4892,0.7603443622589111,10
4893,0.7967344582080841,10
4894,0.8972752094268799,10
4897,0.5011179924011231,10
4902,0.5936270713806152,10
4903,0.49316105246543884,10
4904,0.6682875090175204,9
4907,0.5030511975288391,10
4909,0.685771107673645,10
4910,0.3386141240596771,10
4912,0.6270570680499077,8
4914,0.6702676892280579,10
4915,0.42334253191947935,10
4916,0.7719476461410523,10
4917,0.7415916562080384,10
4918,0.39759185910224915,10
4919,0.6024316608905792,10
4920,0.6679251194000244,10
4921,0.5806714117527008,10
4922,0.6006490826606751,10
4925,0.24019997119903563,10
4928,0.7132573008537293,10
4930,0.6664466917514801,10
4933,0.42886124849319457,10
4934,0.7009795129299163,10
4935,0.6993620455265045,10
4948,0.42434688806533816,10
4951,0.5113456696271896,8
4952,0.5017787694931031,10
4953,0.6003051102161407,10
4957,0.7314061224460602,8
4958,0.8399072587490082,10
4959,0.5212109684944153,10
4960,0.010145145654678344,10
4961,0.7915318250656128,10
4962,0.5076218187808991,10
4964,0.6134046018123627,10
4967,0.6877496719360352,10
4968,0.7913663446903229,10
4969,0.6308426082134246,10
4970,0.5083950161933899,10
4971,0.728460031747818,10
4972,0.8874374210834504,10
4974,0.5548345148563385,10
4975,0.7088655591011047,10
4976,0.38278821110725403,10
4977,0.6071842670440674,10
4978,0.299335902929306,10
4979,0.4991378903388977,10
4980,0.6000874280929566,10
4983,0.5731094241142273,10
4984,0.642376434803009,10
4985,0.6563018798828125,10
4991,0.8035901606082916,10
4997,0.3988757193088531,10
4999,0.6138077795505523,10
5000,0.5940221607685089,10
5001,0.455306750535965,10
5002,0.5215064227581024,10
5011,0.585999321937561,10
5012,0.22832528352737427,10
5014,0.5081922888755799,10
5015,0.5005489468574524,10
5018,0.3715767920017242,10
5019,0.8472199440002441,10
5021,0.49525230526924136,10
5023,0.7532346189022064,10
5026,0.7914612770080567,10
5028,0.5745950520038605,10
5029,0.5168143332004547,10
5030,0.30300467014312743,10
5031,0.3567822456359863,10
5034,0.52628955245018,10
5035,0.9202749907970429,10
5038,0.698595130443573,10
5039,0.37990355491638184,10
5040,0.3083292245864868,10
5041,0.7340229034423829,10
5042,0.6144225597381592,10
5045,0.7379531025886535,10
5048,0.5427858591079712,10
5050,0.3965106546878815,10
5051,0.3287533938884735,10
5052,0.3044989168643951,10
5054,0.503557550907135,10
5055,0.6222611844539643,10
5057,0.7085192561149597,10
5058,0.7013505041599274,10
5059,0.5086710274219512,10
5060,0.6880377233028412,10
5065,0.574910044670105,10
5067,0.6995481073856353,10
5071,0.7423388361930847,10
5072,0.6893398940563202,10
5077,0.5347859561443329,10
5082,0.6032062530517578,10
5084,0.7117164134979248,10
5086,0.8947799205780029,10
5089,0.2907952904701233,10
5107,0.7185240983963013,10
5108,0.45174163579940796,8
5116,0.485085529088974,10
5118,0.7014747321605682,10
5120,0.703562730550766,10
5121,0.7965730726718903,10
5122,0.7535501182079315,10
5129,0.3317442357540131,10
5130,0.7276987791061401,10
5134,0.8855011522769928,10
5135,0.6746236205101013,10
5136,0.7986111104488373,10
5137,0.696925950050354,10
5142,0.6010919451713562,10
5143,0.6094398915767669,10
5146,0.774624091386795,10
5155,0.7761030256748199,10
5156,0.20595447421073915,10
5157,0.809311431646347,10
5162,0.6744854271411895,10
5165,0.5683194133970473,9
5166,0.45369858741760255,10
5167,0.49712722301483153,10
5171,0.6111917674541474,10
5172,0.5284104108810425,10
5173,0.7903270840644836,10
5174,0.7181151747703552,5
5177,0.5378581166267395,10
5178,0.6003095865249634,10
5181,0.3849223554134369,10
5182,0.677683413028717,10
5183,0.6525992691516876,10
5185,0.40677056908607484,10
5186,0.7507965803146363,10
5193,0.5175283014774322,10
5194,0.7008540451526641,10
5195,0.44047906398773196,10
5197,0.6867556571960449,10
5198,0.7969430983066559,10
5199,0.6412606298923492,10
5200,0.3900802433490753,10
5201,0.5937446355819702,10
5203,0.4041376769542694,10
5204,0.3711073637008667,10
5205,0.5638951778411865,10
5206,0.4351174354553223,10
5208,0.4082017779350281,10
5209,0.47581078112125397,8
5210,0.37884514927864077,10
5211,0.3631725609302521,10
5215,0.8181057274341583,10
5216,0.6052585661411285,10
5217,0.3266879081726074,10
5220,0.6407104671001435,10
5221,0.4975073218345642,10
5222,0.7183934271335601,10
5223,0.41670095175504684,8
5224,0.4167039096355438,8
5226,0.6794613533549838,9
5228,0.7366132080554962,10
5231,0.6374049246311188,10
5232,0.4899637043476105,10
5233,0.7989104688167572,10
5234,0.5475618481636048,10
5235,0.435064309835434,10
5239,0.6583683073520661,10
5241,0.6142584621906281,10
5242,0.4297764301300049,10
5243,0.6277643442153931,10
5244,0.6153531014919281,10
5248,0.37801781892776487,10
5251,0.762513953447342,10
5253,0.5377081751823425,10
5254,0.20039429068565368,10
5255,0.20258381962776184,10
5258,0.5931630849838256,10
5259,0.41738113164901736,10
5260,0.3460873305797577,10
5264,0.46536446213722227,10
5265,0.5684456110000611,10
5266,0.5378351747989655,10
5271,0.5850010633468627,10
5272,0.6001026928424835,10
5274,0.7988374590873718,10
5275,0.5998933970928192,10
5276,0.5117798626422883,10
5277,0.7219706535339355,10
5278,0.7899500727653503,10
5279,0.41730357540978325,9
5281,0.5670025408267975,10
5282,0.5985690951347351,10
5284,0.501695591211319,10
5285,0.18935079574584962,10
5294,0.7019204556941986,10
5295,0.69837806224823,10
5296,0.30247443318367007,10
5297,0.6997780323028564,10
5298,0.6024275660514832,10
5302,0.3337929844856262,9
5303,0.7872018337249755,10
5304,0.25898531675338743,10
5306,0.6646251797676086,10
5308,0.33695088028907777,10
5312,0.40259920954704287,10
5314,0.4168934762477875,10
5316,0.6531192123889923,10
5321,0.6871053814888001,10
5322,0.7162061750888824,10
5332,0.5999903619289398,10
5333,0.3614370107650757,10
5335,0.43511166572570803,10
5336,0.8009229063987732,10
5338,0.6996752977371216,10
5339,0.373016881942749,10
5343,0.6089174330234528,10
5346,0.8762758314609528,10
5347,0.20328774452209472,10
5348,0.41860310435295106,10
5349,0.3988901495933533,10
5351,0.1726446270942688,10
5354,0.5723216235637665,10
5357,0.6091710448265075,10
5361,0.3017916440963745,10
5364,0.4140345394611359,10
5366,0.7512660384178161,10
5367,0.5901250779628754,10
5369,0.5192553222179412,10
5377,0.5959453105926513,10
5380,0.6059445440769196,10
5382,0.49591667056083677,10
5383,0.5976362884044647,10
5387,0.21170058250427246,10
5389,0.7502312511205673,8
5393,0.5368699431419373,10
5394,0.8289480447769165,10
5396,0.7161508083343506,10
5400,0.8961044430732727,10
5404,0.7304997265338897,10
5406,0.7949421525001525,10
5410,0.39956915378570557,10
5411,0.8795351452297635,9
5412,0.5490908622741699,10
5418,0.7266145586967468,10
5419,0.5987933278083801,10
5420,0.5184589803218842,10
5423,0.5701372146606445,10
5425,0.520907747745514,10
5427,0.22122958302497864,10
5428,0.7916126370429992,10
5429,0.7108619153499603,10
5430,0.5040660262107849,10
5432,0.50097154378891,10
5433,0.7780035674571991,10
5435,0.5049426317214966,10
5437,0.9744335532188415,10
5438,0.41781508922576904,10
5445,0.8927220821380615,10
5447,0.4519521653652191,10
5449,0.4875160098075867,10
5451,0.8097787797451019,10
5452,0.8477108418941498,10
5453,0.5734479248523712,10
5455,0.49200587868690493,10
5457,0.6079748451709748,10
5459,0.8058967351913452,10
5460,0.4987586557865143,10
5463,0.4056715965270996,10
5464,0.685787433385849,10
5465,0.6259647488594056,10
5467,0.36398440003395083,10
5468,0.40527649521827697,10
5472,0.31490556597709657,10
5475,0.4236637711524963,10
5476,0.8881833970546722,10
5478,0.4085793852806091,10
5479,0.5994845986366272,10
5480,0.7152300298213958,10
5481,0.40443441867828367,10
5482,0.6059050738811493,10
5483,0.3976966381072998,10
5485,0.5714793860912323,10
5488,0.8736238837242126,10
5491,0.7347113788127899,10
5492,0.45072334408760073,10
5494,0.7998782694339752,10
5496,0.3374377429485321,10
5502,0.5868356943130493,10
5503,0.7720164120197296,10
5504,0.48711487650871277,10
5511,0.6760556876659394,10
5512,0.3124058961868286,10
5515,0.7471716940402985,10
5516,0.7080321311950684,10
5517,0.6002761602401734,10
5519,0.3072119474411011,10
5522,0.7031482279300689,10
5527,0.7247598052024842,10
5530,0.6272903283437093,6
5532,0.6970033168792724,10
5534,0.5350324451923371,10
5539,0.44534505738152397,9
5540,0.5167372425397238,6
5541,0.4881020367145538,10
5546,0.41223507523536684,10
5548,0.8323554337024689,10
5549,0.7499619603157044,10
5553,0.2978436708450317,10
5554,0.8008979022502899,10
5559,0.694389796257019,10
5561,0.9144247531890869,10
5564,0.8004106521606446,10
5566,0.5004682421684266,10
5571,0.6687653183937072,10
5573,0.8022354543209076,10
5575,0.6034570574760437,10
5576,0.4646030366420746,10
5585,0.5857055842876434,10
5588,0.6885832250118256,10
5589,0.6416495203971863,10
5590,0.8073783099651337,10
5591,0.4906119227409363,10
5605,0.5847972989082336,10
5607,0.3967297375202179,10
5609,0.20445679426193236,10
5614,0.6048131704330444,10
5616,0.604617315530777,10
5617,0.4627200782299042,10
5618,0.6606038689613343,10
5619,0.6450579226016998,10
5620,0.6210778951644897,10
5621,0.457609623670578,10
5622,0.6509633541107178,10
5635,0.4678554475307465,10
5637,0.8209073066711425,10
5638,0.5033134400844574,10
5640,0.8572933197021484,10
5641,0.43771725296974184,10
5644,0.38864166736602784,10
5646,0.5545727670192718,10
5650,0.34908237457275393,10
5651,0.7313152909278869,10
5656,0.3696367621421814,10
5661,0.48945035934448244,10
5662,0.3941487669944763,10
5663,0.49761049151420594,10
5666,0.8269735157489777,10
5668,0.37539470195770264,10
5669,0.4817841649055481,10
5675,0.5993483066558838,10
5677,0.6804160594940185,10
5678,0.43352586030960083,10
5679,0.5715228080749511,10
5680,0.6848217427730561,10
5684,0.4572140097618103,10
5686,0.6055630147457123,10
5687,0.6870447278022767,10
5688,0.5161800914340549,9
5689,0.5002652779221535,8
5690,0.41706626415252684,10
5692,0.7824735343456268,10
5694,0.7722508251667023,10
5697,0.874905276298523,10
5698,0.66074920296669,10
5699,0.9882137417793274,10
5700,0.5440004467964172,10
5701,0.7348516464233399,10
5702,0.5950973212718964,10
5704,0.5633647918701172,10
5707,0.9720913231372833,10
5709,0.5070733487606048,10
5711,0.8310153663158417,10
5715,0.39122774004936217,10
5716,0.61842440366745,10
5717,0.4356991648674011,7
5718,0.9931754529476166,10
5723,0.6078552722930908,10
5724,0.7560872375965119,10
5725,0.7709141552448273,10
5727,0.6531646192073822,10
5728,0.5837531924247742,10
5733,0.46547176837921145,10
5735,0.5530052648650275,9
5736,0.15575412511825562,10
5737,0.6006520867347718,10
5740,0.60244060754776,10
5742,0.49825713634490965,10
5743,0.7646069327990214,6
5749,0.43299064636230467,10
5750,0.5304930508136749,10
5751,0.4637961506843567,10
5752,0.8023700892925263,10
5755,0.5936899006366729,10
5757,0.35342703461647035,10
5758,0.5028601467609406,10
5759,0.3469433546066284,10
5767,0.7476550042629242,10
5768,0.6844527065753937,10
5769,0.7084890305995941,10
5770,0.9777683198451996,10
5772,0.7018727779388427,10
5775,0.7003639996051788,10
5777,0.7953419744968414,10
5778,0.6303708910942077,10
5779,0.378257554769516,10
5781,0.7776218056678772,10
5782,0.7961909770965576,10
5784,0.36654568314552305,10
5786,0.704471492767334,10
5788,0.206167733669281,10
5789,0.7983163595199585,10
5790,0.415220844745636,10
5791,0.49976658821105957,10
5794,0.4446192800998688,10
5795,0.7939026057720184,10
5797,0.5620233350329928,9
5798,0.4822674095630646,10
5799,0.8689613699913025,5
5804,0.3935972034931183,10
5810,0.4123765528202057,8
5818,0.8059601366519928,10
5819,0.4959083616733551,10
5822,0.598001915216446,10
5824,0.7841074526309967,10
5825,0.6660984694957733,10
5826,0.6854713320732116,10
5827,0.8066628038883209,10
5828,0.43795751333236693,10
5829,0.6962690234184266,10
5830,0.7622965812683106,10
5831,0.43182088136672975,10
5833,0.47455212473869324,10
5834,0.4433241605758667,10
5835,0.7611989319324494,10
5836,0.5000165283679963,10
5837,0.234002423286438,10
5841,0.5881628870964051,10
5843,0.5587343990802764,10
5851,0.7374363392591476,8
5854,0.7149955987930298,10
5856,0.5918411910533905,10
5858,0.5044333755970001,10
5859,0.8542372405529022,10
5860,0.043627554178237916,10
5862,0.5094334185123444,10
5863,0.30414189100265504,10
5864,0.6543457806110382,10
5867,0.7979793667793273,10
5869,0.6419485569000244,10
5870,0.4065389633178711,10
5875,0.4164852976799011,10
5876,0.4010932743549347,10
5877,0.5978229582309723,10
5878,0.5229945242404938,10
5881,0.4002793788909912,10
5882,0.5110972464084625,10
5885,0.45636871457099915,6
5886,0.5775254130363464,10
5890,0.5081256806850434,10
5893,0.5280323028564453,10
5894,0.6979548275470734,10
5895,0.7040900647640228,10
5897,0.3982005059719086,10
5899,0.619341915845871,10
5900,0.7048147737979888,10
5902,0.8272964239120484,10
5903,0.25410823822021483,10
5905,0.7892900705337524,10
5922,0.7002173900604248,10
5923,0.7040476262569427,10
5924,0.7366777300834656,10
5926,0.3981165111064911,10
5927,0.4951629638671875,10
5928,0.5819747269153595,10
5929,0.6713620066642761,10
5930,0.36850932240486145,10
5933,0.6167507946491242,10
5934,0.2968038661139352,7
5935,0.49233112931251527,10
5936,0.7762606680393219,10
5939,0.7621628820896149,10
5940,0.6906448304653168,10
5941,0.6708708703517914,10
5942,0.8860889554023743,10
5952,0.2818958818912506,10
5953,0.7165572881698609,10
5955,0.5002741396427155,10
5956,0.6995326578617096,10
5957,0.6937450349330903,10
5958,0.6479218304157257,10
5959,0.6760660111904144,10
5960,0.6990468800067902,10
5961,0.5970752775669098,10
5964,0.5467921137809754,10
5965,0.5967011332511902,10
5966,0.7192348659038543,10
5985,0.3064102828502655,10
5988,0.5017907321453094,10
5990,0.6063856780529022,10
5991,0.8120665073394775,10
5992,0.6050017952919007,10
5993,0.5836813569068908,10
5994,0.37468422651290895,10
5996,0.4044140338897705,10
5997,0.6906926095485687,10
5998,0.4056228041648865,10
5999,0.5857390820980072,10
6000,0.1040968656539917,10
6003,0.44160974621772764,10
6004,0.23389963507652284,10
6005,0.19592685699462892,10
6006,0.43796575665473936,10
6007,0.5338500678539276,10
6008,0.5948350131511688,10
6009,0.7869615316390991,10
6010,0.6986166656017303,10
6017,0.6933813512325286,10
6020,0.40228461027145385,10
6021,0.7801199734210968,10
6022,0.5470088183879852,10
6023,0.5997374951839447,10
6024,0.5690853893756866,10
6036,0.5184450745582581,10
6037,0.59577716588974,10
6038,0.7396119594573974,10
6039,0.5043597221374512,10
6040,0.386289244890213,10
6041,0.6759210884571075,10
6042,0.4185666382312775,10
6044,0.4057601630687714,10
6045,0.7551016867160797,10
6046,0.5897723495960235,10
6047,0.4675822615623474,10
6049,0.5980503857135773,10
6050,0.319256192445755,10
6052,0.4061016798019409,10
6053,0.48381043672561647,10
6054,0.5038901090621948,10
6068,0.5309346616268158,10
6085,0.5929573357105256,10
6086,0.5651448130607605,10
6087,0.412339574098587,10
6088,0.7560174465179443,10
6090,0.539510303735733,10
6109,0.2930641621351242,4
6112,0.6534877896308899,10
6117,0.7969119668006897,10
6118,0.5082389533519744,10
6119,0.5959205806255341,10
6121,0.5030598044395447,10
6122,0.5981816649436951,10
6125,0.5996815204620362,10
6129,0.540102587805854,9
6130,0.4403475821018219,4
6132,0.5493711233139038,6
6137,0.510985916852951,10
6146,0.7076503889901298,7
6152,0.3886819839477539,10
6153,0.4842041015625,10
6187,0.5284302830696106,10
6191,0.7213712453842163,10
6194,0.5183119518416268,7
6197,0.5410554885864258,10
6201,0.11502193212509156,10
6202,0.5880180656909942,10
6203,0.7001710593700409,10
6205,0.835055822134018,10
6209,0.5790412306785584,10
6210,0.6031194984912872,10
6215,0.39953418374061583,10
6219,0.8078896641731262,10
6221,0.8381675124168396,10
6226,0.7113250136375427,10
6228,0.2091912031173706,10
6230,0.5918201565742492,10
6231,0.20046278834342957,10
6232,0.8573498725891113,10
6233,0.5500777423381805,10
6235,0.5550603449344635,10
6240,0.8412886381149292,10
6245,0.5060588955879212,10
6249,0.8977034330368042,10
6250,0.01099187731742859,10
6251,0.9317488729953766,10
6253,0.6047563910484314,10
6263,0.7927495539188385,10
6266,0.44876816868782043,10
6268,0.7010566771030426,10
6270,0.5223137259483337,10
6272,0.7854691743850708,10
6281,0.6954770982265472,10
6282,0.5031537771224975,10
6283,0.4255592405796051,10
6284,0.31884469985961916,10
6333,0.6320338726043702,10
6338,0.9751594364643097,10
6339,0.3262354850769043,10
6342,0.30573328733444216,10
6346,0.5845534682273865,10
6350,0.7355897426605225,10
6351,0.9002810716629028,10
6352,0.7831257283687592,10
6353,0.7467985987663269,10
6355,0.44120373129844664,10
6360,0.5087364375591278,10
6363,0.658285391330719,10
6364,0.6861060619354248,10
6365,0.5148111283779144,10
6366,0.6434017956256867,10
6367,0.7674210488796234,10
6368,0.5185511887073517,10
6374,0.7269282400608063,10
6375,0.5966728389263153,10
6380,0.5072360157966613,10
6381,0.6118824183940887,10
6383,0.5980150401592255,10
6386,0.5533668279647828,5
6387,0.6801249921321869,10
6388,0.8931421399116516,10
6395,0.614079874753952,10
6397,0.5025292277336121,10
6398,0.4198520600795746,10
6399,0.7215766847133637,10
6400,0.6946950495243073,10
6402,0.6870257318019867,10
6404,0.3909953057765961,10
6405,0.5587612271308899,10
6406,0.6949936389923096,10
6411,0.7062636137008667,10
6412,0.31248038411140444,10
6414,0.6955229759216308,10
6417,0.5174295961856842,10
6420,0.2994434595108032,10
6424,0.6076239883899689,10
6426,0.5481904804706573,10
6431,0.9007290005683899,10
6436,0.398897123336792,10
6447,0.13178741335868835,10
6448,0.6568060040473938,10
6449,0.376652193069458,10
6453,0.7923309922218322,10
6456,0.32335649728775023,10
6460,0.4330663323402405,10
6466,0.7770128846168518,10
6470,0.6386813998222352,10
6472,0.503691828250885,10
6474,0.7006769418716431,10
6475,0.7329022645950317,10
6476,0.7025028467178345,10
6478,0.9833068490028382,10
6481,0.8521773815155029,10
6485,0.19913909435272217,10
6486,0.5417735874652863,10
6487,0.6917350172996521,10
6495,0.9117451131343841,10
6499,0.4467297554016113,10
6503,0.6308958649635314,10
6504,0.4487311184406281,10
6507,0.7012330412864685,10
6508,0.6241122901439666,10
6509,0.5854193150997162,10
6513,0.3047081410884857,10
6516,0.5173485398292541,10
6521,0.3059884786605835,10
6524,0.39024857878685,10
6526,0.791678386926651,10
6529,0.5423755645751953,10
6531,0.4931968986988068,10
6532,0.41380839943885805,10
6534,0.718924754858017,10
6535,0.6159840583801269,10
6539,0.5362907528877259,10
6540,0.5548192918300628,10
6541,0.6054040551185608,10
6542,0.6192000985145569,10
6543,0.20889657139778137,10
6544,0.6639973044395446,10
6546,0.5138028740882874,10
6548,0.6557847797870636,10
6549,0.6206364154815673,10
6551,0.6540075719356537,10
6552,0.11497138738632202,10
6553,0.5254880666732789,10
6554,0.4491505265235901,10
6555,0.6190701305866242,10
6558,0.6699423670768738,10
6559,0.6008149564266205,10
6563,0.5997654795646667,10
6566,0.663981169462204,10
6567,0.5297352850437165,10
6569,0.6989357888698577,10
6573,0.49480562210083007,10
6574,0.7026031196117402,10
6578,0.664553302526474,10
6581,0.8729594051837921,10
6582,0.4886491119861603,10
6583,0.6429420530796051,10
6584,0.7065941035747528,10
6597,0.33252333402633666,10
6598,0.6783366322517395,10
6605,0.16282034516334534,10
6607,0.4980984032154083,10
6608,0.5164275109767914,10
6610,0.6022244215011596,10
6611,0.553233516216278,10
6613,0.7644486606121064,10
6614,0.8312577903270721,10
6615,0.5452192544937133,10
6617,0.7039685904979706,10
6620,0.3119874238967896,10
6625,0.7984696567058563,10
6627,0.8856723666191101,10
6630,0.5252331316471099,10
6638,0.8064189314842224,10
6641,0.60737846493721,10
6642,0.7008549034595489,10
6644,0.4030908405780792,10
6646,0.4901450455188751,10
6647,0.7089311599731445,10
6653,0.38287706971168517,10
6657,0.575682532787323,10
6659,0.3355691134929657,10
6660,0.7736943960189819,10
6661,0.23733457922935486,6
6663,0.7170841038227082,10
6665,0.49160742163658144,10
6668,0.10262186527252197,10
6672,0.6575735092163086,10
6675,0.5910117030143738,10
6678,0.520578020811081,10
6680,0.4702107608318329,10
6681,0.7831093728542328,10
6684,0.59821737408638,10
6686,0.4143634080886841,10
6687,0.6839021682739258,10
6688,0.613864266872406,10
6689,0.5449908375740051,10
6693,0.49980065822601316,10
6698,0.49876725673675537,10
6699,0.6564320147037506,10
6700,0.6981248617172241,10
6701,0.39067986607551575,10
6702,0.36193881630897523,10
6705,0.6527770817279815,10
6706,0.5916995406150818,10
6707,0.30816048979759214,10
6708,0.6293849408626556,10
6710,0.7467031121253968,10
6711,0.49522337317466736,10
6712,0.5984402120113372,10
6713,0.4270452175821577,7
6714,0.9990200877189637,10
6716,0.49593573808670044,6
6718,0.3015621781349182,10
6719,0.4929775595664978,10
6720,0.7348556637763977,10
6721,0.7608344256877899,10
6725,0.5122506499290467,10
6731,0.5269847571849823,10
6732,0.6078756511211395,10
6735,0.7492220997810364,10
6738,0.5114085018634796,10
6742,0.3986292123794556,10
6744,0.6100680470466614,10
6748,0.3854367733001709,10
6749,0.5849928557872772,10
6750,0.40557249784469607,10
6752,0.43453428745269773,10
6759,0.7823842823505401,10
6764,0.3867275059223175,10
6765,0.8573591589927674,10
6766,0.6974449098110199,10
6767,0.7773524284362793,10
6768,0.5046659648418427,10
6770,0.6356471478939056,10
6771,0.5624285399913788,10
6774,0.5790865838527679,10
6778,0.3999507248401642,10
6779,0.46574267745018005,10
6785,0.41482182741165163,10
6787,0.4819034934043884,10
6788,0.27303708451134817,7
6789,0.6203388094902038,5
6792,0.3927989825606346,8
6795,0.8194894433021546,10
6797,0.7783653795719147,10
6798,0.5994016766548157,10
6800,0.40179399847984315,10
6803,0.49657589197158813,10
6805,0.479323410987854,10
6806,0.9054399967193604,5
6809,0.6391770839691162,9
6810,0.7699289083480835,10
6813,0.5320721507072449,10
6814,0.5030571937561035,10
6817,0.741112369298935,10
6819,0.6940797924995422,10
6824,0.2523294448852539,10
6826,0.6003059566020965,10
6830,0.7507480382919312,10
6832,0.8990414857864379,10
6837,0.6985533237457275,10
6840,0.4208292782306671,10
6841,0.6776517391204834,10
6842,0.6786222994327545,10
6847,0.983351469039917,10
6848,0.693277782201767,10
6851,0.11288083791732788,10
6860,0.5804421544075012,10
6861,0.8367490172386169,10
6862,0.6923904836177825,10
6866,0.6681451797485352,10
6868,0.2243623912334442,10
6869,0.7539552271366119,10
6873,0.38622300028800965,10
6874,0.5658756097157797,9
6879,0.40405694842338563,10
6880,0.5010543704032898,10
6883,0.40595126152038574,10
6885,0.6100806295871735,10
6886,0.33551820119222003,9
6887,0.8115202486515045,10
6890,0.7915838241577149,10
6891,0.7011480867862702,10
6892,0.2069301520075117,7
6896,0.6011401355266571,10
6897,0.6925294697284698,10
6898,0.8957442224025727,10
6901,0.6936935961246491,10
6902,0.4022755563259125,10
6907,0.7592055082321167,5
6909,0.5703167617321014,10
6912,0.38378291130065917,10
6914,0.5114802837371826,10
6915,0.20208162665367127,10
6916,0.7600721955299378,10
6918,0.44073447585105896,10
6919,0.6777088046073914,10
6920,0.7847958743572235,10
6921,0.5750786364078522,10
6923,0.7917607724666595,10
6924,0.6138320300314162,9
6926,0.40780683159828185,10
6927,0.6674449741840363,10
6928,0.47859864830970766,10
6929,0.8081681370735169,10
6930,0.7828439176082611,10
6931,0.799658614397049,10
6932,0.5408272922039032,10
6936,0.3019941210746765,10
6937,0.5182941555976868,10
6938,0.3990956783294678,10
6939,0.8976798295974732,10
6940,0.5707863867282867,10
6942,0.5985281288623809,10
6944,0.5540569007396698,10
6945,0.6807891981942313,7
6946,0.7038035213947296,10
6949,0.5586025059223175,10
6953,0.3714853644371033,10
6954,0.7030944466590882,10
6955,0.7679559826850891,10
6958,0.501497882604599,10
6959,0.1680916647116343,6
6963,0.6165298581123352,10
6965,0.5996646657586098,8
6971,0.21739683151245118,10
6974,0.38378824591636657,10
6976,0.6536178290843964,10
6977,0.7808511316776275,10
6978,0.6090854942798615,10
6979,0.5934892296791077,10
6980,0.6068060457706451,10
6981,0.40409460332658553,9
6982,0.8028722167015075,10
6983,0.46756874322891234,10
6988,0.706340229511261,10
6990,0.20104729533195495,10
6993,0.8897489726543426,10
6994,0.5024012446403503,10
6995,0.6414505839347839,10
7003,0.7521054029464722,10
7006,0.6422901690006256,10
7008,0.7717695951461792,10
7009,0.31154791116714475,10
7026,0.4970664978027344,10
7031,0.5003727734088897,10
7033,0.8073111474514008,10
7040,0.3614329159259796,10
7047,0.855727744102478,10
7048,0.604402357339859,10
7051,0.5656248271465302,10
7058,0.5980239272117615,10
7060,0.7787794291973114,10
7062,0.8798709869384765,10
7063,0.5059816241264343,10
7064,0.5987901449203491,10
7065,0.8467658340930939,10
7067,0.7473050594329834,10
7069,0.581100732088089,10
7071,0.7818032503128052,10
7080,0.699080616235733,10
7081,0.40065529346466067,10
7082,0.46751068234443666,10
7086,0.6563072323799133,10
7088,0.6735357701778412,10
7089,0.4019199311733246,10
7090,0.797705227136612,10
7091,0.6320997536182403,10
7095,0.7863819822669029,8
7097,0.6166991233825684,10
7098,0.3952260196208954,10
7102,0.7363271713256836,10
7103,0.8962413549423218,10
7104,0.656519889831543,10
7106,0.7984002768993378,10
7109,0.7064329624176026,10
7112,0.640329247713089,10
7114,0.5886828362941742,10
7118,0.898066371679306,10
7129,0.6622384011745452,10
7131,0.39525853991508486,10
7138,0.8022785127162934,10
7140,0.8552572652697563,8
7141,0.5228630542755127,10
7142,0.4149861454963684,10
7143,0.412224942445755,10
7145,0.5997340857982636,10
7156,0.32507429271936417,8
7164,0.2799442708492279,10
7169,0.6881920099258423,10
7176,0.37940375208854676,10
7177,0.28914010524749756,10
7178,0.7585764050483703,10
7181,0.45328801274299624,10
7182,0.326316100358963,10
7184,0.6392492353916168,10
7185,0.5418246984481812,10
7186,0.5088423788547516,10
7187,0.7982386648654938,10
7189,0.7896968781948089,10
7194,0.794291353225708,10
7203,0.57806516289711,10
7204,0.4972068428993225,10
7215,0.5731528043746948,10
7218,0.5993030607700348,10
7228,0.8996045708656311,10
7230,0.8946913421154022,10
7231,0.2793902839933123,7
7232,0.34464330673217775,10
7235,0.42836432797568186,7
7239,0.4481431782245636,10
7240,0.36393051147460936,10
7241,0.614671790599823,10
7243,0.7421908378601074,10
7248,0.6636424124240875,10
7249,0.848622077703476,10
7250,0.5962514996528625,10
7251,0.6000104367733001,10
7253,0.7716931283473969,10
7254,0.5764464557170867,10
7255,0.8086786091327667,10
7256,0.3257368266582489,10
7259,0.7997036635875702,10
7262,0.800953072309494,10
7263,0.5178540229797364,10
7267,0.5296704888343811,10
7269,0.6979196727275848,10
7270,0.6082378685474396,10
7278,0.6362302839756012,10
7290,0.7002163469791413,10
7296,0.6092945039272308,10
7307,0.7984933197498322,10
7308,0.5075059652328491,10
7310,0.5146885395050049,10
7314,0.5074352860450745,10
7316,0.19502029418945313,10
7318,0.40521777868270875,10
7320,0.635979026556015,10
7327,0.48448161482810975,10
7329,0.8975487232208252,10
7331,0.2637147456407547,8
7334,0.7121737658977508,10
7336,0.40779528617858884,10
7337,0.8784250438213348,10
7338,0.8225872218608856,10
7344,0.5939027070999146,10
7349,0.8102741062641143,10
7354,0.5250238835811615,10
7365,0.41559856534004214,10
7366,0.7904033899307251,10
7367,0.8036620557308197,10
7377,0.7976247012615204,10
7378,0.4321885287761688,10
7382,0.8824259102344513,10
7386,0.7021898090839386,10
7388,0.39480814933776853,10
7399,0.449202299118042,10
7400,0.6000864386558533,10
7410,0.5704735159873963,10
7418,0.8651860117912292,10
7420,0.7184200286865234,10
7421,0.5998319089412689,10
7422,0.5016176342964173,10
7443,0.4634468615055084,10
7447,0.8980252563953399,10
7451,0.7025776267051697,10
7453,0.8924370229244232,10
7457,0.3237032115459442,10
7462,0.8000311017036438,10
7463,0.20996775031089782,10
7464,0.597009825706482,10
7465,0.8259552896022797,10
7467,0.33263000249862673,10
7470,0.6910347759723663,10
7471,0.6427448391914368,10
7473,0.807039999961853,10
7475,0.5009596407413482,10
7479,0.37991268634796144,10
7480,0.5955604255199433,10
7483,0.6354508340358734,10
7487,0.701537698507309,10
7488,0.46379039287567136,10
7491,0.44206767082214354,10
7493,0.645334678888321,10
7501,0.49676636457443235,10
7502,0.7482575178146362,10
7503,0.6089214861392975,10
7506,0.6566622972488403,10
7514,0.9717718183994293,10
7519,0.5988548398017883,10
7522,0.47404454946517943,10
7526,0.5169547200202942,10
7536,0.4811015844345093,10
7537,0.5429858326911926,10
7538,0.7659657537937165,10
7539,0.20252009034156798,10
7541,0.5122846841812134,10
7547,0.5846769332885742,10
7549,0.6865857124328614,10
7552,0.30577778816223145,10
7553,0.6214960038661956,10
7556,0.3801718771457672,10
7557,0.8261525869369507,10
7558,0.9876216292381287,10
7562,0.5143456518650055,10
7563,0.7409696757793427,10
7566,0.631330955028534,10
7567,0.10660860538482667,10
7571,0.6999524891376495,10
7575,0.5584326088428497,10
7576,0.9036134243011474,10
7579,0.5149096250534058,10
7584,0.5986927151679993,10
7586,0.6105607450008392,10
7590,0.6335441291332244,10
7600,0.21672890782356263,10
7601,0.2415607213973999,10
7604,0.3761490285396576,8
7605,0.48477108478546144,10
7607,0.9989076852798462,10
7609,0.5487920224666596,10
7610,0.7993924677371979,10
7611,0.7964655101299286,10
7612,0.205398029088974,10
7614,0.6610086381435394,10
7622,0.5914518058300018,10
7623,0.7959948122501374,10
7625,0.36506662964820863,10
7631,0.6311763465404511,10
7634,0.8645478427410126,10
7635,0.6730100393295289,10
7636,0.6975591778755188,10
7637,0.44009019136428834,10
7638,0.7251876175403595,10
7639,0.3982092022895813,10
7640,0.8021069824695587,10
7641,0.707406222820282,10
7650,0.5938221573829651,10
7651,0.36454657316207884,10
7657,0.7012352406978607,10
7662,0.8974720656871795,10
7667,0.4000705242156982,10
7679,0.7413053578800626,9
7680,0.14504919733319963,7
7682,0.7997660756111145,10
7683,0.5043013691902161,4
7688,0.7181655466556549,10
7693,0.3027140696843465,9
7694,0.5959597885608673,10
7708,0.8886236548423767,10
7709,0.7351083576679229,10
7710,0.5002890706062317,10
7711,0.6053103864192962,10
7712,0.5472840130329132,10
7713,0.7521942555904388,10
7715,0.23206456303596495,10
7717,0.7855652630329132,10
7718,0.7952477097511291,10
7719,0.5217825829982757,10
7720,0.6012143015861511,10
7723,0.4915505528450012,10
7735,0.40462659001350404,10
7739,0.3423504590988159,10
7742,0.48150101900100706,10
7746,0.4174495339393616,10
7748,0.8215322971343995,10
7749,0.8938734233379364,10
7750,0.8105666279792786,10
7753,0.5135331451892853,10
7754,0.5275521397590637,10
7755,0.6008695483207702,10
7762,0.4405337657247271,7
7771,0.9768462657928467,10
7774,0.4731506943702698,10
7779,0.8156866192817688,10
7795,0.799945455789566,10
7799,0.6316615104675293,10
7802,0.3560747702916463,9
7803,0.47189888954162595,10
7804,0.35965619087219236,10
7805,0.8204626321792603,10
7806,0.9039352595806122,10
7808,0.707447600364685,10
7811,0.5333506226539612,10
7815,0.8288477838039399,10
7821,0.40058167576789855,10
7822,0.41402397155761717,10
7823,0.3222256779670715,10
7824,0.691197270154953,10
7826,0.3857022762298584,10
7827,0.35847699642181396,9
7828,0.7990755558013916,10
7829,0.41074206233024596,10
7830,0.6638658583164215,10
7831,0.4621209681034088,10
7834,0.5466811835765839,10
7837,0.4387790486216545,8
7838,0.6710626780986786,10
7840,0.703823846578598,10
7843,0.5086069762706756,10
7844,0.7165317296981811,10
7847,0.6573250591754913,10
7848,0.27573843002319337,10
7849,0.8127395153045655,10
7851,0.5495894372463226,10
7854,0.8246572077274322,10
7858,0.6757182776927948,10
7860,0.5222197651863099,10
7861,0.5675861775875092,10
7862,0.7524754226207733,10
7864,0.4489395558834076,10
7865,0.5995935916900634,10
7866,0.587506103515625,10
7868,0.4096428692340851,10
7869,0.6032631635665894,10
7870,0.8331470608711242,10
7912,0.46786288619041444,10
7917,0.5126075148582458,10
7918,0.18004845976829528,10
7920,0.8987007915973664,10
7921,0.9709178805351257,10
7922,0.5212076783180237,10
7924,0.8934627413749695,10
7927,0.43629112243652346,10
7929,0.6765976071357727,10
7931,0.6518736720085144,10
7934,0.33798704743385316,10
7935,0.7818025529384613,10
7938,0.6941646635532379,10
7939,0.8513120591640473,10
7941,0.4957871973514557,10
7943,0.5951578736305236,10
7944,0.5002876102924347,10
7947,0.6811209261417389,10
7948,0.35031059980392454,10
7950,0.6994332492351532,10
7955,0.5855824530124665,10
7956,0.4851720631122589,6
7958,0.7081565678119659,10
7960,0.47014939188957217,10
7963,0.48005272150039674,10
7964,0.3013125121593475,10
7966,0.6067722618579865,10
7967,0.5138878703117371,10
7970,0.668674635887146,10
7972,0.20697053670883178,10
7973,0.5459912180900574,10
7975,0.6254640519618988,10
7976,0.4403139233589172,10
7977,0.3008055746555328,10
7978,0.5867525517940522,10
7980,0.7038089752197265,10
7981,0.5119544386863708,10
7982,0.42407743334770204,10
7986,0.7037323117256165,10
7989,0.733946031332016,10
7991,0.40476235151290896,10
7992,0.7159816026687622,10
7993,0.4924913465976715,10
7994,0.6547504842281342,10
7995,0.8006685674190521,10
7999,0.24986660480499268,10
8001,0.7093904197216034,10
8003,0.5824246168136596,10
8008,0.7817322850227356,10
8009,0.6637000977993012,10
8017,0.3974112272262573,10
8024,0.3065485179424286,10
8031,0.4089771151542664,10
8032,0.6245736539363861,10
8033,0.7651902198791504,10
8036,0.5673288226127624,10
8037,0.32843366265296936,10
8038,0.3024085223674774,10
8039,0.4271503806114197,10
8041,0.6932681918144226,10
8042,0.6268681287765503,10
8043,0.16897375384966531,6
8045,0.6961951851844788,10
8046,0.8957228422164917,10
8049,0.8754416763782501,10
8051,0.893699187040329,10
8056,0.40644036531448363,10
8057,0.21875635981559755,10
8059,0.45664811730384824,10
8063,0.16221724152565004,10
8066,0.8226649284362793,10
8067,0.5011016726493835,10
8069,0.8016524612903595,10
8071,0.7926562488079071,10
8079,0.76419677734375,10
8081,0.48839685320854187,10
8088,0.3862163364887238,10
8089,0.5050552070140839,10
8093,0.7931814789772034,10
8095,0.20296363830566405,10
8096,0.4393806874752045,10
8097,0.8195585072040558,10
8098,0.7191119968891144,10
8100,0.4327514427048819,7
8101,0.7540930390357972,10
8102,0.7639390170574188,10
8103,0.6172341644763947,10
8104,0.6874614000320435,10
8107,0.7825522124767303,10
8109,0.8771432042121887,10
8110,0.6041254937648773,10
8121,0.2971796691417694,10
8122,0.40834107995033264,10
8124,0.4128949224948883,10
8125,0.8038275718688965,10
8126,0.6261680066585541,10
8127,0.6547244608402252,10
8128,0.54320809841156,10
8129,0.8493379592895508,10
8130,0.4948358774185181,10
8132,0.6464158296585083,10
8133,0.08439860343933106,10
8134,0.3119547665119171,10
8138,0.45400341153144835,10
8139,0.5981116116046905,10
8140,0.5682535767555237,10
8147,0.8864874124526978,10
8159,0.5867126226425171,10
8160,0.3882072627544403,10
8161,0.8009467780590057,10
8166,0.5652688801288605,10
8168,0.7064457654953002,10
8170,0.37188119292259214,10
8172,0.570569658279419,10
8173,0.3490518152713776,10
8177,0.6688201248645782,10
8178,0.19386332631111144,10
8179,0.42871214747428893,10
8180,0.7566478848457336,10
8188,0.8837019999821981,9
8190,0.7583813488483429,10
8191,0.5235073983669281,10
8192,0.48540131449699403,10
8193,0.6982339084148407,10
8195,0.7124630033969879,10
8196,0.2921397745609283,10
8201,0.05699498951435089,8
8203,0.7827078342437744,10
8204,0.4231094717979431,10
8207,0.7990492165088654,10
8208,0.5998222649097442,10
8210,0.6983432650566102,10
8211,0.34363300204277036,10
8217,0.4165710508823395,10
8220,0.6988674104213715,10
8221,0.6992660224437713,10
8222,0.6918635964393616,10
8229,0.7466902077198029,10
8232,0.8495266616344452,10
8233,0.4140023708343506,10
8243,0.2949674665927887,10
8245,0.6999713957309723,10
8246,0.5061239719390869,10
8247,0.6069491624832153,10
8250,0.8341398715972901,10
8252,0.3993228912353516,10
8253,0.8896107375621796,10
8254,0.5752110064029694,10
8256,0.32400129437446595,10
8258,0.899772709608078,10
8262,0.6896106856209892,7
8267,0.4328211069107056,10
8273,0.373353374004364,10
8279,0.6783732593059539,10
8283,0.4090747654438019,10
8284,0.6064006507396698,10
8285,0.6540896415710449,10
8295,0.7226065397262573,10
8304,0.2944516777992249,10
8307,0.6871246874332428,10
8308,0.505697762966156,10
8316,0.7960004031658172,10
8317,0.5995836079120636,10
8319,0.2907109439373016,10
8320,0.6947350680828095,10
8321,0.4593778312206268,10
8322,0.6937400996685028,10
8324,0.846379029750824,10
8325,0.7034118175506592,10
8326,0.2140423536300659,10
8327,0.2575386047363281,10
8328,0.9272579312324524,10
8329,0.4956237435340881,10
8330,0.44464512666066486,9
8331,0.2046856701374054,10
8332,0.5017159163951874,10
8334,0.3001512348651886,10
8335,0.5029567956924439,10
8336,0.7700396537780761,10
8337,0.598111379146576,10
8349,0.6161035180091858,10
8350,0.8946835219860076,10
8351,0.7932466864585876,10
8352,0.5999211549758912,10
8353,0.5765484631061554,10
8354,0.7920746803283691,10
8355,0.8981292188167572,10
8358,0.49965434670448305,10
8360,0.2956373572349548,10
8362,0.7866446137428283,10
8363,0.789074593782425,10
8364,0.49094522595405576,10
8365,0.6084357559680938,10
8366,0.70345419049263,10
8382,0.8202844560146332,10
8388,0.30618607997894287,10
8392,0.5188056230545044,10
8393,0.47968476414680483,10
8394,0.6473990380764008,10
8400,0.5543468832969666,10
8402,0.579595011472702,10
8405,0.6990971386432647,10
8406,0.7000063598155976,10
8408,0.6396852195262909,10
8409,0.41039797067642214,10
8410,0.7146966874599456,10
8415,0.614958119392395,10
8419,0.487719401717186,8
8424,0.6001508891582489,10
8428,0.6084708511829376,10
8429,0.2289645254611969,10
8432,0.4876557230949402,10
8434,0.8941426515579224,10
8446,0.7084526956081391,10
8447,0.31637868881225584,10
8448,0.5664176285266876,10
8450,0.6906444132328033,10
8452,0.6483556495772468,9
8454,0.5391377389431,10
8455,0.30901346206665037,10
8456,0.3007140278816223,10
8457,0.5416421175003052,10
8459,0.5940869688987732,10
8461,0.7534945547580719,10
8470,0.535004985332489,10
8471,0.47100868821144104,10
8475,0.6005647957324982,10
8476,0.5631505913204617,9
8477,0.6823938965797425,10
8479,0.4030678987503052,10
8481,0.7890672862529755,10
8484,0.39251345992088316,10
8486,0.5896031439304352,10
8487,0.6037147462368011,10
8490,0.680739575624466,10
8491,0.8973922014236451,10
8495,0.5960954129695892,10
8497,0.5050107538700104,10
8499,0.30576047897338865,10
8502,0.6910397231578826,10
8503,0.5090207576751709,10
8508,0.5073976993560791,10
8509,0.7350470900535584,10
8514,0.32295661568641665,10
8515,0.7658393561840058,10
8517,0.8003636062145233,10
8518,0.6963816165924073,10
8519,0.3050763249397278,10
8521,0.5972598910331726,10
8522,0.7937636971473694,10
8526,0.5115146279335022,10
8530,0.4971161186695099,10
8531,0.7500658690929413,10
8533,0.9018868207931519,10
8537,0.8444295227527618,10
8538,0.6242104887962341,10
8542,0.48570927381515505,10
8544,0.6045654773712158,10
8552,0.6336845278739929,10
8553,0.5215155959129334,10
8560,0.5184913362775531,7
8567,0.4958154082298279,10
8569,0.5455560147762298,10
8571,0.41492438316345215,10
8577,0.3048815429210663,10
8585,0.6473046064376831,10
8589,0.5174644410610199,10
8593,0.3361833691596985,10
8598,0.22807669043540954,10
8599,0.22737254036797416,9
8600,0.20836650729179382,10
8618,0.40941829681396485,10
8619,0.5066179752349853,10
8620,0.6050423145294189,10
8621,0.24854567646980286,8
8624,0.5968550562858581,10
8626,0.24453835487365722,10
8630,0.7007372319698334,10
8633,0.6984705269336701,10
8636,0.6664249062538147,10
8637,0.49844703674316404,10
8638,0.2822010159492493,5
8643,0.6977415978908539,10
8644,0.7370872259140014,10
8645,0.40866177082061766,10
8651,0.32488664984703064,6
8652,0.27168990969657897,10
8654,0.9927932620048523,10
8658,0.6535081267356873,10
8666,0.45459316968917846,10
8668,0.7968940138816833,10
8670,0.7875772476196289,5
8671,0.7034103691577911,10
8675,0.5963601410388947,10
8676,0.5329538822174072,10
8679,0.5632456004619598,10
8689,0.38184088468551636,10
8690,0.6011519253253936,10
8691,0.28655428545815603,7
8693,0.6262522578239441,10
8702,0.6110253870487213,10
8703,0.698098874092102,10
8705,0.7123475193977356,10
8707,0.5814401030540466,10
8711,0.7888977289199829,10
8717,0.3571583330631256,10
8719,0.40090656876564024,10
8720,0.4936850070953369,10
8721,0.5146598815917969,10
8722,0.602031409740448,10
8723,0.756401264667511,10
8724,0.6967558801174164,10
8725,0.5030729174613953,10
8727,0.40438533425331114,10
8728,0.5937975764274597,10
8730,0.6951027691364289,10
8731,0.4987500011920929,10
8736,0.8923564255237579,10
8737,0.7055755853652954,10
8740,0.6330156326293945,10
8742,0.5354571342468262,10
8743,0.5047882795333862,10
8744,0.44459923505783083,10
8745,0.49391731023788454,10
8746,0.3017242431640625,10
8747,0.7074279069900513,10
8748,0.5025933742523193,10
8749,0.5890138149261475,10
8751,0.8957086682319642,10
8753,0.7728391706943512,10
8754,0.5648683726787567,10
8755,0.6282774150371552,10
8756,0.6709610760211945,10
8757,0.639199036359787,10
8758,0.4830350637435913,10
8782,0.7904242515563965,10
8784,0.3564581036567688,10
8787,0.5998293220996856,10
8788,0.2999168038368225,10
8790,0.5644249439239502,10
8798,0.5724568903446198,10
8803,0.6020173013210297,10
8804,0.6083886921405792,10
8806,0.6377992689609527,10
8812,0.5325896441936493,10
8813,0.39881882071495056,10
8815,0.7368147611618042,10
8816,0.6060708284378051,10
8817,0.701964944601059,10
8818,0.7969257593154907,10
8829,0.7606674253940582,10
8833,0.5084206402301789,10
8834,0.6888441920280457,10
8835,0.6356872379779815,10
8842,0.36815189719200136,10
8843,0.7998368322849274,10
8847,0.49449564814567565,10
8848,0.40311771631240845,10
8852,0.58675457239151,10
8860,0.39505125880241393,10
8863,0.5008842468261718,10
8887,0.7090151309967041,10
8888,0.7395651280879975,10
8892,0.33964775800704955,10
8899,0.49987709522247314,6
8902,0.9492052892843882,6
8903,0.39464799761772157,10
8904,0.4033151865005493,10
8909,0.6068061769008637,10
8911,0.7742131590843201,10
8913,0.6155898809432984,10
8915,0.6981878101825714,10
8916,0.4786829352378845,10
8920,0.7087472081184387,10
8923,0.4814095914363861,10
8924,0.608283418416977,10
8930,0.49760438203811647,10
8935,0.7987416028976441,10
8939,0.638777780532837,10
8943,0.6976789891719818,10
8944,0.6051849365234375,10
8945,0.6919695019721985,10
8946,0.435237854719162,10
8950,0.1431268036365509,10
8954,0.695600026845932,10
8957,0.6910921335220337,10
8958,0.301901513338089,10
8960,0.5805424782964919,9
8962,0.5949710786342621,10
8963,0.5511616885662078,10
8964,0.5978751361370087,10
8965,0.37247340083122255,10
8966,0.22510482668876647,10
8970,0.6809926152229309,10
8972,0.4952198326587677,10
8976,0.7693502128124237,10
8979,0.7502955138683319,10
8981,0.7027503490447998,10
8983,0.3103445589542389,10
8985,0.7455904901027679,10
8986,0.48553602695465087,10
8989,0.8652297973632812,10
8990,0.5720038950443268,10
8993,0.8948050141334534,10
8996,0.676280802488327,10
8997,0.49535142779350283,10
8998,0.6062066316604614,10
9004,0.6099120259284974,10
9010,0.4133488476276398,10
9013,0.6721067368984223,10
9016,0.691863226890564,10
9017,0.28624849319458007,10
9018,0.7007008910179138,10
9021,0.7351136386394501,10
9022,0.8448891043663025,10
9027,0.7017265081405639,10
9028,0.5996594071388245,10
9033,0.6178174912929535,10
9041,0.7730822682380676,10
9044,0.47644542455673217,10
9048,0.7754628717899322,10
9049,0.7788665771484375,10
9062,0.5802251517772674,10
9063,0.7861919283866883,10
9070,0.3310197724236382,9
9076,0.8934897065162659,10
9077,0.8914913415908814,10
9079,0.42233566045761106,10
9082,0.317829030752182,10
9083,0.49468146562576293,10
9084,0.5066051363945008,10
9086,0.5084825932979584,10
9087,0.6314553788730076,7
9090,0.8890710592269897,10
9091,0.5563529670238495,10
9092,0.8287195265293121,10
9093,0.6212686657905578,10
9094,0.481141722202301,10
9095,0.9987265169620514,8
9104,0.701633232831955,10
9108,0.3009247362613678,10
9110,0.5507092654705048,10
9111,0.6854304492473602,10
9112,0.4748140752315521,10
9115,0.0940764918923378,8
9117,0.40744287967681886,10
9118,0.10937954187393188,10
9132,0.6637338280677796,10
9133,0.6127670705318451,10
9135,0.7299213111400604,10
9139,0.899406886100769,10
9143,0.6008175194263459,10
9146,0.7902602791786194,10
9149,0.7997125506401062,10
9150,0.8871930658817291,10
9152,0.10797640681266785,10
9153,0.4802877604961395,10
9156,0.401711106300354,5
9160,0.5470524549484252,10
9161,0.6176787734031677,10
9173,0.07492701411247253,10
9174,0.5481012523174286,10
9177,0.8494307100772858,10
9181,0.507060095667839,8
9188,0.306123411655426,10
9189,0.43059190511703493,10
9192,0.8507583856582641,10
9194,0.5026298032866584,9
9197,0.72261563539505,10
9200,0.6053990662097931,10
9201,0.2533950865268707,10
9202,0.40946232676506045,10
9203,0.8011408150196075,10
9204,0.457442843914032,10
9209,0.7853412806987763,10
9211,0.5986833453178406,10
9214,0.35243178606033326,10
9215,0.6103493511676789,10
9216,0.6925796508789063,10
9217,0.4045884072780609,10
9220,0.9278426051139832,10
9227,0.4022540509700775,10
9233,0.2937521696090698,10
9234,0.30414409637451173,10
9237,0.7965567231178283,10
9238,0.6949182212352752,10
9246,0.6529085576534271,10
9248,0.6926250040531159,10
9249,0.5062455013394356,8
9250,0.7397449347707961,9
9251,0.489071261882782,10
9259,0.49563105702400206,10
9263,0.5058584988117218,10
9272,0.6401741862297058,5
9277,0.397029310464859,6
9284,0.8194601953029632,10
9288,0.7238126516342163,10
9293,0.6132327675819397,10
9296,0.7782783687114716,10
9297,0.778036105632782,10
9300,0.6429578006267548,10
9319,0.6191716015338897,10
9320,0.7967981219291687,10
9339,0.822442501783371,10
9341,0.6802688419818879,10
9342,0.5229845166206359,10
9343,0.7481456398963928,8
9345,0.6863129138946533,10
9346,0.6901826918125152,10
9348,0.35328400135040283,4
9350,0.8184155702590943,10
9354,0.9878718018531799,10
9356,0.6266555547714233,10
9357,0.14319458603858948,10
9360,0.6049862384796143,10
9364,0.7178907513618469,10
9368,0.4128381907939911,10
9376,0.4981528639793396,10
9379,0.6369860589504241,10
9385,0.5916111767292023,10
9386,0.6743332505226135,10
9388,0.40095149278640746,10
9392,0.4534809410572052,10
9406,0.5580683171749115,10
9408,0.7209626615047455,10
9410,0.5321422086821662,9
9415,0.6075716614723206,10
9416,0.37518253922462463,10
9418,0.5842367291450501,10
9420,0.699359804391861,10
9426,0.5970601260662078,10
9438,0.5420198261737823,10
9439,0.696089792251587,10
9440,0.7924361884593963,10
9441,0.7328095436096191,10
9446,0.6225009799003601,10
9464,0.4291504383087158,10
9471,0.7302490234375,10
9473,0.8911342620849609,10
9474,0.7102946221828461,10
9475,0.39079150557518005,10
9476,0.5858005583286285,10
9488,0.6568328539530436,9
9489,0.7272765934467316,10
9496,0.8534729957580567,10
9504,0.8198398888111115,10
9506,0.8944700419902801,10
9507,0.6164104819297791,10
9508,0.210235995054245,10
9509,0.5022183060646057,10
9514,0.5673404097557068,10
9516,0.2007387697696686,10
9539,0.6217091739177704,10
9540,0.5936744034290313,10
9541,0.603236073255539,10
9545,0.39784194231033326,10
9547,0.5707017123699188,10
9554,0.4077678471803665,8
9556,0.5821150243282318,10
9559,0.899631679058075,10
9560,0.5170727670192719,10
9564,0.5915045619010926,10
9565,0.3019329309463501,10
9569,0.8826813757419586,10
9571,0.41188934445381165,10
9573,0.5095882654190064,10
9577,0.798586392402649,10
9581,0.5272259414196014,10
9583,0.700716632604599,10
9589,0.6150288760662079,10
9594,0.4873424106174045,9
9597,0.9853148639202118,10
9603,0.6031610488891601,10
9606,0.6458301365375518,10
9607,0.4020585834980011,10
9609,0.7099804043769836,10
9610,0.6897344052791595,10
9615,0.4217042028903961,10
9616,0.5611961483955383,10
9617,0.49650434255599973,10
9619,0.7021445810794831,10
9621,0.4936306893825531,10
9625,0.48486545085906985,10
9629,0.7068317651748657,10
9633,0.8027370393276214,10
9639,0.7648305058479309,10
9640,0.6921487987041474,10
9646,0.38837799429893494,10
9650,0.400918447971344,10
9663,0.4854491949081421,10
9666,0.3076892733573914,10
9668,0.8661645412445068,10
9673,0.8044289350509644,10
9674,0.8987506270408631,10
9675,0.43839818239212036,10
9681,0.5977120995521545,10
9685,0.7038187921047211,10
9704,0.31144203543663024,10
9705,0.4197337806224823,10
9706,0.2542199045419693,8
9710,0.699881774187088,10
9725,0.3189661383628845,10
9735,0.6890051662921906,10
9759,0.6900498006078932,9
9776,0.6020171880722046,10
9782,0.7979403734207153,10
9784,0.5739502641889784,9
9785,0.7025351643562316,10
9787,0.41076236963272095,10
9790,0.4992325082421303,8
9791,0.5982440114021301,10
9792,0.3731328368186951,10
9794,0.6911662697792054,10
9801,0.7982179164886475,10
9802,0.4794902503490448,10
9803,0.4908139407634735,10
9804,0.5769830405712127,10
9805,0.592873603105545,10
9808,0.7691692113876343,10
9812,0.7021615982055665,10
9816,0.6960893750190735,10
9823,0.19755579233169557,10
9824,0.42674351334571836,10
9825,0.504818445444107,10
9829,0.8916078627109527,10
9833,0.4329024016857147,10
9835,0.36047125458717344,10
9843,0.5120827158292135,6
9844,0.663345197836558,6
9845,0.4324096441268921,8
9846,0.3817615244123671,9
9847,0.30364784598350525,10
9849,0.5521619915962219,6
9851,0.5056911706924438,10
9852,0.585767787694931,10
9853,0.20720035689217703,7
9854,0.43664543827374774,6
9855,0.6872833669185638,10
9858,0.6018948376178741,10
9861,0.25983625650405884,4
9863,0.20198979548045568,7
9865,0.6807523012161255,10
9866,0.5159597873687745,10
9867,0.5054514944553375,10
9869,0.34774815042813617,6
9870,0.5069211304187775,10
9878,0.40326690673828125,10
9901,0.37413443624973297,8
9907,0.5467645525932312,7
9908,0.40589152574539183,10
9909,0.6597785532474518,10
9910,0.7954698801040649,10
9912,0.6263694941997529,10
9913,0.48677606880664825,8
9915,0.30770167112350466,10
9916,0.6005909144878387,10
9918,0.9782441198825836,10
9921,0.615687346458435,10
9929,0.6440840448651995,7
9932,0.6327362179756164,10
9938,0.40325737595558164,10
9947,0.6003671169281006,10
9959,0.8114880740642547,10
9961,0.45927874445915223,10
9962,0.4006807029247284,10
9963,0.6484978199005127,10
9968,0.30355859994888307,10
9969,0.4517675220966339,10
9971,0.5866391956806183,10
9973,0.7739207684993744,10
9988,0.7148162211690631,7
9989,0.5996665239334107,10
10008,0.4041526675224304,10
10014,0.46853089332580566,10
10022,0.6104223012924195,10
10033,0.5940617501735688,10
10038,0.6991612017154694,10
10043,0.40380284786224363,10
10052,0.687935221195221,10
10065,0.8892665207386017,10
10075,0.6213725507259369,8
10081,0.6045631349086762,10
10084,0.6797715485095978,10
10090,0.7689365029335022,10
10093,0.5533896744251251,10
10094,0.4261730975574917,9
10095,0.5001377999782562,10
10096,0.7421374440193176,10
10102,0.7129669427871704,10
10104,0.6085205256938935,10
10140,0.7058398962020874,10
10149,0.6484473943710327,10
10152,0.6619700524542067,9
10156,0.7180474817752838,10
10164,0.5654603004455566,10
10167,0.602415817975998,10
10168,0.7303973793983459,10
10171,0.5719936092694601,9
10174,0.7989152312278748,10
10175,0.2769396543502808,10
10183,0.838365912437439,10
10186,0.6076646149158478,10
10188,0.7005607187747955,10
10196,0.42061749696731565,10
10203,0.4001818001270294,10
10206,0.6857348918914795,10
10213,0.32400896549224856,10
10214,0.6441280901432037,10
10215,0.6844103276729584,10
10221,0.4987693190574646,10
10226,0.9862641632556916,10
10230,0.7972066760063171,10
10234,0.5979645907878876,10
10236,0.5028794348239899,10
10244,0.9142771422863006,10
10245,0.608468621969223,10
10248,0.80639488697052,10
10256,0.6749521911144256,10
10257,0.3991927444934845,10
10258,0.3937293291091919,10
10261,0.4175596833229065,10
10262,0.5122028172016144,10
10264,0.7132546484470368,10
10265,0.7328851103782654,10
10266,0.5557194590568543,10
10267,0.5593445777893067,10
10268,0.6108412146568298,10
10269,0.401826274394989,10
10270,0.29082573056221006,10
10272,0.6644782066345215,10
10275,0.2926301785877773,7
10282,0.6226778447628021,10
10283,0.49039499163627626,10
10291,0.797526228427887,10
10293,0.309421706199646,10
10300,0.565039473772049,10
10301,0.4789868354797363,10
10303,0.2106197953224182,10
10304,0.6280187964439392,10
10306,0.5713174598557609,7
10307,0.7159809947013855,10
10308,0.37774112820625305,10
10310,0.6025177478790283,10
10320,0.5319392681121826,10
10323,0.595800656080246,10
10325,0.5675776958465576,10
10326,0.5851514935493469,10
10341,0.5125726997852326,10
10345,0.629180520772934,10
10346,0.9003938555717468,10
10348,0.6237646996974945,10
10353,0.7981665670871735,10
10354,0.677328097820282,10
10355,0.3644601583480835,10
10361,0.4992926001548767,10
10368,0.6173080325126648,10
10376,0.8955740094184875,10
10383,0.6668869137763977,10
10386,0.7006156802177429,10
10392,0.3013067364692688,10
10394,0.6025814533233642,10
10400,0.5589303314685822,10
10414,0.5985893905162811,10
10419,0.22514947652816772,10
10424,0.8047737240791321,10
10431,0.5602308750152588,10
10432,0.404941600561142,10
10445,0.40162327885627747,10
10447,0.6940373863492694,7
10450,0.4885517179965973,10
10453,0.3359930872917175,10
10459,0.5570494532585144,10
10462,0.07301999628543854,8
10463,0.684659343957901,10
10467,0.5551878929138183,10
10470,0.30780662298202516,10
10471,0.41293313503265383,10
10472,0.5680490076541901,10
10496,0.5496384978294373,10
10501,0.7817977905273438,10
10502,0.4017451465129852,10
10506,0.5805534541606903,10
10508,0.6112464785575866,10
10511,0.6623561799526214,10
10518,0.6365930318832398,10
10520,0.5947443902492523,10
10523,0.7163920104503632,10
10525,0.6865112781524658,10
10527,0.6904713809490204,10
10529,0.8324867308139801,10
10533,0.7939791858196259,10
10534,0.42076473236083983,10
10537,0.5497568547725677,10
10543,0.49779871106147766,10
10547,0.4878671944141388,10
10550,0.599373173713684,10
10551,0.7816204786300659,10
10557,0.8019314527511596,10
10559,0.3018584787845612,10
10561,0.7310771703720093,10
10564,0.5133583903312683,10
10565,0.5526593327522278,10
10570,0.4061273217201233,10
10573,0.4773369550704956,10
10574,0.4981220304965973,10
10575,0.6627367377281189,10
10578,0.5619464159011841,10
10579,0.5801406800746918,10
10581,0.47440946102142334,10
10582,0.48317291339238483,6
10584,0.6143031418323517,10
10589,0.4136294603347778,10
10590,0.5626365959644317,10
10593,0.6012685179710389,10
10599,0.49451510310173036,10
10605,0.8723786398768425,8
10611,0.4375814199447632,10
10612,0.5833528697490692,10
10613,0.6836980700492858,10
10623,0.4757421314716339,10
10625,0.207354074716568,10
10626,0.4834401190280914,10
10630,0.5838975727558136,10
10631,0.5800150275230408,10
10634,0.5018304049968719,10
10640,0.31275715231895446,10
10641,0.8005818367004395,10
10642,0.7909300744533538,10
10651,0.7432639173098973,7
10653,0.6076879143714905,10
10659,0.4235449850559235,10
10660,0.5807471513748169,10
10662,0.5328382968902587,10
10668,0.6371068716049194,10
10672,0.7006850063800811,10
10673,0.4985450267791748,10
10676,0.5013182818889618,10
10679,0.5566187500953674,10
10681,0.6148466110229492,10
10682,0.6005371391773224,10
10683,0.6937762141227722,10
10687,0.6989511907100677,10
10688,0.23373148441314698,10
10707,0.5607016980648041,10
10709,0.3595180153846741,10
10712,0.3745599865913391,10
10715,0.07784974575042725,10
10716,0.9644611299037933,10
10718,0.6764545977115631,10
10742,0.5389383733272552,10
10744,0.4241757571697235,10
10753,0.9988062977790833,6
10756,0.49517491459846497,10
10757,0.4673805356025696,10
10765,0.5000283896923066,10
10769,0.6505805750687917,6
10776,0.7445289134979248,10
10780,0.8118853628635406,10
10783,0.48829916715621946,10
10785,0.43594659566879274,10
10788,0.8954012036323548,10
10789,0.7928797662258148,10
10793,0.2743107914924622,10
10797,0.4772086484091623,7
10799,0.6552942097187042,10
10802,0.5194456398487091,10
10805,0.4865998387336731,10
10807,0.44965606927871704,10
10808,0.3321620623270671,3
10809,0.6696939885616302,10
10811,0.39691082239151,10
10813,0.5053252041339874,10
10814,0.6809966325759887,10
10815,0.41425551772117614,10
10816,0.340283477306366,10
10819,0.8295280933380127,10
10820,0.4518506858083937,9
10822,0.5032856523990631,10
10829,0.49336734414100647,10
10831,0.3057052969932556,10
10836,0.30611650347709657,10
10842,0.6292530477046967,10
10845,0.7173839151859284,10
10855,0.6066426277160645,10
10869,0.2188531994819641,10
10878,0.7975039005279541,10
10880,0.5481896877288819,10
10884,0.7230760276317596,10
10885,0.3197872757911682,10
10890,0.90147665143013,10
10893,0.6491091966629028,10
10898,0.4709035575389862,10
10906,0.5954531788825989,10
10908,0.37603057622909547,10
10912,0.30420390963554383,10
10914,0.5645834088325501,10
10915,0.7991268694400787,10
10916,0.40787232518196104,10
10917,0.5173909842967988,10
10925,0.40864434838294983,10
10934,0.45349809527397156,10
10946,0.7058153688907624,10
10947,0.6898807883262634,10
10949,0.023831880092620848,5
10960,0.4367020964622498,10
10962,0.6727452218532562,10
10964,0.6392858028411865,10
10966,0.6138284007708231,9
10968,0.7480476558208465,10
10971,0.9967978239059448,10
10986,0.6571232616901398,10
10989,0.4137554824352264,10
10995,0.49128096699714663,10
10996,0.610952228307724,10
10997,0.422219318151474,10
10998,0.6426454603672027,10
10999,0.511600136756897,10
11001,0.8012553751468658,10
11002,0.4993725061416626,10
11011,0.6790454983711243,10
11017,0.7157867014408111,10
11027,0.9371478438377381,10
11028,0.5556836187839508,10
11030,0.6156260907649994,10
11037,0.46484951972961425,10
11038,0.6465175211429596,10
11047,0.39943115711212157,10
11050,0.6999562799930572,10
11052,0.5683365941047669,10
11056,0.403442257642746,10
11057,0.8639478802680969,10
11060,0.5694242537021637,10
11071,0.4807698965072632,10
11081,0.8000490725040436,10
11083,0.6991008222103119,10
11084,0.6010101616382599,10
11085,0.608230036497116,10
11091,0.6264190018177033,10
11093,0.5917577981948853,10
11096,0.8559635937213897,10
11104,0.7010399758815765,10
11106,0.405917751789093,10
11110,0.4256346583366394,10
11111,0.8242966830730438,10
11112,0.4971901476383209,10
11113,0.8041475713253021,10
11115,0.19969976544380189,10
11116,0.50216845870018,10
11121,0.6485018372535706,10
11122,0.8962593674659729,10
11124,0.6275330245494842,10
11125,0.5458119809627533,10
11126,0.5990549266338349,10
11127,0.5086267530918122,10
11129,0.5377576112747192,10
11131,0.46618662476539613,10
11132,0.4984483003616333,10
11135,0.5379301905632019,10
11136,0.5889282405376435,10
11138,0.7266702651977539,10
11139,0.513445895910263,10
11147,0.6978416979312897,10
11149,0.5030752182006836,10
11159,0.5011903464794158,10
11160,0.6142691135406494,10
11161,0.5211224436759949,10
11166,0.7304762363433838,10
11167,0.5999101638793946,10
11168,0.41155573129653933,10
11170,0.899401205778122,10
11177,0.6267216384410859,10
11179,0.9258406162261963,10
11182,0.5915028274059295,10
11187,0.5992661893367768,10
11188,0.8906353890895844,10
11195,0.6722193360328674,10
11200,0.5370999634265899,10
11202,0.41608131527900694,10
11205,0.3538610994815826,10
11208,0.8983330488204956,10
11215,0.4860775530338287,10
11229,0.7033332943916321,10
11231,0.9762886941432953,10
11235,0.4984686076641083,10
11241,0.711648803949356,10
11248,0.42873457074165344,10
11253,0.6016651868820191,10
11258,0.5998649060726166,10
11262,0.22987136244773865,10
11265,0.5654645144939423,10
11269,0.9360241293907166,10
11274,0.3570167601108551,10
11278,0.7901926875114441,10
11283,0.5215053498744965,10
11284,0.4376068115234375,8
11287,0.8031920909881591,10
11289,0.8940730690956116,10
11292,0.15080385208129882,10
11293,0.3443160176277161,10
11320,0.7875094711780548,6
11330,0.2344268560409546,10
11339,0.47893273234367373,10
11347,0.6556200742721557,10
11351,0.3382035970687866,10
11357,0.8563392281532287,10
11370,0.10409449934959411,10
11373,0.46353728175163267,10
11385,0.7987305045127868,10
11388,0.5673779129981995,10
11393,0.5996104657649994,10
11394,0.612051248550415,10
11396,0.6577583253383636,10
11399,0.6557144522666931,10
11402,0.5560651421546936,10
11404,0.9296937704086303,10
11407,0.6552766501903534,10
11408,0.2271423041820526,10
11412,0.5939819037914276,10
11413,0.8091097474098206,10
11414,0.6008880734443665,10
11415,0.8176471889019012,10
11416,0.222337007522583,10
11429,0.3572650134563446,10
11432,0.4596312642097473,10
11433,0.32100329228809904,7
11435,0.5560101628303528,10
11436,0.7295457363128662,10
11437,0.5123899638652801,10
11438,0.640718299150467,10
11441,0.3546644330024719,10
11446,0.2864904224872589,10
11452,0.6966886222362518,10
11456,0.7696230053901673,10
11464,0.48826920986175537,10
11465,0.7493460834026336,10
11466,0.49386950135231017,10
11469,0.6194059073925018,10
11473,0.6924806058406829,10
11476,0.30796599984169004,10
11477,0.6577883720397949,10
11482,0.501509290933609,10
11483,0.5978249073028564,10
11484,0.5427520930767059,10
11494,0.2778679331143697,9
11496,0.5188367605209351,10
11498,0.496783983707428,10
11499,0.52417551279068,10
11500,0.500814425945282,10
11508,0.896211975812912,10
11510,0.6068956732749939,10
11511,0.5356782376766205,10
11512,0.43664578199386594,10
11514,0.8950100064277648,10
11519,0.36384324431419374,10
11525,0.8152064502239227,10
11527,0.5230660319328309,10
11528,0.3315819680690765,10
11530,0.2806743621826172,10
11531,0.7331961452960968,10
11532,0.5814472317695618,10
11534,0.32555075486501056,9
11542,0.5800728023052215,10
11547,0.4514225244522095,10
11551,0.46054696291685104,8
11552,0.4754721879959106,10
11556,0.894041508436203,10
11561,0.2050369918346405,10
11562,0.5369383454322815,10
11563,0.21065492033958436,10
11573,0.49492279887199403,10
11581,0.73906489610672,10
11582,0.612201702594757,10
11585,0.8982716739177704,10
11600,0.37373627424240113,10
11601,0.519474059343338,10
11616,0.20289573073387146,10
11618,0.4613895654678345,10
11628,0.305122035741806,10
11629,0.5020116865634918,10
11632,0.5072806060314179,10
11634,0.5046177446842194,10
11635,0.24175767302513124,10
11640,0.6214235365390778,10
11641,0.5890760898590088,10
11642,0.6912376999855041,10
11646,0.6219334244728089,10
11648,0.5196478009223938,10
11670,0.6748977124691009,10
11673,0.5616004347801209,10
11680,0.6566528876622518,6
11683,0.3996284186840057,10
11689,0.48997654517491657,6
11694,0.2055794596672058,10
11695,0.4111672878265381,10
11699,0.7634786546230317,10
11701,0.30557834506034853,10
11703,0.49201353192329406,10
11705,0.7009421527385712,10
11706,0.500654524564743,10
11707,0.5918663084506989,10
11708,0.5907927632331849,10
11714,0.7994491338729859,5
11726,0.7137505888938904,10
11730,0.5922653079032898,10
11733,0.6052983522415161,10
11737,0.32464689016342163,10
11739,0.5133127510547638,10
11751,0.5130817055702209,10
11753,0.6676632583141326,10
11756,0.6999766290187835,10
11760,0.6970674812793731,10
11763,0.6963860154151916,10
11764,0.5070263147354126,10
11765,0.3166409909725189,10
11766,0.40884241461753845,10
11778,0.712657767534256,10
11784,0.5993910630544027,6
11790,0.6150030255317688,10
11800,0.4948521971702576,10
11821,0.500754177570343,10
11822,0.4124230325222015,10
11824,0.5620151029692756,9
11825,0.7879853546619415,10
11826,0.4144234597682953,10
11854,0.6624560356140137,6
11855,0.9765936732292175,10
11862,0.6249305903911591,10
11863,0.6959207594394684,10
11865,0.5159521758556366,10
11873,0.40501874685287476,10
11883,0.2511281669139862,10
11886,0.7520657539367676,10
11888,0.6980595469474793,10
11889,0.8089690923690795,10
11899,0.5803544878959656,10
11901,0.23425753116607667,10
11924,0.8657606575224135,9
11925,0.742950402200222,8
11929,0.23282006978988648,10
11930,0.5435766160488129,10
11937,0.4459337592124939,10
11938,0.4104915261268616,10
11945,0.4927093982696533,10
11949,0.8487944066524505,10
11950,0.41683539748191833,10
11954,0.5987953841686249,10
11955,0.6894449472427369,10
11957,0.7970536172389984,10
11964,0.7219073712825775,10
11965,0.8135316669940948,6
11967,0.8648358881473541,10
11968,0.44194216198391384,9
11970,0.5488477528095246,10
11971,0.707384467124939,10
11972,0.9882401347160339,10
11973,0.6499876454472542,8
11974,0.6049788177013398,10
11978,0.47442947030067445,10
11983,0.3320135474205017,10
11988,0.5319858610630035,10
11993,0.37109497785568235,10
11997,0.5976339519023895,10
12002,0.5757656276226044,10
12004,0.5998632967472076,10
12005,0.7108391344547271,10
12018,0.35563451051712036,10
12030,0.67782421708107,10
12040,0.7968762278556824,10
12043,0.27814472317695615,10
12049,0.597675335407257,10
12054,0.9038987040519715,10
12055,0.6100531160831452,10
12057,0.6962711095809937,10
12059,0.5973975896835327,10
12062,0.5086620092391968,10
12063,0.5068565547466278,10
12065,0.8469559848308563,10
12067,0.40390787124633787,10
12071,0.8147440135478974,10
12111,0.7025186538696289,10
12126,0.5311436653137207,10
12129,0.7120085869516645,7
12130,0.3590012609958649,10
12131,0.6581215023994446,10
12133,0.34546275734901427,10
12134,0.6167735755443573,10
12135,0.5968342423439026,10
12139,0.699556291103363,10
12140,0.8806496620178222,10
12141,0.7662897825241088,10
12142,0.5084154069423675,10
12146,0.6746443510055542,10
12157,0.5788039565086365,10
12160,0.6026269197463989,10
12162,0.6971315264701843,10
12166,0.6780846178531647,10
12168,0.7219885528087616,10
12171,0.6973916947841644,10
12181,0.8242955029010772,10
12188,0.7940902650356293,10
12189,0.7598532259464263,10
12194,0.6639092028141022,10
12202,0.5014569461345673,10
12205,0.49593804478645326,10
12211,0.6417909681797027,10
12218,0.6327134966850281,10
12222,0.6429024815559388,10
12226,0.40288870334625243,5
12234,0.5586908340454102,10
12237,0.6576292514801025,10
12238,0.2965455949306488,10
12243,0.3305951774120331,10
12248,0.25995381474494933,10
12252,0.7974556028842926,10
12253,0.856939297914505,10
12263,0.39424028992652893,10
12266,0.688080245256424,10
12267,0.15615735650062562,10
12269,0.9156102657318115,10
12274,0.7677780210971832,10
12276,0.1366293251514435,10
12280,0.9925853729248046,10
12281,0.40291328728199005,8
12282,0.2947911500930786,10
12283,0.5090832233428955,10
12289,0.3059036791324615,10
12291,0.7796689927577972,10
12296,0.4489501893520355,10
12304,0.7712417900562286,10
12308,0.19588927030563355,10
12309,0.540599125623703,10
12316,0.5872644517156813,9
12317,0.47432140111923216,10
12318,0.49672775268554686,10
12319,0.40817359685897825,10
12325,0.6923939466476441,10
12333,0.7870647311210632,10
12346,0.43219804763793945,10
12350,0.5259060680866241,10
12352,0.6420788049697876,10
12355,0.8183233201503753,10
12367,0.6014345347881317,10
12372,0.6037833392620087,10
12414,0.4604786455631256,10
12420,0.8450784623622895,10
12422,0.09400538206100464,10
12424,0.38715156316757204,10
12429,0.712616628408432,10
12436,0.20311058759689332,10
12451,0.7006181120872498,10
12453,0.5045310676097869,10
12455,0.6326129257678985,10
12459,0.5935455679893493,10
12477,0.5943113923072815,10
12478,0.7871453642845154,10
12479,0.6207490503787995,10
12488,0.3096729338169098,10
12491,0.7156618297100067,10
12493,0.4962862491607666,10
12494,0.7745995223522186,10
12495,0.35205326080322263,10
12496,0.2110059678554535,10
12501,0.7712958812713623,10
12505,0.4853213369846344,10
12506,0.705264937877655,5
12511,0.47233877778053285,10
12519,0.32234631180763246,10
12520,0.4441270291805267,10
12532,0.4122736632823944,10
12533,0.8965261816978455,10
12538,0.48819268941879274,10
12539,0.30115864106587004,7
12544,0.3967325508594513,10
12545,0.39445680975914,10
12557,0.19168666005134583,10
12562,0.6728007078170777,10
12567,0.8816695153713227,10
12568,0.4483322322368622,10
12577,0.5015749394893646,10
12584,0.6738162438074747,6
12589,0.6528377115726471,10
12599,0.7576297163963318,10
12600,0.435613876581192,10
12601,0.32138329148292544,10
12604,0.8958847522735596,10
12608,0.6031255841255188,10
12616,0.6129730343818665,10
12622,0.742538046836853,10
12623,0.28597849011421206,10
12627,0.8376993775367737,10
12629,0.6173433721065521,10
12632,0.5953624188899994,10
12633,0.49958868622779845,10
12634,0.3364302396774292,10
12637,0.796138322353363,5
12642,0.47221991419792175,10
12649,0.10774512887001038,10
12662,0.5560342907905579,10
12672,0.6470425307750702,10
12675,0.6638229356871711,9
12676,0.6550844430923461,10
12679,0.5169116139411927,10
12681,0.42894246578216555,10
12683,0.8928926885128021,10
12691,0.38662773966789243,10
12692,0.49007098078727723,10
12699,0.4127113878726959,10
12715,0.4010720133781433,10
12718,0.9981494694948196,8
12736,0.9027237713336944,10
12737,0.7224911272525787,10
12743,0.7825670838356018,10
12746,0.4565522313117981,10
12747,0.6713755428791046,10
12750,0.5261981189250946,10
12761,0.8977666079998017,10
12763,0.4517768919467926,10
12764,0.8033489227294922,10
12776,0.46056225895881653,10
12784,0.5984148502349853,5
12788,0.645882922410965,10
12795,0.40620502829551697,10
12811,0.5224529385566712,10
12819,0.7432687520980835,10
12822,0.6009139657020569,10
12823,0.7349607646465302,10
12826,0.49444026350975034,10
12829,0.8004100024700165,10
12830,0.8949208974838256,10
12837,0.174183988571167,10
12856,0.622203266620636,10
12870,0.6725699186325074,10
12875,0.4114099383354187,10
12876,0.7033812880516053,10
12891,0.7339128792285919,10
12896,0.541635912656784,10
12897,0.5073557138442993,10
12898,0.4295658230781555,10
12899,0.5474740087985992,10
12902,0.706436938047409,10
12912,0.12542291482289633,9
12920,0.319550496339798,10
12924,0.19937260150909425,10
12936,0.7981390595436096,10
12942,0.8622335910797119,10
12943,0.5159712791442871,10
12956,0.44350057244300845,10
12957,0.8992542088031769,10
12962,0.7930760204792022,10
12963,0.6184754431247711,10
12964,0.525717806816101,10
12976,0.4685675621032715,10
12988,0.6038726389408111,10
12995,0.7042542576789856,10
12996,0.6977631151676178,10
13004,0.6056081771850585,10
13005,0.6448898553848267,10
13010,0.5001611590385437,10
13016,0.7965831696987152,10
13017,0.9439987123012543,10
13024,0.7440124154090881,7
13026,0.7427601337432861,10
13031,0.6644314885139465,10
13039,0.3379137694835663,10
13052,0.6029823899269104,10
13070,0.49253727197647096,5
13071,0.7010350227355957,10
13072,0.7167477607727051,10
13077,0.49034222960472107,10
13084,0.716591215133667,10
13089,0.37435262799263,10
13091,0.5144502997398377,10
13103,0.6908215624945504,7
13106,0.34677504301071166,10
13114,0.5914578676223755,10
13115,0.49567627906799316,10
13121,0.4337014079093933,10
13122,0.5869145691394806,10
13123,0.694373893737793,10
13126,0.6940139055252075,10
13128,0.17841270565986633,10
13132,0.6015751540660859,10
13154,0.6099854946136475,10
13164,0.5543488681316375,10
13165,0.5852877140045166,10
13166,0.5253234446048737,10
13169,0.4611092507839203,10
13172,0.6016351699829101,10
13182,0.883641529083252,10
13208,0.6863739192485809,10
13212,0.7198361277580261,10
13218,0.5981590330600739,10
13223,0.8996728599071503,10
13224,0.4919882953166962,10
13226,0.7013708055019379,10
13230,0.3433778524398804,10
13239,0.556204891204834,10
13240,0.7993666529655457,10
13254,0.5066474676132202,10
13260,0.9843649625778198,10
13262,0.4693870809343126,9
13266,0.3591786801815033,10
13269,0.8011875033378602,10
13271,0.15120266675949096,10
13284,0.6984619259834289,10
13285,0.5992825925350189,10
13286,0.3926955223083496,10
13290,0.6659681499004364,10
13293,0.545960009098053,10
13295,0.5933031857013702,10
13299,0.5189334869384765,10
13301,0.3438859641551971,10
13306,0.2185439348220825,10
13308,0.5319357216358185,10
13309,0.5721304535865783,10
13314,0.5985461175441742,10
13316,0.5749672480991909,7
13328,0.30906800627708436,10
13333,0.4993869960308075,10
13337,0.599563992023468,10
13341,0.6069977462291718,10
13347,0.21853315234184265,10
13350,0.3362589836120605,10
13354,0.6828280687332153,10
13356,0.40037694573402405,10
13357,0.5705337166786194,10
13359,0.8921662151813508,10
13361,0.7655249178409577,10
13362,0.6558215141296386,10
13363,0.7350331902503967,10
13367,0.8027563154697418,10
13371,0.5551479988627963,9
13373,0.6590317785739899,10
13375,0.4011848449707031,10
13378,0.5994889855384826,10
13383,0.4384012288517422,9
13384,0.5887795686721802,10
13388,0.627054613828659,10
13392,0.4007159948348999,10
13403,0.8973930597305297,10
13412,0.4865299999713898,10
13416,0.4162007808685303,10
13436,0.5037509381771088,10
13440,0.4096874237060547,10
13447,0.3313914597034454,10
13455,0.6651366472244262,10
13456,0.4990841746330261,10
13460,0.6923837542533875,10
13464,0.32726405262947084,10
13475,0.03586965799331665,3
13477,0.6990710198879242,10
13478,0.5309594750404358,10
13488,0.5241440236568451,10
13490,0.6153375327587127,10
13493,0.7868260502815246,10
13495,0.7053475618362427,10
13498,0.33084188103675843,10
13503,0.7079598486423493,10
13507,0.7980726182460784,10
13508,0.3290683388710022,10
13511,0.7924313724040986,10
13512,0.3199504196643829,10
13513,0.5149935722351074,10
13520,0.8017952859401702,10
13530,0.6319274723529815,10
13532,0.7978317558765411,10
13542,0.4616072654724121,10
13547,0.5003842830657959,10
13551,0.8507887363433838,10
13553,0.5578401386737823,10
13576,0.3060748815536499,10
13584,0.5109351515769959,10
13593,0.6620666742324829,10
13597,0.694949495792389,10
13614,0.4215960085391998,10
13623,0.5680208265781402,10
13642,0.8034113645553589,10
13645,0.5175934553146362,10
13647,0.6123628973960876,10
13648,0.3968822002410889,10
13654,0.6867654025554657,10
13667,0.7054592311382294,10
13672,0.5706602590424674,7
13676,0.41936937570571897,10
13682,0.5189004838466644,10
13703,0.6852283358573914,10
13709,0.7876545786857605,10
13713,0.5000318169593811,10
13714,0.3524480938911438,10
13715,0.47815982699394227,10
13716,0.34048029184341433,10
13728,0.6816656351089477,10
13729,0.5020879745483399,10
13742,0.6996722042560577,10
13745,0.7053482055664062,10
13751,0.5015535116195678,10
13767,0.303907173871994,10
13771,0.7810558080673218,10
13779,0.7084059894084931,10
13780,0.4914766788482666,10
13782,0.30198689699172976,10
13786,0.5101003408432007,10
13792,0.5140655517578125,10
13800,0.9020126342773438,10
13805,0.430421245098114,10
13817,0.3231282651424408,10
13818,0.47884630411863327,8
13823,0.7514197409152985,10
13827,0.2761201411485672,4
13829,0.41386876106262205,10
13830,0.573618870973587,10
13832,0.5044825911521912,10
13837,0.6939330756664276,10
13855,0.6923845291137696,10
13863,0.5959630727767944,5
13875,0.9740084350109101,10
13879,0.5368820939745221,7
13881,0.4404782235622406,10
13883,0.5876246333122254,10
13884,0.6253159463405609,10
13885,0.5858980119228363,10
13886,0.5976030766963959,10
13912,0.5909798741340637,10
13915,0.6082337856292724,10
13916,0.583749258518219,10
13917,0.012776583433151245,10
13919,0.5048137366771698,10
13920,0.8155611038208008,10
13921,0.302562004327774,10
13924,0.4037937581539154,10
13926,0.7888410210609436,10
13928,0.49703750014305115,10
13933,0.4264633536338806,10
13935,0.6797368288040161,10
13936,0.8049437940120697,10
13944,0.7250288367271424,10
13945,0.6123617231845856,10
13951,0.4970515251159668,10
13960,0.80580735206604,10
13972,0.8365582227706909,10
13976,0.5328410983085632,10
13978,0.6006744086742402,10
13979,0.4917258024215698,10
13980,0.595597642660141,10
13981,0.48358497619628904,10
13982,0.5897001087665558,10
13989,0.4411301612854004,9
13994,0.7838285366694132,6
13995,0.40494624376296995,10
14000,0.5335900684197744,6
14001,0.7967903792858124,10
14007,0.6007668733596802,10
14010,0.721110361814499,10
14012,0.7955567300319671,10
14013,0.5763145770345416,7
14017,0.5122331380844116,10
14021,0.8802786668141683,9
14024,0.6398572087287903,10
14032,0.6937810897827148,10
14034,0.3410769641399384,10
14035,0.44247978925704956,10
14036,0.4277091920375824,10
14038,0.2152744472026825,10
14039,0.4708454728126526,10
14040,0.5720466290201459,7
14042,0.7000383138656616,10
14054,0.6978773832321167,10
14076,0.5003003895282745,10
14077,0.6776924431324005,10
14080,0.6968173265457154,10
14082,0.699768352508545,10
14083,0.7105798363685608,10
14088,0.6641094803810119,10
14102,0.8984784245491028,10
14105,0.9092257261276245,10
14116,0.6034090757369995,10
14117,0.34075947999954226,10
14119,0.6435090661048889,10
14130,0.48521906733512876,10
14131,0.23809618949890138,10
14132,0.4011625826358795,10
14133,0.29545158743858335,10
14134,0.45965309739112853,10
14137,0.49737063646316526,10
14142,0.7442564964294434,8
14146,0.4106190264225006,10
14151,0.5026969969272613,10
14163,0.8566916048526764,10
14167,0.5565945729613304,8
14174,0.42217832803726196,7
14186,0.5113867521286011,10
14188,0.7960374474525451,10
14191,0.19649736881256102,10
14196,0.6094265282154083,10
14233,0.4578139517042372,9
14236,0.7160657048225403,10
14253,0.3549792647361755,10
14254,0.9789904654026031,10
14258,0.5096889555454254,10
14275,0.43175763487815855,10
14299,0.9403904199600219,10
14314,0.3497395396232605,10
14342,0.5463655710220336,10
14343,0.5712987184524536,7
14347,0.46859270334243774,10
14354,0.30476962924003603,10
14355,0.4599763810634613,10
14360,0.5694497644901275,10
14361,0.39887972474098204,10
14374,0.6248782932758331,10
14379,0.5914477586746216,10
14383,0.5905379831790925,10
14387,0.7332426071166992,10
14403,0.6696044623851776,10
14410,0.6807730853557586,10
14422,0.4477172017097473,10
14423,0.6993185341358185,10
14424,0.5419239103794098,10
14441,0.6025500118732452,10
14451,0.6099732995033265,10
14452,0.8043207705020905,10
14459,0.12513042986392975,8
14468,0.40441882610321045,10
14471,0.6858993172645569,10
14474,0.5499354481697083,10
14511,0.41516144275665284,10
14514,0.897402024269104,10
14523,0.6150540828704834,10
14525,0.4224074184894562,10
14535,0.6893545925617218,10
14538,0.385526567697525,10
14539,0.7812515735626221,10
14553,0.5298555731773377,10
14559,0.676769083738327,10
14567,0.7071211874485016,10
14585,0.6052413880825043,10
14591,0.40068294405937194,10
14617,0.6766923864682516,3
14625,0.464927077293396,10
14634,0.6487611472606659,10
14662,0.5134769380092621,10
14683,0.5965553402900696,10
14685,0.5144239783287048,10
14696,0.7322623252868652,10
14701,0.5545431196689605,10
14705,0.4832087516784668,10
14708,0.10304869413375854,10
14709,0.5013661980628967,10
14715,0.6022484719753265,10
14736,0.44367926716804507,10
14746,0.3967573344707489,10
14758,0.6316791027784348,8
14765,0.5572341501712799,10
14781,0.5568557500839233,10
14808,0.30080628395080566,10
14812,0.49611122608184816,10
14814,0.8145395755767822,10
14860,0.7368599534034729,10
14881,0.444221693277359,10
14897,0.33673102259635923,10
14935,0.35252000093460084,10
14940,0.36065747737884524,10
14951,0.00379939874013265,3
14953,0.532116311788559,10
14990,0.30477034449577334,10
14991,0.49984862208366393,10
14992,0.6031237065792083,10
14996,0.7959720730781555,10
15000,0.39845010638237,10
15009,0.794891232252121,10
15020,0.2942873537540436,10
15031,0.4664928138256073,10
15033,0.6921681702136994,10
15045,0.5880936503410339,10
15046,0.856876277923584,10
15047,0.525180184841156,10
15062,0.36738345623016355,10
15064,0.5820501923561097,10
15066,0.5847362577915192,10
15069,0.3722651183605194,10
15081,0.8721488535404205,10
15088,0.67290198802948,6
15090,0.4077541470527649,10
15110,0.704531216621399,10
15111,0.7769218325614929,10
15112,0.4100870430469513,10
15121,0.505999493598938,10
15126,0.8588923931121826,10
15139,0.7034871101379394,10
15153,0.6868471562862396,10
15156,0.4986530661582947,10
15157,0.6096938133239747,10
15159,0.9993706742922465,3
15163,0.8025237202644349,10
15164,0.6578084561559889,9
15167,0.43400827050209045,10
15173,0.6056613862514496,10
15175,0.47894086241722106,10
15180,0.4061397910118103,10
15182,0.40836566090583803,10
15193,0.5272987246513366,10
15195,0.4938387989997864,10
15196,0.36904376745224,10
15209,0.7756266593933105,10
15211,0.4557617723941803,10
15212,0.42273449897766113,10
15214,0.5492043256759643,10
15231,0.7712835934427049,9
15235,0.7909912049770356,10
15236,0.759044486284256,10
15261,0.45084190368652344,10
15265,0.8001924753189087,10
15267,0.3331668972969055,10
15268,0.31965248584747313,10
15269,0.34111472964286804,10
15271,0.5016735970973969,10
15274,0.7527890920639038,10
15275,0.5092327296733856,10
15278,0.03164122700691223,10
15284,0.9630702535311381,6
15290,0.6043203711509705,10
15311,0.2412508249282837,10
15318,0.6848855078220367,10
15334,0.5008400082588196,10
15354,0.8218458228641086,9
15363,0.8860822975635528,10
15364,0.6048792839050293,10
15369,0.676976203918457,10
15372,0.513758659362793,10
15380,0.49814013242721555,10
15383,0.6018044471740722,10
15386,0.7644635617733002,10
15393,0.40214352011680604,10
15396,0.6949337899684906,10
15399,0.8616600732008616,6
15407,0.7996671855449676,10
15410,0.5841422498226165,10
15412,0.49983357191085814,10
15430,0.5981375694274902,10
15431,0.538075715303421,10
15432,0.8850636541843414,10
15435,0.8320909559726715,10
15455,0.5172501653432846,8
15462,0.4003689706325531,10
15474,0.4479540288448334,10
15483,0.42943341135978697,10
15490,0.33850570519765216,6
15497,0.007975439230600992,6
15505,0.7898414492607116,10
15509,0.5105447232723236,10
15510,0.5089086949825287,10
15511,0.6000190019607544,10
15512,0.8925000727176666,10
15520,0.5983435451984406,10
15527,0.5522102316220602,9
15542,0.6192158162593842,10
15548,0.5953563153743744,10
15549,0.5664387822151185,10
15559,0.7820963680744171,10
15563,0.3059566468000412,4
15599,0.49879570603370665,10
15600,0.6976264774799347,10
15613,0.695369303226471,10
15624,0.47445801496505735,10
15635,0.546245938539505,10
15654,0.6046513199806214,10
15676,0.711842393875122,10
15678,0.7958983242511749,10
15683,0.7010349154472351,10
15712,0.6885572373867035,10
15721,0.4224742591381073,10
15722,0.520464813709259,10
15731,0.9718906879425049,10
15738,0.5924792766571045,10
15743,0.5013452370961508,6
15791,0.3083089828491211,10
15804,0.39636797904968263,10
15806,0.3125731885433197,10
15817,0.6948110640048981,10
15818,0.32963382005691527,10
15819,0.5916365146636963,10
15826,0.5960126042366027,10
15827,0.799531090259552,10
15828,0.8017557024955749,5
15830,0.20591722726821898,10
15832,0.7037842452526093,10
15839,0.7039712965488434,10
15845,0.7679692268371582,10
15852,0.4457850158214569,10
15855,0.5030710458755493,10
15863,0.30744938254356385,10
15877,0.3791983872652054,8
15878,0.6046461701393128,10
15880,0.6923148334026337,10
15889,0.9001626908779145,10
15911,0.7057552456855773,10
15953,0.7160359919071198,10
15954,0.9000626981258393,10
15957,0.42756636142730714,10
15958,0.6174223244190216,10
15985,0.5788768351078033,10
15987,0.5082292437553406,10
15990,0.6120883047580719,10
15991,0.6417326728502909,3
15999,0.8974225580692291,10
16000,0.5567412436008453,10
16003,0.37813531160354613,10
16018,0.561887514591217,10
16030,0.8589601218700409,10
16035,0.6010393679141999,10
16052,0.8482109367847442,10
16067,0.4656966507434845,10
16085,0.8449078381061554,10
16088,0.3022741138935089,10
16105,0.7477583348751068,10
16110,0.19918400645256043,10
16112,0.5537825226783752,10
16130,0.5899710729718208,8
16141,0.6133816361427307,10
16142,0.8879180610179901,10
16144,0.5569589316844941,10
16145,0.36551350355148315,9
16149,0.7253989458084107,10
16153,0.879439777135849,10
16158,0.49282207489013674,10
16160,0.530657684803009,10
16162,0.6082714617252349,10
16169,0.4103372752666473,10
16177,0.45098228454589845,10
16184,0.5672771632671356,10
16191,0.6139846801757812,10
16196,0.505028772354126,10
16197,0.7815403759479522,10
16216,0.4521217942237854,10
16226,0.6856515288352967,10
16232,0.5041461527347565,10
16253,0.40345826745033264,10
16262,0.39171963930130005,9
16267,0.7371431469917298,10
16271,0.5257742524147033,10
16272,0.8950404763221741,10
16273,0.23417839407920837,10
16314,0.6657095551490784,6
16320,0.5269740998744965,10
16323,0.3356765849249704,7
16325,0.6032900750637055,10
16332,0.5962167143821716,10
16355,0.5181243121623993,10
16362,0.4036478579044342,10
16366,0.3981383740901947,10
16367,0.7795653164386749,10
16368,0.5046972135702769,6
16369,0.6134546756744385,10
16373,0.7985567390918732,10
16380,0.6406225476946149,7
16387,0.6988857924938202,10
16389,0.5046034455299377,10
16395,0.7334067225456238,10
16398,0.38522806763648987,10
16415,0.6770788311958313,10
16428,0.40727474689483645,10
16432,0.7195088386535644,10
16435,0.6952472805976868,10
16439,0.7894133865833283,10
16440,0.6606328070163727,10
16443,0.6581596434116364,10
16444,0.7559307157993317,10
16450,0.5683138012886048,10
16455,0.701529037952423,10
16456,0.6254078567028045,10
16457,0.5115260004997253,10
16461,0.5002695262432099,10
16466,0.7166020989418029,10
16471,0.6024425148963928,10
16474,0.7141888439655304,10
16496,0.7943010210990906,10
16497,0.5111248075962067,10
16498,0.23723565340042113,10
16499,0.7170781254768371,10
16500,0.46034054160118104,10
16530,0.41197506586710614,9
16538,0.6424345433712005,10
16562,0.7764381319284439,4
16608,0.8995231926441193,10
16617,0.2864836037158966,10
16620,0.20777093172073363,10
16632,0.4946396708488464,10
16649,0.7280817091464996,10
16673,0.6665908396244049,6
16674,0.45457481145858764,10
16693,0.6863989651203155,10
16699,0.394101083278656,8
16719,0.31883002320925397,6
16723,0.21583871841430663,10
16727,0.30235169529914857,10
16741,0.5538419127464295,10
16746,0.5679667592048645,9
16747,0.7169139325618744,10
16760,0.6975203335285187,10
16772,0.7420258522033691,10
16792,0.5254228055477143,10
16793,0.4783878862857819,10
16802,0.6625094592571259,10
16804,0.5673278450965882,10
16805,0.6880913197994232,10
16807,0.21204087734222413,10
16809,0.7619189262390137,10
16826,0.599993246793747,10
16829,0.8038878381252289,10
16860,0.6000234484672546,10
16873,0.25734658241271974,10
16874,0.7019487738609314,10
16875,0.7988332152366638,10
16914,0.6033950209617615,10
16933,0.5607752919197082,10
16957,0.6207474589347839,10
16970,0.7764578887394497,7
16972,0.6375394642353058,10
16973,0.01171837534223284,7
16975,0.4442303710513645,9
16985,0.3030149221420288,10
16986,0.7887635946273803,10
16987,0.7189874291419983,10
16991,0.6451154887676239,10
16992,0.600043898820877,10
17003,0.6505711019039154,10
17005,0.3408219635486603,10
17008,0.15363529920578003,10
17021,0.7300810098648072,10
17022,0.45762872099876406,10
17025,0.7960556507110595,10
17026,0.4205049991607666,10
17027,0.4040140688419342,10
17030,0.5060384631156921,10
17041,0.6406562566757202,10
17053,0.7144617080688477,10
17054,0.5119993090629578,10
17062,0.5505875408649444,10
17071,0.20133961439132692,10
17073,0.5564885139465332,10
17075,0.4908426284790039,10
17104,0.7140157282352447,10
17106,0.697178053855896,10
17119,0.6957054138183594,10
17125,0.32311381697654723,10
17132,0.5017889320850373,10
17133,0.6448623597621918,10
17136,0.42335264682769774,10
17146,0.699418431520462,10
17157,0.5398822724819183,10
17158,0.692016464471817,10
17159,0.2656920817163255,9
17161,0.5033152937889099,10
17162,0.6268888652324677,10
17166,0.5278170049190521,10
17181,0.8349081344074674,9
17183,0.7023001134395599,10
17195,0.43891555070877075,10
17204,0.8474085330963135,10
17208,0.6674392819404602,10
17209,0.40174983739852904,10
17211,0.2796711325645447,10
17223,0.3970562398433685,10
17226,0.668236380815506,10
17235,0.6017394423484802,10
17239,0.8964555561542511,10
17240,0.8956011295318603,10
17245,0.4643861293792725,10
17250,0.30483551025390626,10
17267,0.7782260954380036,10
17274,0.6038137435913086,10
17284,0.30792643427848815,10
17285,0.7027340888977051,10
17298,0.6010209143161773,10
17313,0.06336460709571838,10
17323,0.5837950646877289,10
17329,0.6091300785541535,10
17348,0.5707777798175812,10
17352,0.6068549036979676,10
17382,0.48019287586212156,10
17392,0.706682550907135,10
17393,0.6866650700569152,10
17394,0.8677721440792083,10
17395,0.4475023031234741,10
17396,0.7418292880058288,10
17397,0.6792672216892243,10
17405,0.41046496033668517,10
17420,0.9994376401106516,6
17430,0.8856376528739929,10
17448,0.44361146092414855,10
17449,0.7914470553398132,10
17450,0.30815271735191346,10
17451,0.3966004967689514,10
17457,0.44639246463775634,10
17464,0.4532498359680176,10
17465,0.6421512424945831,10
17482,0.41079025268554686,10
17484,0.7452962338924408,10
17517,0.7007022976875306,10
17520,0.5073189020156861,10
17521,0.6286943972110748,10
17526,0.7487959027290344,10
17529,0.7798655033111572,10
17530,0.7364970147609711,10
17533,0.8481123507022857,10
17534,0.5750323057174682,10
17536,0.5688132762908935,10
17537,0.7841111481189728,10
17538,0.588272500038147,10
17557,0.6089303076267243,10
17568,0.6265937685966492,10
17576,0.5024004313680861,9
17577,0.6052966177463531,10
17578,0.724609375,10
17579,0.30576484799385073,10
17580,0.5821277320384979,10
17591,0.38427836298942564,10
17597,0.2102008044719696,10
17615,0.9505051434040069,10
17623,0.570216828584671,10
17635,0.5030544400215149,10
17644,0.6207486689090729,10
17649,0.7973794639110565,10
17651,0.6133065521717072,10
17654,0.5055526971817017,10
17684,0.7451702952384949,10
17687,0.3157844543457031,10
17691,0.6125193953514099,10
17693,0.49876769781112673,10
17697,0.5810543954372406,10
17699,0.5548584328757392,9
17700,0.4582329452037811,10
17705,0.6763861238956451,10
17708,0.4018212676048279,10
17709,0.40134029984474184,10
17710,0.6085692644119263,10
17735,0.9972785413265228,10
17738,0.7120221972465515,10
17754,0.6143878757953644,10
17755,0.3229696869850159,10
17765,0.5980026364326477,10
17773,0.8996981859207154,10
17779,0.7219292640686035,10
17785,0.5398562550544739,9
17787,0.6236288189888001,10
17792,0.5013666212558746,10
17804,0.5547724664211273,10
17807,0.4756448924541473,10
17816,0.5831923067569733,10
17819,0.2092691719532013,10
17821,0.8879549741744995,10
17830,0.7328750789165497,10
17835,0.4224490225315094,10
17836,0.6508509874343872,5
17849,0.4512357771396637,10
17851,0.40527896881103515,10
17855,0.5820904850959778,10
17857,0.6024280488491058,10
17859,0.45318294763565065,10
17863,0.7999598741531372,10
17869,0.2003141462802887,10
17895,0.5047641575336457,10
17909,0.38011929392814636,8
17918,0.5024565994739533,10
17922,0.4322438359260559,10
17923,0.23426442146301268,10
17924,0.44340080618858335,10
17925,0.342128849029541,10
17926,0.8428840339183807,10
17939,0.39941477179527285,10
17958,0.8031494617462158,10
17962,0.5040732324123383,10
17965,0.6945484459400177,10
17967,0.8976523041725158,10
17970,0.6938601911067963,10
17971,0.7065812706947326,10
17988,0.6376676976680755,10
17991,0.5739366769790649,10
17994,0.7028234203656515,9
17995,0.5305892646312713,10
17997,0.5836390316486358,10
18011,0.6560415029525757,10
18023,0.5641865372657776,10
18041,0.32465648651123047,10
18044,0.2993477761745453,10
18050,0.7067946255207062,10
18056,0.5440274834632873,10
18057,0.7110289871692658,10
18058,0.50708167552948,10
18063,0.3780781403183937,8
18064,0.4146038293838501,10
18083,0.41179225842158,6
18084,0.3353042006492615,4
18085,0.3443793416023254,10
18097,0.6299601793289185,10
18098,0.8480350494384765,10
18100,0.8979676961898804,10
18103,0.5913098216056824,10
18104,0.7533108949661255,10
18115,0.9195213735103607,10
18117,0.5911914825439453,10
18121,0.7186287820339203,10
18127,0.6086411774158478,10
18128,0.5731369495391846,10
18163,0.6984053611755371,10
18164,0.6423748910427094,10
18199,0.8268036425113678,10
18205,0.900413203239441,10
18212,0.6301849067211152,10
18243,0.556381493806839,10
18246,0.6816183388233185,10
18247,0.41338048577308656,10
18248,0.5749296290533883,7
18256,0.7729995012283325,10
18258,0.605658745765686,10
18262,0.6627826690673828,10
18265,0.3221409976482391,10
18266,0.6782686352729798,10
18288,0.6590206325054169,8
18289,0.7514978468418121,10
18291,0.6741852819919586,10
18296,0.5727550148963928,10
18297,0.6002356886863709,10
18311,0.5683229088783264,10
18330,0.6395429174105326,3
18333,0.31589768528938295,10
18342,0.8978083193302154,10
18399,0.7969876408576966,10
18400,0.5995178401470185,10
18401,0.6010923266410828,10
18422,0.619158124923706,5
18460,0.7986179947853088,10
18464,0.8838034451007843,10
18481,0.7088776886463165,10
18485,0.599545806646347,10
18498,0.7817839205265045,10
18499,0.49525697231292726,10
18500,0.48200641870498656,10
18529,0.8444649815559387,10
18543,0.29087802171707156,10
18562,0.5979963958263397,10
18563,0.692550140619278,10
18564,0.4962877333164215,10
18574,0.10185390710830688,10
18579,0.5342822849750519,10
18580,0.3021807551383972,10
18584,0.8008745610713959,10
18588,0.59801766872406,10
18590,0.5325049221515655,10
18600,0.6017403125762939,10
18602,0.891463327407837,10
18606,0.42677460312843324,10
18613,0.22559323906898499,10
18615,0.991286826133728,10
18618,0.20569218397140504,10
18647,0.6903205003057208,7
18652,0.7437477588653565,10
18657,0.44060252904891967,10
18679,0.5955079674720765,10
18683,0.6509656310081482,10
18686,0.13595333099365234,10
18690,0.793480533361435,10
18695,0.6126771330833435,10
18696,0.3114724636077881,10
18699,0.8796407639980316,10
18701,0.6213999211788177,10
18723,0.5052227735519409,10
18724,0.7790455162525177,10
18732,0.8202365815639496,10
18736,0.4698268473148346,10
18745,0.5785615026950837,10
18746,0.6861492991447449,10
18747,0.4023749053478241,10
18748,0.7512727558612824,10
18750,0.5259571969509125,10
18755,0.5715768873691559,10
18765,0.7865715384483337,10
18776,0.6999596893787384,10
18780,0.5409173011779785,10
18781,0.8363082706928253,10
18785,0.6915476858615875,10
18788,0.4656349778175354,10
18791,0.5865889430046082,10
18794,0.7286762058734894,10
18803,0.6874448657035828,10
18812,0.3988043427467346,10
18824,0.5898088574409485,10
18828,0.2914073136117723,9
18833,0.649470055103302,10
18835,0.43218239545822146,10
18840,0.41073105335235593,10
18843,0.429582279920578,10
18857,0.688749098777771,10
18858,0.5039085805416107,10
18866,0.6988971412181855,10
18867,0.794052392244339,10
18870,0.5444560647010803,10
18875,0.39310834407806394,10
18876,0.6553334355354309,10
18880,0.7350772321224213,10
18881,0.704373699426651,10
18885,0.40718856785032487,9
18887,0.6208443522453309,10
18891,0.6989665389060974,10
18901,0.5101893663406372,10
18902,0.6922838866710663,10
18905,0.4040020704269409,10
18907,0.25131453275680543,10
18908,0.40124817490577697,10
18913,0.32259345054626465,10
18919,0.7950881600379944,10
18931,0.3030661404132843,10
18932,0.29974737763404846,10
18945,0.35955565571784975,10
18946,0.7270275115966797,10
18961,0.650810718536377,10
18963,0.46620017290115356,10
18966,0.5001158833503723,10
18968,0.4849041044712067,10
18975,0.5055787265300751,10
18983,0.30942410230636597,10
18985,0.41902345418930054,10
19000,0.4790566066900889,6
19001,0.3010703980922699,10
19009,0.8978910803794861,10
19027,0.7959975063800812,10
19028,0.6041740477085114,10
19030,0.8029436409473419,10
19036,0.20477727055549622,10
19039,0.5077761173248291,10
19040,0.3813546419143677,10
19046,0.7011395335197449,10
19048,0.5099910080432892,10
19056,0.6887373447418212,10
19062,0.30665360689163207,10
19074,0.7035549759864808,10
19081,0.4987403452396393,10
19083,0.15660312175750732,10
19100,0.5605981707572937,10
19114,0.6315055966377259,10
19115,0.486669921875,10
19120,0.4034872829914093,10
19127,0.603790670633316,10
19145,0.7986059010028839,10
19161,0.8834245681762696,10
19184,0.5187751471996307,10
19186,0.699915075302124,10
19187,0.4383761942386627,10
19201,0.6072957913080851,9
19212,0.7222377359867096,10
19237,0.7027486205101013,10
19246,0.5791068375110626,10
19253,0.40587759017944336,10
19257,0.7989165008068084,10
19272,0.8065350532531739,10
19274,0.21262558102607726,10
19301,0.3075641393661499,10
19307,0.3998745918273926,5
19329,0.6985092222690582,10
19348,0.6016356527805329,10
19349,0.5417441129684448,10
19351,0.6163110077381134,10
19358,0.4676745116710663,10
19361,0.5873837471008301,7
19363,0.4576969683170319,10
19368,0.30390366315841677,10
19370,0.5190335810184479,10
19372,0.5983270585536957,10
19377,0.10975466966629029,10
19378,0.395217764377594,10
19379,0.032560086250305174,5
19381,0.7766080677509308,10
19392,0.6988567471504211,10
19399,0.478986120223999,10
19409,0.4363395988941193,10
19414,0.40253557562828063,10
19416,0.3103648066520691,10
19417,0.4988493978977203,10
19418,0.40053811073303225,10
19419,0.5793860495090485,10
19425,0.49602451324462893,10
19427,0.4382574796676636,10
19432,0.6766038417816163,10
19447,0.02348588705062866,10
19456,0.7623156070709228,10
19464,0.3995887994766235,10
19466,0.33888972401618955,10
19478,0.46700587272644045,10
19484,0.4499682128429413,10
19498,0.5059157510598501,6
19505,0.6984265744686127,10
19508,0.5269432961940765,10
19512,0.9330189973115921,8
19513,0.401836621761322,5
19526,0.7978854656219483,10
19530,0.6702227652072906,10
19534,0.402794748544693,10
19537,0.49511069655418394,10
19540,0.5441928684711457,10
19544,0.6742174088954925,10
19552,0.5491502165794373,10
19554,0.5850375890731812,10
19560,0.5960762917995452,10
19571,0.4010438501834869,10
19578,0.5554821193218231,10
19591,0.5012187004089356,10
19600,0.22085134387016297,10
19614,0.11124470829963684,10
19616,0.4970840275287628,10
19621,0.5073058485984803,10
19622,0.619205629825592,10
19623,0.8858495712280273,10
19624,0.5008949398994446,10
19630,0.6999319791793823,10
19633,0.4312705934047699,10
19634,0.6002725839614869,10
19643,0.6009395003318787,10
19646,0.7674619853496552,10
19647,0.5772356033325196,5
19650,0.1401100277900696,10
19651,0.5086058020591736,10
19653,0.8878562033176423,10
19665,0.4118168592453003,10
19671,0.20087243914604186,10
19676,0.7877985000610351,5
19679,0.4088462471961975,10
19696,0.09702487786610921,3
19697,0.37120633125305175,5
19725,0.56961104604933,9
19727,0.33175369501113894,10
19732,0.41273937225341795,10
19735,0.4896919548511505,10
19763,0.3151407718658447,10
19764,0.5751800537109375,10
19765,0.7023087859153747,10
19766,0.5905055165290832,10
19777,0.593467777967453,10
19793,0.29855765104293824,10
19796,0.7082697629928589,10
19802,0.33920392394065857,10
19803,0.5114750802516937,10
19811,0.48959261178970337,10
19834,0.4393971085548401,10
19841,0.5770226001739502,10
19842,0.6772930681705475,10
19854,0.8740443468093873,10
19857,0.7835049271583557,10
19876,0.1983954966068268,10
19877,0.6997203052043914,10
19878,0.4110868155956268,10
19888,0.4070513129234314,10
19902,0.6019930720329285,10
19903,0.6736852526664734,10
19904,0.7901750802993774,10
19908,0.7991601705551148,10
19909,0.6078785717487335,10
19914,0.3017270088195801,10
19915,0.37242531180381777,10
19916,0.6250039509364537,7
19918,0.8614275634288788,10
19947,0.48022263646125796,10
19948,0.7030240356922149,10
19957,0.36009162068367007,10
19969,0.5081177771091461,10
19971,0.5184722304344177,10
19978,0.6381899237632751,10
19989,0.6076826870441436,10
19990,0.5845964193344116,10
19991,0.18966687917709352,10
19995,0.6630680441856385,10
19996,0.3909688115119934,10
19999,0.7984039187431335,10
20000,0.566116384097508,7
20005,0.3539535939693451,10
20018,0.20334891676902772,10
20022,0.8718161582946777,10
20028,0.37007942199707033,10
20031,0.8055187344551087,10
20036,0.7363440752029419,10
20040,0.49974530935287476,10
20043,0.6628540754318237,10
20044,0.702162915468216,10
20050,0.5162145078182221,10
20053,0.5117108345031738,10
20054,0.6883023679256439,10
20057,0.49290781617164614,10
20074,0.6245548069477082,10
20077,0.687268590927124,10
20078,0.7942594707012176,10
20079,0.6871901452541351,10
20080,0.5410365998744965,10
20081,0.795013689994812,10
20082,0.49668067693710327,10
20090,0.6011756241321564,10
20096,0.6073034942150116,10
20100,0.7031304001808166,10
20101,0.4005220949649811,10
20111,0.7502812519669533,8
20112,0.5015901565551758,10
20117,0.8106702446937561,10
20120,0.711008858680725,10
20122,0.5953634798526763,10
20130,0.7936835765838623,10
20131,0.31582642197608946,10
20133,0.6230503499507904,10
20134,0.7017980456352234,10
20135,0.004674281392778669,7
20136,0.6125708937644958,5
20138,0.28701179623603823,10
20139,0.5498941361904144,10
20140,0.5778869807720184,10
20146,0.506415992975235,10
20153,0.43237491846084597,10
20182,0.48249351382255556,10
20192,0.7014109194278717,10
20195,0.6887376070022583,10
20203,0.40858984738588333,8
20204,0.6191494822502136,5
20217,0.7003261744976044,10
20224,0.32669119040171307,9
20228,0.424901956319809,10
20231,0.17233633001645407,6
20233,0.6151194989681243,10
20240,0.3966685473918915,10
20253,0.46749109625816343,10
20266,0.9111362159252167,10
20269,0.8875095009803772,10
20281,0.30840699672698973,10
20295,0.8133181571960449,10
20300,0.993998908996582,10
20302,0.69324951171875,10
20306,0.3331378102302551,3
20311,0.7765775190459357,9
20379,0.6541392803192139,9
20409,0.6323481135898166,9
20414,0.81462894876798,6
20419,0.6067341208457947,10
20422,0.30048792958259585,10
20429,0.48066834807395936,10
20432,0.4929571747779846,10
20437,0.7703714430332184,10
20441,0.7132678031921387,10
20445,0.6221343338489532,10
20467,0.5812924444675446,10
20499,0.5770576477050782,10
20514,0.5608377039432526,10
20525,0.8572342813014984,10
20528,0.7344183325767517,10
20542,0.4689334034919739,10
20543,0.7959790706634522,10
20545,0.5298301219940186,10
20551,0.6313381135463715,10
20580,0.4801591098308563,10
20586,0.6934424340724945,10
20587,0.5193542957305908,10
20589,0.557952094078064,10
20590,0.5065836489200592,10
20595,0.5760200560092926,10
20609,0.806875205039978,10
20610,0.6980043947696686,10
20617,0.6009640157222748,10
20623,0.6608405828475952,10
20624,0.7349378347396851,10
20630,0.601486086845398,10
20634,0.5043246150016785,10
20642,0.40486231446266174,10
20643,0.8901980757713318,10
20645,0.32140623927116396,10
20646,0.6992686748504638,10
20675,0.5993492066860199,10
20694,0.6724780466821458,9
20708,0.5946924090385437,10
20710,0.5022110521793366,10
20731,0.722426176071167,10
20732,0.14408355951309204,6
20734,0.6991261780261994,10
20750,0.5278218448162079,10
20761,0.528584361076355,10
20771,0.5515829503536225,10
20772,0.8398513972759247,10
20774,0.4883725166320801,10
20781,0.4818884313106537,10
20782,0.794550359249115,10
20790,0.6957738101482391,10
20801,0.5297402560710907,10
20806,0.8223798453807831,10
20810,0.7000467777252197,10
20821,0.20483028292655944,10
20824,0.49033036828041077,10
20828,0.8630283739831712,9
20829,0.7353395521640778,10
20832,0.5993447065353393,10
20833,0.6636539565192329,9
20834,0.7191504736741384,6
20836,0.6337066650390625,10
20847,0.5958094298839569,10
20848,0.6197602331638337,10
20851,0.9216924667358398,10
20865,0.21859276294708252,10
20881,0.5036449790000915,10
20888,0.4973083734512329,10
20889,0.7952427089214325,10
20899,0.5075550675392151,4
20906,0.8841210961341858,10
20907,0.8946099042892456,10
20920,0.791639530658722,10
20924,0.4187127351760864,5
20952,0.555055421590805,10
20953,0.8815100193023682,10
20954,0.798884391784668,10
20963,0.5317950427532196,10
20966,0.7935595273971557,10
20989,0.47757477313280106,8
21001,0.7033568799495697,10
21012,0.24177347421646117,10
21015,0.4109553396701813,10
21022,0.5901742517948151,10
21036,0.7017560482025147,10
21040,0.4016618490219116,10
21050,0.6899269402027131,10
21051,0.1624858260154724,10
21061,0.6355139315128326,10
21072,0.5136055231094361,10
21095,0.5943719744682312,10
21123,0.3868339717388153,10
21124,0.6547935962677002,10
21133,0.5751614391803741,10
21141,0.5542066633701325,10
21149,0.7053487300872803,10
21150,0.40295889377593996,10
21182,0.6038388013839722,10
21188,0.5632515251636505,10
21209,0.7508931815624237,10
21219,0.30329911708831786,10
21239,0.7410774290561676,10
21241,0.5809346735477448,10
21249,0.39959068298339845,10
21257,0.38843361735343934,10
21269,0.6994923830032349,10
21276,0.4679611325263977,10
21277,0.5017520308494567,10
21286,0.7362105846405029,10
21287,0.6092356860637664,10
21293,0.5943442225456238,10
21294,0.6025951921939849,10
21324,0.7064487099647522,10
21331,0.3313400944073995,9
21342,0.9350711107254028,10
21343,0.6311534702777862,10
21348,0.6994602501392364,10
21358,0.7062414526939392,10
21366,0.4514671564102173,8
21373,0.6708996713161468,10
21374,0.6074013471603393,10
21380,0.7221344411373138,10
21382,0.6111058294773102,10
21389,0.7009850025177002,10
21412,0.766130942106247,10
21414,0.689176744222641,10
21435,0.6980619072914124,10
21436,0.5145784378051758,10
21441,0.6090328216552734,10
21447,0.4029899060726166,10
21457,0.7782418549060821,10
21463,0.6739718735218048,10
21464,0.5022325158119202,10
21465,0.42666863799095156,10
21469,0.8892039000988007,10
21479,0.7978010237216949,10
21488,0.6559775948524476,10
21503,0.41024709343910215,10
21506,0.5177074074745178,10
21513,0.5343247311455863,7
21523,0.5209054231643677,10
21528,0.5898231089115142,10
21529,0.4075919330120087,10
21550,0.5770188510417938,10
21551,0.5190038979053497,10
21555,0.5977150321006774,10
21563,0.7526210188865662,10
21566,0.5458299577236175,10
21569,0.3672870695590973,10
21572,0.390827476978302,10
21577,0.5060523629188538,10
21613,0.5965724289417267,10
21622,0.8670122548937798,8
21631,0.3057933866977692,10
21632,0.32660597562789917,10
21634,0.6961063206195831,10
21635,0.8170647859573364,10
21641,0.5799003958702087,10
21652,0.5681504096303668,7
21654,0.6516764163970947,10
21666,0.5814011573791504,10
21677,0.6178970336914062,10
21685,0.8977999269962311,10
21702,0.6018102884292602,10
21703,0.714208310842514,10
21704,0.6679455220699311,10
21705,0.3090153396129608,10
21709,0.7775408208370209,10
21716,0.6399618029594422,10
21729,0.6040961086750031,10
21730,0.5164853990077972,10
21734,0.4170717358589172,10
21746,0.7541783526539803,8
21749,0.4355089426040649,10
21754,0.6969371974468231,10
21763,0.590457683801651,10
21769,0.7834086060523987,10
21779,0.9019526481628418,10
21787,0.421366012096405,10
21788,0.6344828307628632,8
21790,0.8531287431716919,10
21791,0.4886800706386566,10
21798,0.2983134388923645,10
21804,0.6184758186340332,10
21807,0.7206468999385833,10
21809,0.47980146408081054,10
21829,0.5283968567848205,10
21835,0.3318744699160258,9
21849,0.7119251072406769,10
21854,0.43016223311424256,10
21859,0.5000716090202332,10
21861,0.8620506346225738,10
21866,0.32065420746803286,10
21879,0.43057382106781006,10
21881,0.2023356854915619,6
21882,0.5458894371986389,10
21892,0.2777305006980896,10
21915,0.8095570087432862,10
21920,0.695186561346054,10
21930,0.37026538848876955,10
21935,0.4354241073131561,10
21941,0.5998733282089234,10
21947,0.30800952315330504,10
21954,0.6912882506847382,10
21955,0.6871605217456818,10
21967,0.43170925974845886,6
21985,0.7668457806110383,10
21986,0.7855405867099762,10
21987,0.697731214761734,10
21990,0.5769149601459503,10
21991,0.3189089119434357,10
22019,0.40374664664268495,10
22029,0.6300009608268737,10
22035,0.6564434051513672,10
22038,0.4212545156478882,10
22042,0.40451489090919496,10
22045,0.5623627007007599,6
22048,0.42960950136184695,10
22061,0.3615764319896698,10
22062,0.6994115650653839,10
22080,0.40710166096687317,10
22085,0.12417298555374146,10
22090,0.5294667899608612,10
22111,0.6994727432727814,10
22122,0.39490360021591187,10
22123,0.6517442524433136,10
22126,0.6014490365982056,10
22141,0.7024499118328095,10
22143,0.8181310594081879,10
22161,0.7298757791519165,10
22169,0.41330193281173705,10
22176,0.357184499502182,10
22182,0.8154217064380646,10
22186,0.9832983613014221,10
22192,0.7182407855987549,10
22198,0.4932153165340424,10
22203,0.8930810511112213,10
22205,0.7950828552246094,10
22209,0.6517042219638824,10
22227,0.4029266953468323,10
22233,0.40763742923736573,10
22237,0.12349274754524231,10
22244,0.8556952118873596,10
22245,0.7153386950492859,10
22254,0.5109182476997376,10
22257,0.6460497379302979,4
22259,0.8934250414371491,10
22265,0.12387914657592773,10
22266,0.32652711868286133,10
22268,0.5683346509933471,10
22278,0.32697837352752684,10
22287,0.5859030187129974,10
22289,0.5029592037200927,5
22297,0.7130576193332672,10
22299,0.40409648418426514,10
22303,0.7718053817749023,10
22305,0.5963674008846283,10
22329,0.8172331929206849,10
22336,0.3776288852095604,8
22338,0.5297079980373383,10
22342,0.5196089386940003,10
22344,0.5616887629032135,10
22345,0.8675329029560089,10
22347,0.7712705969810486,10
22348,0.4186204314231873,10
22359,0.5891905009746552,10
22377,0.7014811933040619,10
22378,0.6862589001655579,10
22379,0.506774079799652,10
22380,0.40009260177612305,10
22392,0.7259985208511353,10
22398,0.6442480266094208,10
22399,0.7238942801952362,10
22406,0.47709564566612245,10
22407,0.3998726785182953,10
22420,0.41642491817474364,10
22427,0.602821695804596,10
22445,0.3003825068473816,10
22457,0.5171206951141357,10
22464,0.7944749236106873,10
22465,0.7495420277118683,10
22469,0.5632315337657928,10
22472,0.4147436261177063,10
22476,0.6542784929275512,10
22477,0.6987869560718536,10
22479,0.7951950490474701,10
22484,0.8598418533802032,10
22485,0.49356253147125245,10
22497,0.7954726934432983,10
22501,0.30899688601493835,10
22511,0.5320824444293976,10
22516,0.3004602789878845,10
22532,0.4905917286872864,10
22544,0.585034865140915,10
22545,0.49094837307929995,10
22551,0.6113228738307953,10
22571,0.509256786108017,10
22578,0.603213906288147,8
22594,0.49949140548706056,10
22595,0.5000527054071426,4
22600,0.40030330419540405,10
22604,0.6171625077724456,10
22606,0.5535025477409363,10
22614,0.6288280636072159,8
22616,0.3375804781913757,10
22629,0.4567675292491913,10
22644,0.39117772579193116,10
22664,0.5063005268573761,10
22666,0.7782147824764252,10
22673,0.581202757358551,10
22674,0.3082005892481123,7
22677,0.6891201078891754,10
22682,0.20552946925163268,10
22684,0.6146900713443756,10
22721,0.7105626702308655,10
22724,0.43520623445510864,10
22733,0.41645118594169617,10
22753,0.7952033400535583,10
22756,0.774528294801712,10
22758,0.34071758985519407,10
22770,0.2307118535041809,10
22790,0.29726397395133974,10
22799,0.5336841464042663,10
22801,0.6678303122520447,10
22802,0.5581112570232816,9
22808,0.7727633893489838,10
22815,0.9150493343671163,3
22818,0.44375091046094894,8
22825,0.47092113494873045,10
22826,0.46981567740440366,10
22827,0.49115492701530455,10
22839,0.4677646517753601,10
22843,0.5573039054870605,10
22847,0.7552737593650818,10
22861,0.5995231628417969,10
22863,0.700182831287384,10
22864,0.7989778459072113,10
22866,0.6518391728401184,10
22877,0.5114608407020569,10
22889,0.5629181623458862,10
22897,0.7962300300598144,10
22901,0.6614920914173126,10
22910,0.44363062381744384,10
22923,0.5515716552734375,10
22924,0.5048119723796844,10
22931,0.33506998750898576,9
22938,0.11757420301437378,10
22940,0.8957067131996155,10
22947,0.49331825971603394,10
22948,0.7370035171508789,10
22950,0.700458312034607,10
22980,0.40673398971557617,10
22990,0.6027791329792568,7
22991,0.4503695070743561,10
22999,0.6292782306671143,10
23010,0.6815164268016816,10
23025,0.399780809879303,10
23030,0.5362631916999817,10
23049,0.5923197388648986,10
23053,0.3172557592391968,10
23055,0.8513750255107879,10
23081,0.5474179163575172,8
23094,0.512369042634964,10
23107,0.504636925458908,10
23142,0.6213679671287536,10
23181,0.7131056129932404,10
23200,0.7140878041585287,3
23212,0.5761856692177909,7
23228,0.46100789308547974,10
23241,0.4918534874916077,10
23243,0.7994064092636108,10
23249,0.8028308331966401,10
23257,0.4173050820827484,10
23258,0.7955431997776031,10
23263,0.30091572403907774,10
23270,0.8153174757957459,10
23284,0.7927071452140808,10
23285,0.88886256814003,10
23292,0.5904899775981903,10
23293,0.11069971919059754,10
23304,0.4058122217655182,10
23308,0.22933223843574524,10
23311,0.8986163437366486,10
23329,0.6124828875064849,10
23333,0.4885611951351166,10
23334,0.6642399370670319,10
23346,0.10134239792823792,10
23348,0.6172380089759827,10
23373,0.572774600982666,10
23374,0.4941831648349762,10
23375,0.5004857420921326,10
23378,0.31158766746520994,10
23387,0.8005758166313172,10
23388,0.3958037972450256,10
23389,0.7587660749753317,9
23400,0.5239905893802643,10
23402,0.6824355781078338,10
23404,0.5130153775215149,10
23418,0.806101655960083,10
23421,0.7002995848655701,10
23451,0.40015474557876585,10
23456,0.5392567038536071,10
23485,0.44833384156227113,10
23499,0.43741999864578246,10
23521,0.3208597958087921,10
23540,0.7517184734344482,10
23550,0.7028805434703826,10
23570,0.463831353187561,10
23576,0.7973720133304596,10
23596,0.8598562121391297,10
23598,0.5539647758007049,10
23604,0.8639711439609528,10
23605,0.6734688803553581,8
23613,0.21015005707740783,10
23614,0.646688723564148,10
23615,0.8135759174823761,10
23631,0.37407236695289614,10
23642,0.325691819190979,10
23643,0.6994745373725891,10
23654,0.41817758083343504,10
23656,0.7831793248653411,10
23657,0.7925978362560272,10
23658,0.6394565343856812,10
23671,0.3072295606136322,10
23679,0.6780604481697082,10
23684,0.3880753517150879,10
23685,0.6030662357807159,10
23686,0.7534427881240845,10
23694,0.5561491668224334,10
23695,0.31693371534347536,10
23707,0.7437362432479858,10
23723,0.6825064778327942,10
23724,0.8711883798241615,8
23730,0.6015148341655732,10
23757,0.7018710434436798,10
23761,0.33632197976112366,10
23777,0.7849362373352051,10
23779,0.5953722417354583,10
23812,0.34415950775146487,10
23817,0.5433372378349304,10
23818,0.2710683822631836,10
23827,0.6417580842971802,10
23828,0.49771201610565186,10
23829,0.6876201570034027,10
23831,0.801839292049408,7
23848,0.3955971360206604,10
23870,0.11002650856971741,10
23878,0.6897488892078399,10
23890,0.704032301902771,10
23891,0.6059825658798218,5
23908,0.22373862862586974,10
23912,0.7561618566513062,10
23913,0.488027822971344,10
23915,0.7368638396263123,10
23917,0.5223755061626434,10
23919,0.6077587962150574,10
23920,0.7009123146533967,10
23928,0.38994221687316893,10
23931,0.8017418861389161,10
23935,0.5167084038257599,10
23946,0.6615469634532929,10
23950,0.7266633987426758,10
23953,0.5639166414737702,10
23954,0.7843086361885071,10
23957,0.6999768853187561,10
23959,0.6326963782310486,10
23964,0.5534984111785889,10
23970,0.5010813295841217,10
23977,0.4358852684497833,10
23981,0.6943225502967835,10
23985,0.5014607727527618,10
23995,0.7980826258659363,10
24000,0.4031834304332733,10
24002,0.3803399264812469,10
24009,0.4662795960903168,10
24013,0.5335676729679107,10
24020,0.7632150650024414,10
24024,0.6045226275920867,10
24025,0.6997535526752472,10
24028,0.6020628631114959,10
24037,0.3224107325077057,10
24042,0.37051377693812054,6
24051,0.4944660127162933,10
24053,0.3994681775569916,10
24067,0.7007330179214477,10
24068,0.5035554051399231,10
24069,0.3988616347312927,10
24070,0.44292254447937013,10
24078,0.36251442432403563,10
24082,0.6230258464813232,10
24083,0.5409642815589905,10
24085,0.5140729904174804,10
24105,0.30786229968070983,10
24110,0.19690148830413817,10
24116,0.6662442862987519,10
24118,0.7698689341545105,10
24122,0.4075615227222443,10
24125,0.6040594339370727,10
24127,0.5736784636974335,10
24137,0.3005725920200348,10
24141,0.5862267434597015,10
24142,0.8421562739780971,7
24151,0.40545926690101625,10
24157,0.5118914842605591,10
24168,0.4198159873485565,10
24181,0.675065541267395,10
24186,0.6124318957328796,10
24189,0.5199193358421326,10
24207,0.8413964688777924,10
24209,0.7574427042688642,7
24224,0.3165622055530548,10
24225,0.6940064668655396,10
24230,0.39156273007392883,10
24245,0.4970655977725983,10
24249,0.6690333664417267,10
24254,0.33548781275749207,10
24258,0.5917033433914185,10
24264,0.6104110896587371,10
24267,0.3986285090446472,10
24270,0.32726024389266967,10
24280,0.7888064980506897,10
24304,0.8707254469394684,10
24310,0.3031381845474243,10
24318,0.5220144033432007,10
24321,0.29751657247543334,10
24323,0.6000655651092529,10
24325,0.3774893581867218,10
24373,0.7202389955520629,10
24376,0.24519047737121583,10
24379,0.33719034492969513,8
24387,0.40743483901023864,10
24388,0.26275646686553955,8
24396,0.5963023543357849,10
24410,0.4274944305419922,10
24416,0.7262650489807129,10
24417,0.7636476159095764,10
24443,0.4904984176158905,10
24447,0.4878102779388428,10
24473,0.29152519106864927,10
24475,0.5757414698600769,10
24480,0.6603505909442902,10
24483,0.542984414100647,10
24484,0.6078851461410523,10
24485,0.6260439455509186,10
24487,0.3132480442523956,10
24491,0.3055825293064117,10
24508,0.8971045255661011,10
24509,0.46917020678520205,10
24511,0.3868208765983582,10
24522,0.4445812503496806,9
24525,0.4938113629817963,10
24565,0.7179462730884552,10
24568,0.6112886965274811,10
24627,0.5075900673866272,10
24658,0.7160929560661315,10
24693,0.6995027601718903,10
24698,0.7684762358665467,10
24703,0.8942355394363404,10
24704,0.5051383912563324,10
24706,0.7862514138221741,10
24742,0.7459134042263031,10
24743,0.008166355746132987,7
24754,0.43877949714660647,10
24762,0.7320524513721466,10
24764,0.6864101886749268,10
24770,0.8313615918159485,10
24771,0.1251566469669342,10
24773,0.5121697008609771,10
24779,0.7942464649677277,10
24782,0.11630023717880249,10
24783,0.1852653682231903,10
24784,0.5893213391304016,10
24786,0.505007529258728,10
24794,0.7859238266944886,10
24795,0.3145484924316406,10
24800,0.7481915116310119,10
24803,0.7528639078140259,10
24820,0.37420796751976015,10
24826,0.5850448966026306,10
24827,0.8393143713474274,10
24843,0.44949846267700194,10
24845,0.4320841133594513,10
24878,0.614071524143219,10
24884,0.8867426156997681,10
24901,0.5643770575523377,10
24920,0.6954036891460419,10
24923,0.5082817316055298,10
24927,0.7008609771728516,10
24932,0.8675753355026246,10
24933,0.5718805313110351,10
24935,0.43583629131317136,10
24947,0.5014977097511292,10
24959,0.22829754948616027,10
24969,0.40751524567604064,10
24977,0.3068446069955826,4
24985,0.4145782768726349,10
24988,0.36905468106269834,10
24996,0.5966481864452362,10
24998,0.4975704073905945,10
24999,0.5029869258403779,10
25001,0.6201689422130585,10
25004,0.5737389743328094,10
25008,0.4285942018032074,10
25013,0.3065735399723053,10
25014,0.6992447376251221,10
25021,0.6493051171302795,10
25037,0.5970146775245666,10
25045,0.5848596692085266,10
25069,0.6021616697311402,10
25071,0.457170569896698,10
25081,0.4201304146221706,7
25097,0.798241525888443,10
25104,0.45498136430978775,8
25114,0.499644410610199,10
25142,0.7186271905899048,10
25144,0.477330881357193,10
25155,0.4922884225845337,10
25158,0.6292658984661103,10
25167,0.6228056848049164,10
25168,0.6133109390735626,10
25182,0.6109800696372986,10
25188,0.3023857593536377,5
25190,0.6982320189476013,10
25196,0.7738713920116425,10
25204,0.7000576734542847,10
25213,0.5954749524593353,10
25223,0.5768590927124023,10
25224,0.679208266735077,10
25229,0.261358904838562,10
25233,0.4828159213066101,10
25234,0.4699883937835693,10
25242,0.49464564919471743,10
25246,0.557839983039432,9
25248,0.39995436668395995,5
25253,0.6504547297954559,10
25261,0.30493523478507994,10
25270,0.6758729815483093,6
25271,0.533518660068512,10
25277,0.7144892573356628,10
25292,0.7948562860488891,10
25294,0.7002630472183228,10
25299,0.7587331831455231,10
25302,0.8711619675159454,8
25312,0.5244818263583713,9
25313,0.6788814842700959,10
25314,0.81415553689003,10
25344,0.38522463440895083,10
25409,0.39345008730888364,10
25412,0.27928948402404785,10
25417,0.5682830572128296,10
25420,0.761100423336029,10
25423,0.7188533544540405,10
25429,0.15640426874160768,10
25448,0.10883460640907287,10
25453,0.5506086945533752,10
25455,0.6195482969284057,10
25461,0.41300438046455384,10
25462,0.8652761280536652,10
25469,0.19164270824856228,9
25470,0.6870323121547699,10
25475,0.31352171301841736,10
25476,0.39049962162971497,10
25477,0.5785108149051666,10
25479,0.4995251834392548,10
25491,0.5004868686199189,10
25516,0.48563713431358335,10
25526,0.6962945401668549,10
25537,0.5264862596988678,10
25554,0.8165219068527222,10
25567,0.4021212697029114,10
25568,0.31240467429161073,10
25569,0.9001619637012481,10
25574,0.7777313828468323,10
25584,0.7882382094860076,10
25593,0.4045406699180603,10
25605,0.6371954381465912,10
25613,0.310856419801712,10
25617,0.9900737226009368,10
25618,0.41859453320503237,10
25623,0.20548238158226012,10
25627,0.6126468360424042,10
25628,0.7148789525032043,10
25642,0.5070601284503937,10
25643,0.7030992805957794,10
25665,0.29918254613876344,10
25669,0.7720028519630432,10
25674,0.2691806316375732,10
25677,0.49688138961791994,10
25685,0.23253437280654907,10
25687,0.5173779606819153,10
25695,0.5083895802497864,10
25727,0.7004706203937531,10
25729,0.31358969807624815,10
25738,0.696064007282257,10
25749,0.7028673827648163,10
25754,0.39400292105144924,9
25758,0.5601282000541687,10
25760,0.5874733805656434,10
25768,0.48834338784217834,10
25772,0.3617647886276245,10
25775,0.619890958070755,10
25789,0.20746834874153136,10
25794,0.5811933994293212,10
25795,0.5990829600228204,9
25821,0.6946877837181091,10
25823,0.47603750228881836,10
25841,0.6962224185466767,10
25866,0.6973601639270782,10
25871,0.5931341886520386,10
25900,0.6014022648334503,10
25920,0.553828090429306,10
25924,0.348182029194302,9
25925,0.3976907849311829,10
25937,0.5014633059501648,10
25944,0.8523206114768982,10
25950,0.5288165986537934,10
25951,0.4050767421722412,10
25967,0.3315095484256744,10
25968,0.2622648775577545,10
25972,0.40442376732826235,10
25973,0.4631864666938782,10
25986,0.3549781782286508,7
25988,0.44775567650794984,10
25991,0.5988496243953705,10
25992,0.6306597709655761,10
25993,0.7994537234306336,10
25994,0.6314074277877808,10
26017,0.8375604391098023,10
26025,0.41947369575500487,10
26033,0.3804800361394882,8
26047,0.28491437435150146,10
26052,0.5755750792367118,7
26054,0.3623141646385193,10
26055,0.4395954430103302,10
26067,0.8859198689460754,9
26080,0.45232040286064146,10
26089,0.5905332684516906,10
26093,0.3944633960723877,10
26101,0.3309887945652008,10
26106,0.43940812945365904,10
26114,0.9980830550193787,10
26118,0.5772325336933136,10
26124,0.23996564149856567,10
26132,0.5995239436626434,10
26134,0.5065455555915832,10
26137,0.5490667819976807,10
26141,0.6280809998512268,10
26147,0.5222564518451691,10
26148,0.7042026996612549,10
26156,0.5311073005199433,10
26157,0.5973858118057251,5
26162,0.5809454917907715,10
26163,0.6901476562023163,10
26203,0.5256525456905365,10
26204,0.49994879961013794,4
26205,0.27958100438117983,10
26211,0.6354254961013794,10
26233,0.7028505206108093,10
26235,0.5988090753555297,10
26244,0.6687307953834534,10
26250,0.3001404583454132,10
26292,0.6178783118724823,10
26293,0.40055711269378663,10
26305,0.8842686295509339,10
26306,0.8734772861003876,10
26315,0.6088057339191437,10
26349,0.3999905288219452,10
26353,0.4922666847705841,10
26363,0.5053043842315674,10
26372,0.600005716085434,10
26386,0.40691020488739016,5
26446,0.7028686761856079,10
26447,0.7178510546684265,10
26457,0.7274460196495056,10
26458,0.9086812138557434,10
26459,0.47830918431282043,10
26468,0.48966848850250244,10
26472,0.505724835395813,10
26474,0.5015935480594635,10
26486,0.7635978698730469,10
26516,0.4012569308280945,10
26522,0.7581736862659454,10
26539,0.9019930183887481,10
26540,0.4547895431518555,10
26560,0.28986504673957825,10
26563,0.5580554349081857,7
26566,0.7805381119251251,10
26578,0.6976283133029938,10
26582,0.663147646188736,10
26604,0.4945728063583374,10
26617,0.4064086854457855,10
26620,0.7998379349708558,10
26621,0.601761668920517,10
26687,0.5781753897666931,10
26692,0.7142591306141445,7
26696,0.41263545751571656,10
26697,0.6872344136238098,10
26700,0.33830539882183075,8
26729,0.21027596791585287,6
26736,0.7928020715713501,10
26745,0.4896555542945862,10
26747,0.4678759157657623,10
26768,0.25042806069056195,9
26778,0.5004419147968292,10
26786,0.8083331485589346,6
26795,0.30246031284332275,10
26840,0.9857026934623718,10
26841,0.21947028040885924,10
26855,0.5076602756977081,10
26859,0.5757825314998627,10
26861,0.30424163341522215,10
26869,0.8660163164138794,10
26884,0.8025271415710449,10
26890,0.7477941811084747,10
26906,0.787414938211441,10
26918,0.49826558232307433,10
26919,0.7994097828865051,10
26920,0.4482491254806519,10
26945,0.6747019171714783,10
26946,0.40821142196655275,10
26947,0.20345768928527833,10
26952,0.7039876759052277,10
26956,0.8001234352588653,10
26961,0.7224089980125428,10
26976,0.48437547087669375,10
26983,0.5990889668464661,10
26986,0.39064273663929533,7
26990,0.5066625475883484,10
26997,0.7672864079475403,10
26999,0.5026441276073456,10
27007,0.5456321835517883,10
27028,0.49927336573600767,10
27042,0.6976454198360443,10
27048,0.6018946707248688,10
27061,0.7495987564325333,8
27071,0.890933358669281,10
27073,0.431392456804003,7
27101,0.7388100564479828,10
27117,0.5078797996044159,10
27127,0.6046906292438508,10
27155,0.6257229030132294,10
27162,0.8697098076343537,10
27165,0.6791511416435242,10
27172,0.8024582207202912,10
27173,0.5046676278114319,10
27181,0.5986277222633362,10
27190,0.5772765159606934,10
27225,0.7630704641342163,10
27227,0.215944242477417,5
27266,0.7012295961380005,10
27291,0.7952684104442597,10
27296,0.5175211489200592,10
27298,0.6561526656150818,10
27306,0.7311688482761383,10
27322,0.24558815360069275,10
27335,0.10668250322341918,10
27336,0.615510243177414,10
27339,0.70522900223732,10
27356,0.5515341639518738,10
27359,0.5039747714996338,10
27363,0.6505650818347931,10
27364,0.631472396850586,10
27372,0.6479558408260345,10
27373,0.7156451855387006,7
27374,0.500568799674511,8
27380,0.5147169470787049,10
27385,0.6928136885166168,10
27387,0.3064872264862061,10
27388,0.6055919647216796,10
27389,0.2966074764728546,10
27408,0.5244099617004394,10
27443,0.3211343467235565,10
27451,0.7053254246711731,10
27460,0.41163513660430906,10
27463,0.09027023315429687,10
27468,0.5942782163619995,10
27471,0.26422462198469376,9
27480,0.7274967133998871,10
27490,0.6479677438735962,10
27495,0.32558069825172425,10
27532,0.8621827304363251,10
27546,0.653892207145691,10
27552,0.24277583956718446,10
27574,0.454004967212677,10
27584,0.589842160542806,9
27588,0.6969087958335877,10
27608,0.5964222967624664,10
27609,0.6478029727935791,10
27613,0.7462034404277802,10
27618,0.7776570386356778,9
27624,0.5878861725330353,10
27626,0.4517997145652771,10
27627,0.2973734140396118,10
27658,0.6599112153053284,10
27663,0.7926390767097473,5
27665,0.5592287898063659,5
27667,0.5029997050762176,10
27668,0.3011923789978027,10
27674,0.503969156742096,10
27675,0.2590245842933655,10
27678,0.35540084838867186,10
27680,0.47156301736831663,10
27682,0.8526137292385101,10
27687,0.4062503635883331,10
27708,0.6064732730388641,10
27710,0.4152389466762543,10
27712,0.4615202620625496,8
27719,0.32352338433265687,10
27730,0.5340758860111237,10
27736,0.7804253697395325,10
27739,0.62581986784935,10
27746,0.6314023256301879,10
27751,0.5671315371990204,10
27766,0.4949327945709229,10
27781,0.886996328830719,10
27789,0.4953368902206421,10
27800,0.5877875328063965,10
27802,0.6073810815811157,10
27813,0.6812110602855682,10
27817,0.896004444360733,10
27823,0.5009298920631409,10
27826,0.573160320520401,10
27830,0.3897787630558014,10
27833,0.5865178644657135,10
27837,0.2892159402370453,10
27848,0.7331488132476807,10
27852,0.6055023193359375,10
27853,0.35922848582267763,10
27857,0.5740592062473298,10
27863,0.6824557304382324,10
27870,0.7927758514881134,10
27876,0.3432774345080058,6
27884,0.5067380011081696,10
27926,0.7037611067295074,10
27938,0.4026596248149872,10
27939,0.4996776282787323,4
27940,0.8469045758247375,10
27944,0.6985276818275452,10
27945,0.49770655035972594,10
27948,0.6224991023540497,10
27949,0.5983536183834076,10
27950,0.20711539387702943,10
27959,0.3160074293613434,10
27960,0.5199295818805695,10
27961,0.5106601595878602,10
27965,0.5482641875743866,10
27968,0.7110986411571503,10
27969,0.632686448097229,10
27970,0.30054475665092467,10
27976,0.5347098767757416,10
27981,0.5068952977657318,10
27982,0.4673166804843479,9
28004,0.6385576963424683,10
28010,0.5045956134796142,10
28017,0.330500864982605,10
28018,0.6097204804420471,10
28023,0.798440957069397,10
28025,0.6018252491950988,10
28037,0.6180181264877319,10
28044,0.53539479970932,10
28047,0.10469985008239746,10
28050,0.5859530091285705,10
28053,0.589218819141388,10
28060,0.6490859031677246,10
28063,0.6734645247459412,10
28068,0.27537114090389675,9
28086,0.7255430042743682,10
28089,0.5895615160465241,10
28096,0.5070075869560242,10
28100,0.3339745283126831,10
28102,0.5042802333831787,10
28109,0.6890146315097809,10
28121,0.5300631284713745,10
28143,0.699260127544403,10
28176,0.5416763126850128,10
28181,0.40527398586273194,10
28185,0.4626606285572052,10
28218,0.5982767581939697,10
28224,0.40163194537162783,10
28231,0.597770881652832,10
28238,0.7997770190238953,10
28246,0.346480393409729,10
28253,0.6270392179489136,10
28257,0.11756250858306885,10
28258,0.7952843070030212,10
28259,0.41634111404418944,10
28284,0.7118924617767334,10
28289,0.511176061630249,10
28292,0.5811362415552139,8
28298,0.24432426691055298,10
28301,0.48222047090530396,3
28302,0.6370859622955323,10
28306,0.4355722784996033,10
28308,0.607150673866272,10
28371,0.7469768971204758,4
28388,0.5014091730117798,10
28389,0.499034184217453,10
28396,0.5011958956718445,10
28436,0.525294303894043,10
28444,0.2848691701889038,10
28452,0.8932504653930664,10
28454,0.6819918990135193,10
28472,0.5024066627025604,10
28479,0.4988996982574463,6
28508,0.6428955495357513,10
28511,0.5431185603141785,10
28522,0.6087112724781036,10
28553,0.6918674290180207,10
28565,0.496330189704895,10
28567,0.7894717037677765,10
28574,0.7584489822387696,10
28596,0.559124094247818,10
28609,0.7913911044597626,10
28620,0.6037117898464203,10
28650,0.9945117354393005,5
28674,0.31292018890380857,10
28678,0.620414924621582,10
28699,0.7193215404238019,7
28705,0.5149449169635772,10
28717,0.386093008518219,10
28718,0.33464420437812803,10
28720,0.997391152381897,10
28723,0.8718072354793549,10
28738,0.5822693884372712,10
28739,0.40484927892684935,10
28755,0.6359512329101562,10
28805,0.695594871044159,10
28817,0.40369020104408265,10
28828,0.7976966023445129,10
28829,0.6101267457008361,10
28834,0.30225642323493956,10
28843,0.5198682904243469,10
28857,0.4027743756771088,10
28860,0.2979614496231079,10
28861,0.384244441986084,10
28879,0.5449952244758606,10
28905,0.6044947862625122,10
28907,0.41379178762435914,10
28944,0.43500333428382876,10
28989,0.7511207120759147,7
29010,0.4960627257823944,10
29017,0.7072636306285858,10
29018,0.41460296511650085,10
29019,0.221733914481269,9
29020,0.5178984344005585,10
29026,0.3559024274349213,10
29030,0.4073911845684052,10
29055,0.5518992185592652,10
29073,0.7129357755184174,10
29078,0.29928467869758607,10
29080,0.42561683654785154,10
29096,0.36328357458114624,10
29099,0.590855598449707,10
29106,0.49589510560035704,10
29107,0.5011232197284698,10
29109,0.48714057803153993,10
29117,0.43661166429519654,10
29118,0.20375341773033143,10
29119,0.21895119878980848,9
29126,0.7655427873134613,10
29138,0.7428071856498718,10
29140,0.8972994387149811,10
29142,0.48620758652687074,10
29146,0.6593148410320282,10
29198,0.3426742970943451,10
29199,0.8912859797477722,10
29223,0.4171923935413361,10
29226,0.21489744186401366,10
29256,0.657566487789154,10
29258,0.2912638962268829,10
29259,0.8057091951370239,10
29278,0.4915444552898407,10
29281,0.31044923067092894,10
29285,0.6029445648193359,10
29286,0.8997759759426117,10
29291,0.7109223425388336,10
29294,0.4515444695949554,10
29308,0.6553074061870575,10
29317,0.5432234764099121,10
29351,0.7059139490127564,10
29352,0.6878869533538818,10
29355,0.7479247987270355,10
29368,0.8094793617725372,10
29375,0.39378814697265624,10
29376,0.7212796211242676,10
29379,0.8423703074455261,10
29380,0.6737681925296783,10
29382,0.44147996306419374,10
29383,0.8967945992946624,10
29386,0.6038701653480529,10
29387,0.601041567325592,10
29405,0.09281259775161743,10
29408,0.39902260303497317,10
29410,0.682264530658722,10
29411,0.8821086525917053,10
29415,0.35897842049598694,10
29419,0.5024260580539703,10
29433,0.5681735409630669,9
29447,0.2052729308605194,10
29456,0.36140146255493166,10
29489,0.5012588798999786,8
29491,0.5019879877567291,10
29505,0.25785858035087583,10
29517,0.3253093276705061,7
29581,0.5167009890079498,10
29582,0.6686358511447906,10
29599,0.3578324794769287,10
29602,0.6997575521469116,10
29603,0.5972201943397522,10
29613,0.31631678342819214,10
29625,0.22812597619162667,9
29626,0.15113161206245423,10
29638,0.6804040908813477,10
29653,0.38780416250228883,10
29656,0.07474079728126526,10
29663,0.6050724029541016,10
29676,0.6408277213573456,10
29678,0.5827501893043519,10
29687,0.6920450389385223,10
29691,0.41639216542243956,10
29694,0.6944741487503052,10
29736,0.3066152334213257,10
29741,0.5928901433944702,10
29773,0.4842857360839844,10
29805,0.5546182215213775,10
29839,0.7555780589580536,10
29848,0.5113092243671418,10
29860,0.593917715549469,10
29875,0.7004665911197663,10
29879,0.44608439803123473,10
29903,0.4285944938659668,10
29924,0.5251338303089141,10
29934,0.4529018461704254,10
29937,0.6827239751815796,10
29939,0.6554636418819427,10
29952,0.913499265909195,10
29972,0.8855351209640503,10
30000,0.6791947066783905,10
30009,0.4894180953502655,10
30010,0.5467648327350616,10
30020,0.7468516409397126,10
30021,0.5999392509460449,10
30022,0.9261963665485382,10
30023,0.6934010684490204,10
30024,0.8996844708919525,10
30057,0.47339757680892947,10
30081,0.6912104427814484,10
30098,0.7563768267631531,10
30102,0.6911383032798767,10
30111,0.7976620674133301,10
30164,0.4047647178173065,10
30166,0.6385948777198791,10
30179,0.5049293398857116,10
30216,0.4047746956348419,10
30239,0.5628253400325776,10
30241,0.6946857571601868,10
30246,0.7072901725769043,10
30248,0.7785650193691254,10
30255,0.595900970697403,10
30261,0.5912375450134277,10
30264,0.7492823998133341,6
30281,0.10637699961662292,10
30286,0.4948558032512665,10
30287,0.6112780094146728,10
30306,0.4770883023738861,10
30324,0.374214643239975,10
30328,0.6923086524009705,10
30334,0.45937518030405045,8
30356,0.7818353950977326,10
30363,0.701626205444336,10
30364,0.10309572815895081,10
30367,0.506761622428894,10
30370,0.13920085430145263,10
30379,0.30411028265953066,10
30380,0.7397464215755463,10
30381,0.3006329655647278,10
30393,0.39577088356018064,10
30438,0.8716471046209335,8
30456,0.3656529188156128,10
30483,0.46354146003723146,10
30485,0.4733862042427063,10
30505,0.748499584197998,10
30539,0.6093804717063904,10
30549,0.7908836483955384,10
30582,0.2249923050403595,10
30583,0.8109282970428466,10
30618,0.59764084815979,10
30640,0.616774320602417,10
30641,0.36608738303184507,10
30645,0.6232472062110901,10
30658,0.49480205178260805,10
30662,0.5199397325515747,10
30684,0.5005513191223144,10
30706,0.5188287675380707,10
30723,0.6173062086105346,5
30741,0.4020200431346893,10
30760,0.20551080703735353,10
30771,0.6614473998546601,10
30795,0.6395446300506592,10
30804,0.700462931394577,10
30820,0.025254184007644655,10
30838,0.32599793871243793,6
30852,0.7318712055683136,10
30869,0.7980266153812409,10
30878,0.6187050402164459,10
30879,0.45649787187576296,10
30896,0.6748107737965054,9
30932,0.6927390992641449,10
30945,0.4787412464618683,10
30947,0.19793643951416015,10
30951,0.615569019317627,10
30952,0.2772659659385681,10
30957,0.6220685243606567,10
30958,0.6465641140937806,10
30991,0.767801022529602,10
31016,0.6233905792236328,10
31021,0.6946725845336914,10
31053,0.6437069356441498,10
31056,0.7902258813381196,10
31057,0.7351017892360687,10
31066,0.43615729808807374,10
31067,0.4785879015922546,10
31068,0.29826322197914124,10
31069,0.35772570967674255,10
31070,0.47911360263824465,10
31074,0.5083627343177796,10
31075,0.11720741987228393,10
31105,0.7082276165485382,10
31111,0.7967621922492981,10
31117,0.4494638204574585,10
31133,0.8201760232448578,10
31138,0.5605086565017701,10
31145,0.5994353115558624,10
31159,0.6401489675045013,10
31198,0.849886417388916,10
31216,0.6548224031925202,10
31235,0.45198724667231244,6
31260,0.48763473629951476,10
31271,0.6883947551250458,10
31274,0.48748292326927184,10
31291,0.7650837123394012,10
31294,0.4336554825305939,10
31298,0.42715781927108765,9
31302,0.5497987568378448,10
31315,0.013269980748494467,3
31335,0.10900911688804626,10
31336,0.6989577174186706,10
31358,0.6930818676948547,10
31360,0.48900082111358645,10
31361,0.4232170283794403,10
31378,0.9015577375888825,10
31380,0.40417925715446473,10
31401,0.5629933953285218,10
31410,0.6800610542297363,10
31421,0.7012727379798889,10
31443,0.5540348410606384,10
31449,0.6869030594825745,10
31453,0.7876913845539093,10
31454,0.9710003674030304,10
31477,0.4992302854855855,6
31479,0.6976994395256042,10
31481,0.789043927192688,10
31483,0.8938795149326324,10
31497,0.8154129922389984,10
31503,0.4541619062423706,10
31506,0.5294259369373322,10
31508,0.5085554659366608,10
31512,0.6828166365623474,10
31516,0.8039053499698638,10
31527,0.5793695002794266,8
31542,0.4892795443534851,10
31545,0.6723507583141327,10
31547,0.6901212811470032,10
31552,0.895801842212677,10
31553,0.46548078656196595,10
31554,0.899587082862854,10
31556,0.42858620285987853,10
31557,0.5984976887702942,10
31558,0.6694028079509735,10
31561,0.4824472486972809,10
31563,0.5909000396728515,10
31575,0.6839705586433411,10
31586,0.39578725695610045,10
31594,0.7875924289226532,10
31604,0.5913730502128601,10
31605,0.5990826070308686,10
31612,0.4067871689796448,10
31615,0.40315490365028384,10
31621,0.24131388664245607,10
31623,0.5494876980781556,10
31624,0.5261994659900665,10
31627,0.7149832725524903,10
31697,0.6928043723106384,10
31711,0.5188950955867767,10
31715,0.561974972486496,10
31722,0.8930999040603638,10
31730,0.8070203602313996,10
31745,0.40947500467300413,10
31759,0.6565518617630005,10
31764,0.597893112897873,10
31767,0.4060728907585144,10
31770,0.7751486420631408,10
31790,0.39119585752487185,10
31794,0.4020381152629852,10
31797,0.2054092764854431,5
31800,0.8765470087528229,6
31803,0.755833238363266,10
31808,0.5966931223869324,10
31820,0.41634233593940734,10
31821,0.6556356132030488,10
31822,0.3177706480026245,10
31846,0.22356423139572143,10
31848,0.2475893795490265,4
31853,0.8095270752906799,10
31858,0.5938622295856476,10
31887,0.697248923778534,10
31897,0.4785245954990387,10
31909,0.2948165774345398,10
31920,0.3552070379257202,10
31926,0.4978695511817932,10
31935,0.229434734582901,10
31936,0.5970743358135223,10
31954,0.6064413905143737,10
31968,0.41235252618789675,10
31971,0.5698993027210235,10
31975,0.7357911705970764,10
31999,0.6768838942050934,10
32002,0.6566056549549103,10
32004,0.5109294712543487,10
32014,0.20452354550361634,10
32016,0.8316572725772857,10
32025,0.6015699565410614,10
32031,0.7097413063049316,10
32032,0.4088012397289276,10
32047,0.4289509117603302,10
32048,0.7095409214496613,10
32086,0.5669176446066962,9
32107,0.692611700296402,10
32109,0.34772642254829406,10
32114,0.6101842045783996,10
32116,0.644887524843216,10
32124,0.4997988760471344,10
32125,0.7762904584407806,10
32129,0.5950123071670532,10
32143,0.4815181910991669,10
32146,0.6936613976955414,10
32149,0.7162696778774261,10
32150,0.7818342049916586,9
32154,0.39280024766921995,10
32157,0.5007165312767029,10
32161,0.19889288544654846,10
32164,0.1563536763191223,10
32165,0.4201362431049347,10
32171,0.36407009363174436,10
32187,0.8728575766086578,10
32194,0.4182845950126648,10
32224,0.3633027195930481,10
32226,0.6826011776924134,10
32236,0.6151047348976135,10
32245,0.2002616345882416,10
32253,0.3985589206218719,10
32260,0.5903070867061615,10
32264,0.1932613948980967,6
32280,0.43113059401512144,10
32288,0.6386686503887177,10
32327,0.4512084901332855,10
32330,0.0016057292620340984,6
32333,0.456871896982193,10
32337,0.8276040136814118,10
32340,0.6234224438667297,10
32341,0.45103815793991087,10
32346,0.42311471700668335,10
32361,0.6645571788152059,3
32365,0.29199175238609315,10
32369,0.44985222154193455,9
32382,0.6921793818473816,10
32405,0.7163632571697235,10
32409,0.32317728996276857,10
32410,0.5579429202609592,9
32412,0.5316068351268768,10
32414,0.752357080578804,8
32415,0.4001205742359161,10
32424,0.7213943004608154,10
32428,0.004490554332733154,7
32429,0.543036013841629,10
32431,0.49251659512519835,10
32441,0.7231744706630707,10
32444,0.7837079107761383,10
32450,0.40856472253799436,10
32464,0.5504087567329407,5
32465,0.5530279040336609,10
32466,0.7729993164539337,10
32469,0.7155926525592804,10
32471,0.144557923078537,10
32484,0.992018848657608,10
32495,0.3253181517124176,10
32598,0.5612300170792474,9
32601,0.6990263998508454,10
32639,0.8996616065502167,10
32666,0.41853597164154055,10
32670,0.12387832999229431,10
32674,0.40372021198272706,10
32678,0.48840945959091187,10
32679,0.5955901920795441,10
32680,0.39865919947624207,10
32682,0.5088499784469604,10
32683,0.5828006505966187,10
32684,0.5337513759732246,8
32685,0.6596980512142181,10
32688,0.5964787662029266,10
32702,0.459774374961853,10
32740,0.7444462299346923,10
32742,0.520544601811303,9
32743,0.2584402859210968,10
32751,0.5434828221797943,10
32784,0.404545795917511,10
32789,0.007020175457000732,3
32794,0.6244174093008041,8
32820,0.5677747666835785,10
32821,0.6063397169113159,10
32828,0.6953940033912659,10
32838,0.6032153904438019,10
32849,0.7845977544784546,10
32863,0.539804095029831,10
32885,0.7002851784229278,10
32901,0.5900125324726104,10
32907,0.8385764479637146,10
32944,0.39697957038879395,10
32946,0.6908583144346873,6
32968,0.3182210624217987,10
32969,0.4976358413696289,10
32989,0.7986052393913269,10
32990,0.7005921244621277,10
32992,0.32529433369636535,10
32993,0.3319442093372345,10
32995,0.6684238910675049,10
32996,0.42187737226486205,10
33003,0.7273015558719635,10
33018,0.45607824325561525,10
33020,0.7545103430747986,10
33024,0.32358750104904177,10
33030,0.9762004852294922,10
33040,0.5118011772632599,10
33048,0.7068647265434265,10
33071,0.4759865581989288,10
33077,0.7313882946968079,10
33086,0.6942517518997192,10
33088,0.7900447189807892,10
33107,0.5713777959346771,10
33112,0.5423175454139709,10
33140,0.8988217413425446,10
33150,0.9691387593746186,10
33154,0.6984570682048797,10
33155,0.7036255598068237,10
33156,0.7922650575637817,10
33157,0.14066155552864074,10
33159,0.2567136287689209,10
33160,0.40789452791213987,10
33169,0.16493327418963113,6
33172,0.24125796556472778,10
33196,0.5025375366210938,10
33198,0.4016075968742371,5
33208,0.6864439249038696,10
33225,0.8181429862976074,10
33259,0.7929698765277863,10
33288,0.3967610776424408,10
33292,0.5524077236652374,10
33359,0.48632983565330506,10
33383,0.8680475420422025,9
33406,0.43765645623207095,10
33414,0.7724495927492777,9
33418,0.7720768981509738,9
33421,0.35484331250190737,10
33427,0.791965389251709,10
33434,0.4802163243293762,10
33451,0.6005588054656983,10
33468,0.5142990827560425,10
33495,0.6438778579235077,10
33497,0.3082636475563049,10
33541,0.5628966450691223,10
33569,0.5376743078231812,10
33581,0.4886783421039581,10
33595,0.4800448536872864,10
33599,0.4857256472110748,10
33604,0.5019651353359222,10
33605,0.5043626725673676,10
33614,0.6982784628868103,10
33623,0.3583038091659546,5
33624,0.5714495360851288,10
33625,0.4365694423516591,6
33643,0.741552984714508,10
33646,0.6054267168045044,10
33664,0.5736060976982117,10
33665,0.8149445414543152,10
33692,0.4016535460948944,10
33701,0.6104671001434326,10
33723,0.5579192519187928,10
33732,0.22860050201416016,10
33759,0.699698668718338,10
33767,0.6784592390060424,10
33779,0.7472632944583892,10
33782,0.5674201164926801,7
33785,0.8207949161529541,10
33789,0.5112119813760122,6
33799,0.5947161555290222,10
33801,0.3079929709434509,10
33803,0.8053117632865906,10
33812,0.6925380170345307,10
33845,0.6556797206401825,10
33857,0.4173655271530151,10
33870,0.6640499174594879,10
33875,0.6054277539253234,10
33876,0.17964642643928527,10
33904,0.8317760129769644,6
33906,0.425909161567688,5
33907,0.6470275700092316,10
33911,0.7304817259311676,10
33924,0.590487676858902,10
33950,0.48098140954971313,10
33958,0.613487058877945,10
33959,0.8081418812274933,10
33962,0.3080796241760254,10
33964,0.6435065805912018,10
33967,0.700738650560379,10
33984,0.6058740377426147,10
34001,0.6843425929546356,10
34004,0.7461316227912903,10
34009,0.6590500235557556,10
34010,0.4660212159156799,10
34014,0.5023168921470642,10
34065,0.4963728666305542,10
34084,0.5913069188594818,10
34091,0.28217409054438275,6
34096,0.291142076253891,4
34098,0.8215059578418732,10
34118,0.6009373426437378,10
34119,0.3896162033081055,10
34127,0.39751410484313965,10
34139,0.6596482263671027,9
34152,0.4992695987224579,10
34166,0.6525865912437439,10
34169,0.4887251019477844,10
34173,0.4045420289039612,10
34185,0.29594151973724364,10
34194,0.48914443850517275,10
34195,0.4048765540122986,10
34207,0.9952600419521331,10
34218,0.6109407603740692,10
34219,0.7022497177124023,10
34221,0.5837573945522309,10
34227,0.8030670523643494,10
34238,0.5106528103351593,10
34245,0.708652675151825,10
34255,0.3097908854484558,10
34276,0.601777321100235,10
34277,0.43724165558815004,10
34284,0.5699908494949341,10
34296,0.5048033237457276,10
34297,0.6113944232463837,10
34305,0.7086848616600037,7
34310,0.4575343668460846,10
34311,0.6975242376327515,10
34320,0.45570833683013917,10
34334,0.7830540835857391,10
34342,0.3956949830055237,10
34373,0.9062068462371826,10
34374,0.6129467010498046,10
34375,0.5990165114402771,10
34376,0.83891441822052,10
34377,0.8480492472648621,10
34381,0.8009316623210907,10
34383,0.39667151123285294,8
34390,0.7156536400318145,10
34395,0.04310312271118164,10
34419,0.33594862222671507,10
34444,0.5460976660251617,10
34450,0.4793972849845886,10
34496,0.6921474754810333,10
34575,0.6631823122501374,10
34583,0.452748692035675,10
34585,0.6627790093421936,10
34599,0.5090770781040191,10
34615,0.7504334688186646,10
34635,0.6656430542469025,10
34639,0.9786639034748077,10
34655,0.6173679113388062,10
34659,0.7081206500530243,10
34692,0.7466750323772431,10
34696,0.711127758026123,10
34701,0.6962905168533325,10
34707,0.6093114495277405,10
34713,0.6813606083393097,10
34744,0.7328183948993683,10
34745,0.5799200534820557,10
34747,0.51760134100914,10
34785,0.6723655879497528,10
34819,0.5031342327594757,10
34825,0.19511680006980897,10
34829,0.5900894224643707,10
34843,0.3865069568157196,10
34866,0.501449728012085,10
34871,0.4106979608535767,10
34887,0.7853454232215882,10
34890,0.6336445450782776,10
34902,0.6541077136993408,10
34905,0.6723464071750641,10
34933,0.22756170034408568,10
34938,0.29538007974624636,10
34943,0.401420533657074,10
34948,0.464307564496994,10
34958,0.8671895563602448,10
34969,0.7075394511222839,10
34974,0.7272429466247559,8
35003,0.7213048279285431,10
35017,0.5178103685379029,10
35023,0.6229380965232849,10
35035,0.6113815486431122,10
35040,0.7085086524486541,10
35047,0.5106713712215424,10
35052,0.6995342433452606,10
35054,0.7780186712741852,10
35122,0.40083780884742737,10
35137,0.44522562623023987,10
35163,0.5047697782516479,10
35167,0.7975166320800782,5
35173,0.42748174667358396,10
35179,0.7170265257358551,10
35188,0.3635628581047058,10
35207,0.4989757776260376,10
35219,0.7322136461734772,10
35220,0.6174711942672729,10
35247,0.20513043999671937,10
35248,0.5194060742855072,10
35254,0.7895204722881317,10
35256,0.7817395448684692,10
35262,0.6414332389831543,7
35285,0.580538272857666,10
35289,0.6961698889732361,10
35293,0.7186054885387421,10
35294,0.37861031889915464,10
35305,0.6605184614658356,10
35306,0.9367799520492553,10
35311,0.8929738402366638,10
35312,0.6758366823196411,10
35342,0.6087333261966705,10
35350,0.6613432049751282,10
35354,0.8582098841667175,10
35369,0.7396669864654541,10
35371,0.655967503786087,10
35376,0.749853104352951,10
35395,0.6059531807899475,10
35400,0.8203530609607697,10
35414,0.6391548454761505,10
35423,0.9025462448596955,10
35425,0.5701831400394439,10
35435,0.6488490343093872,10
35438,0.6183895885944366,10
35452,0.6125470101833344,10
35453,0.7978280425071717,10
35457,0.45771209597587587,10
35466,0.3911604046821594,10
35468,0.6773790385988023,9
35472,0.5038070976734161,10
35476,0.4191565871238708,10
35477,0.5510568201541901,10
35481,0.7926700234413147,10
35482,0.6053775012493133,10
35488,0.49796616435050967,10
35492,0.44606797099113465,10
35497,0.58453648686409,10
35503,0.5149303495883941,10
35505,0.5833335101604462,10
35508,0.40318654775619506,10
35524,0.5149480760097503,10
35546,0.616588419675827,10
35548,0.5128621518611908,10
35556,0.8013311803340912,10
35570,0.608404529094696,10
35572,0.8619741678237915,10
35585,0.3862494885921478,10
35599,0.6794073820114136,10
35614,0.6969818830490112,10
35618,0.8850553750991821,10
35634,0.6901575326919556,10
35635,0.8303970158100128,10
35652,0.6969411373138428,10
35654,0.7571088671684265,5
35658,0.525418895483017,10
35661,0.7858606159687043,10
35662,0.6925011336803436,10
35665,0.5072249948978425,10
35669,0.318839555978775,10
35674,0.6926948070526123,10
35676,0.3127327859401703,10
35677,0.20254505872726442,10
35706,0.47018739581108093,10
35761,0.7020397245883941,10
35763,0.6931065917015076,10
35801,0.4062636852264404,10
35812,0.7234132051467895,10
35813,0.8994802474975586,10
35815,0.32671585083007815,10
35865,0.7880298793315887,10
35877,0.705466490983963,10
35896,0.20932460576295853,8
35901,0.7923360824584961,10
35910,0.9876876950263977,10
35934,0.6405102511247,6
35935,0.6015763998031616,10
35961,0.2525857223404778,9
35964,0.6853364050388336,10
36218,0.4090921223163605,10
36225,0.5998070955276489,10
36228,0.01158761978149414,10
36229,0.39923915863037107,10
36230,0.3219331383705139,10
36231,0.2702597439289093,10
36232,0.397207909822464,10
36234,0.3629718482494354,10
36235,0.7378673017024994,10
36236,0.7137992322444916,10
36237,0.38165636658668517,10
36241,0.61133993268013,10
36250,0.4400147259235382,10
36297,0.6059179186820984,10
36299,0.6995732426643372,10
36314,0.5094871163368225,10
36325,0.5903125703334808,10
36332,0.5728176534175873,10
36333,0.810187292098999,10
36339,0.8708368897438049,10
36345,0.5850671052932739,10
36367,0.4744656443595886,10
36373,0.7215275704860687,10
36380,0.3324567675590515,6
36381,0.6750274121761322,10
36399,0.7038279891014099,10
36400,0.8494390726089478,10
36412,0.6217851102352142,10
36413,0.6537348806858063,10
36415,0.3876870721578598,8
36424,0.39004040956497193,10
36478,0.9970664381980896,10
36480,0.39238995909690855,10
36482,0.6512214958667755,10
36510,0.6940816223621369,10
36522,0.7003729939460754,10
36523,0.4951370060443878,10
36538,0.5947333574295044,7
36553,0.6179376244544983,10
36554,0.7484537541866303,10
36560,0.6165598630905151,10
36596,0.7025997161865234,10
36597,0.5769702136516571,10
36598,0.7069671869277954,10
36599,0.3177717447280884,10
36603,0.49980448484420775,10
36604,0.580607944726944,10
36611,0.5598659992218018,10
36612,0.5439185380935669,10
36615,0.4981070816516876,10
36616,0.7445663154125214,10
36623,0.5310791015625,10
36634,0.241558974981308,10
36639,0.4954283177852631,10
36648,0.6473680019378663,10
36649,0.5086268723011017,10
36650,0.31048681735992434,10
36659,0.4641080558300018,10
36661,0.6395414710044861,10
36674,0.6960040390491485,10
36687,0.6780762732028961,10
36690,0.497784286737442,10
36698,0.4764365375041962,10
36708,0.507718563079834,10
36737,0.6461763858795166,10
36739,0.5820852935314178,10
36745,0.660993093252182,10
36751,0.5841988027095795,10
36777,0.5213574469089508,10
36783,0.4734463632106781,10
36788,0.6414416134357452,10
36789,0.3975468675295512,6
36790,0.8715951442718506,10
36811,0.59053915143013,10
36887,0.46707904934883115,10
36888,0.5064251065254212,10
36895,0.5545180439949036,10
36903,0.562979382276535,10
36905,0.5483586192131042,6
36911,0.7007457733154296,10
36932,0.4693275272846222,10
36944,0.6159468948841095,10
36946,0.4979036271572113,10
36973,0.6207111299037933,10
36985,0.3020026504993439,10
36986,0.41246546506881715,10
37000,0.5783649206161499,10
37046,0.4683158278465271,10
37059,0.8979309380054474,10
37061,0.4070444703102112,10
37097,0.5853509604930878,10
37099,0.7700149238109588,10
37103,0.7138437330722809,10
37111,0.42853549122810364,10
37120,0.6748669922351838,10
37127,0.3493356903394063,9
37141,0.6535018444061279,10
37142,0.5159462273120881,10
37165,0.5042673051357269,10
37168,0.33945902188618976,6
37175,0.31673337817192077,10
37184,0.6864517092704773,10
37196,0.907223916053772,10
37198,0.49703375697135926,10
37208,0.7775215625762939,10
37224,0.19953122735023499,6
37231,0.593404495716095,10
37257,0.6972696363925934,10
37260,0.5431099176406861,10
37267,0.6445323586463928,10
37296,0.6976526319980622,10
37301,0.5931198239326477,10
37305,0.30413164496421813,10
37307,0.7654193043708801,9
37345,0.6051295876502991,10
37349,0.32908419966697694,10
37351,0.6395760178565979,7
37358,0.8395663380622864,10
37362,0.6990629374980927,10
37370,0.8881017982959747,10
37371,0.7510057866573334,10
37376,0.40159494876861573,10
37379,0.38963016867637634,10
37380,0.6274169981479645,10
37382,0.5914905369281769,10
37383,0.7819067776203156,10
37387,0.807381135225296,10
37391,0.5269053161144257,10
37392,0.7932121932506562,10
37394,0.7956936240196228,10
37400,0.7800200939178467,10
37401,0.6449370980262756,8
37441,0.5160269021987915,10
37444,0.896978098154068,10
37461,0.5080808818340301,10
37477,0.6662640035152435,10
37490,0.5107620418071747,10
37491,0.7083768904209137,10
37497,0.5940157532691955,10
37498,0.6495267510414123,10
37589,0.44316365122795104,10
37592,0.5532773852348327,10
37612,0.4289561450481415,10
37615,0.4563377916812897,10
37628,0.6933841466903686,10
37633,0.8971303284168244,10
37672,0.5876222908496856,10
37680,0.1934938907623291,10
37683,0.8982386708259582,10
37686,0.4072740972042084,10
37694,0.3314509212970734,10
37696,0.5751438319683075,10
37698,0.2792152497503493,9
37718,0.9870302379131317,10
37724,0.6433436453342438,10
37728,0.4150329828262329,10
37731,0.6588946938514709,10
37732,0.6961920738220215,10
37734,0.45932751297950747,10
37738,0.576786744594574,10
37739,0.5465735495090485,10
37741,0.2914315462112427,4
37743,0.699658864736557,10
37755,0.9986754298210144,10
37770,0.5515839457511902,6
37777,0.3750702619552612,10
37794,0.7135303795337677,10
37836,0.7966027379035949,10
37847,0.6809512436389923,10
37849,0.790988951921463,10
37854,0.42295023798942566,6
37875,0.7549907743930817,10
37885,0.8978066980838776,10
37904,0.47425459027290345,10
37906,0.42802666425704955,10
37907,0.6913350641727447,10
37912,0.6968044221401215,10
37919,0.6729622662067414,10
37931,0.8429463028907775,10
37982,0.3555195391178131,10
37983,0.6908888280391693,10
37988,0.6378069579601288,10
37997,0.7763054490089416,10
38001,0.22043383121490479,10
38026,0.5827994585037232,10
38032,0.6093132734298706,10
38038,0.8151159584522247,10
38050,0.3667502224445343,10
38054,0.9992660880088806,10
38062,0.31282187104225156,10
38141,0.422804194688797,10
38154,0.41462193727493285,10
38159,0.6095242917537689,10
38187,0.7137009739875794,10
38194,0.5952665150165558,10
38195,0.6090330898761749,10
38197,0.395979231595993,10
38204,0.680039256811142,10
38227,0.6377106428146362,10
38263,0.7465872168540955,4
38266,0.9043083667755127,10
38275,0.3903695583343506,10
38287,0.4971889674663544,10
38299,0.4035825490951538,10
38309,0.6904787540435791,10
38318,0.40930432081222534,10
38328,0.45451388955116273,10
38331,0.8068596720695496,10
38334,0.6845670342445374,10
38337,0.8400365293025971,10
38340,0.6156018733978271,10
38343,0.5948017597198486,10
38353,0.011557608842849731,4
38355,0.29929945468902586,10
38359,0.32120981216430666,10
38361,0.6720861673355103,10
38364,0.6250705897808075,10
38386,0.4695592701435089,10
38387,0.5111334800720215,10
38390,0.3985303699970245,10
38391,0.708317905664444,10
38400,0.506948733329773,10
38402,0.41834847927093505,10
38418,0.23476753234863282,5
38429,0.8109889984130859,10
38430,0.5016850411891938,10
38437,0.7759095430374146,10
38453,0.5264544069766999,10
38462,0.5671716094017029,10
38464,0.4480886340141296,10
38466,0.3002316951751709,10
38471,0.5997303903102875,10
38476,0.43238677978515627,10
38499,0.7396737098693847,10
38504,0.5519345760345459,10
38506,0.6141747891902923,10
38531,0.7009836852550506,10
38545,0.8207666575908661,10
38548,0.9915338099002838,10
38553,0.24085659980773927,10
38558,0.3968133985996246,10
38561,0.37971439957618713,10
38562,0.9184845983982086,8
38577,0.3330772042274475,10
38578,0.5458717465400695,10
38637,0.19321274161338806,10
38657,0.4415618538856506,10
38665,0.5629324376583099,10
38678,0.11660733819007874,10
38679,0.5956746816635132,10
38680,0.804373276233673,10
38694,0.21793482303619385,10
38702,0.42166865468025205,10
38703,0.3086353540420532,10
38707,0.11100843548774719,10
38713,0.7527745425701141,10
38718,0.6254736721515656,10
38735,0.6967526614665985,10
38747,0.30171431303024293,10
38749,0.8077480673789978,10
38755,0.9454975128173828,10
38763,0.4775871455669403,10
38764,0.802989262342453,10
38765,0.4096662402153015,10
38772,0.2330035924911499,10
38778,0.29417346715927123,10
38784,0.5694664518038431,6
38786,0.7026006996631622,10
38795,0.5123238384723663,10
38797,0.533108514547348,10
38805,0.8061487793922424,10
38821,0.5009423196315765,10
38823,0.9940652072429657,10
38824,0.3407262921333313,10
38825,0.6478521943092346,10
38826,0.4690400719642639,10
38828,0.32816125750541686,10
38829,0.5955674111843109,10
38830,0.6293164253234863,10
38837,0.7020018219947814,10
38858,0.686749917268753,10
38860,0.29721260666847227,10
38862,0.316900372505188,10
38863,0.5945202648639679,10
38866,0.3619261205196381,10
38868,0.40316052436828614,10
38870,0.3258687317371368,10
38872,0.6805838525295258,10
38873,0.6015091419219971,10
38877,0.6042768716812134,10
38881,0.4173737943172455,10
38886,0.795648068189621,10
38897,0.49937174320220945,10
38904,0.3896064043045044,10
38918,0.6995819926261901,10
38923,0.513146948814392,10
38924,0.5104453265666962,10
38929,0.7972284078598022,5
38931,0.4744995653629303,10
38944,0.6503378212451935,10
38949,0.6740406394004822,10
38950,0.5462424218654632,10
38975,0.7771919667720795,10
38980,0.4232862412929535,10
38981,0.5037441611289978,10
38984,0.4290516495704651,10
38986,0.49958898425102233,10
38991,0.5976072907447815,10
38992,0.7457685768604279,10
38996,0.7954155266284942,10
39007,0.6797628343105316,10
39019,0.7088883996009827,10
39020,0.5052719950675965,10
39029,0.6362192749977111,10
39034,0.7876035571098328,10
39045,0.5841883778572082,10
39066,0.4186482608318329,10
39067,0.7915358960628509,10
39070,0.4004530727863312,10
39080,0.4009665310382843,10
39084,0.4653992772102356,10
39087,0.6911053955554962,10
39088,0.7082378745079041,10
39089,0.7304263293743134,10
39095,0.5495746731758118,10
39104,0.5054117381572724,10
39124,0.7483688443899155,4
39145,0.08777817487716674,10
39169,0.49757043123245237,10
39180,0.5605426907539368,10
39188,0.9502094089984894,10
39189,0.8536168396472931,10
39192,0.6352199614048004,10
39193,0.25229655844824656,7
39206,0.6641591906547546,10
39210,0.3721183121204376,10
39217,0.6685619235038758,10
39219,0.6215467512607574,10
39232,0.8034249901771545,10
39242,0.26344605088233947,10
39245,0.39084403216838837,8
39252,0.396811048189799,9
39276,0.4044846773147583,10
39279,0.6581509292125702,10
39290,0.8137523591518402,10
39312,0.387599778175354,10
39320,0.5950520753860473,10
39324,0.3818247437477112,10
39328,0.42045984864234925,10
39331,0.91095752120018,10
39332,0.6315019786357879,10
39336,0.5932161688804627,10
39339,0.5789438307285308,10
39342,0.1762768805027008,10
39345,0.6978495419025421,10
39351,0.4079883396625519,10
39372,0.48086203932762145,10
39375,0.4020474195480347,10
39382,0.5227242827415466,10
39383,0.6319977045059204,10
39389,0.15787910563605173,7
39406,0.8173201978206635,10
39415,0.4981884896755219,10
39426,0.6472187995910644,10
39431,0.6165948595319476,7
39435,0.5387995481491089,10
39447,0.5937248528003692,10
39463,0.6951707243919373,10
39515,0.6149434924125672,10
39527,0.3972312271595001,10
39530,0.6217850327491761,10
39534,0.7538585007190705,10
39536,0.7037116229534149,10
39545,0.43815874457359316,10
39549,0.6961417555809021,10
39552,0.34716333746910094,10
39564,0.6009582996368408,10
39565,0.3146409511566162,10
39587,0.3814020976424217,8
39635,0.7972630500793457,10
39636,0.47135339975357055,10
39662,0.2929357647895813,10
39683,0.6766177237033844,10
39684,0.513907277584076,10
39699,0.5308525621891022,10
39704,0.5493425905704499,10
39708,0.3666784167289734,10
39710,0.26380798816680906,10
39745,0.6056388974189758,10
39778,0.2557204067707062,8
39787,0.5314967095851898,10
39789,0.5889627277851105,10
39798,0.40252851247787474,10
39802,0.5237481713294982,10
39813,0.6919691920280456,10
39832,0.3826913177967072,10
39856,0.6082421660423278,10
39862,0.5611457228660583,10
39872,0.8955273687839508,10
39898,0.7945337891578674,10
39914,0.20428666472434998,10
39927,0.5977905333042145,10
39932,0.8047566652297974,10
39938,0.5058669507503509,10
39939,0.901273250579834,10
39940,0.7188803911209106,10
39941,0.46327446699142455,10
39953,0.7720045030117035,10
39976,0.8820793509483338,10
39994,0.6462834179401398,10
39998,0.49392173886299134,10
40001,0.5844354867935181,10
40004,0.6536977350711822,10
40005,0.7170749008655548,10
40006,0.7779164579179552,9
40072,0.602393354688372,7
40083,0.3252311825752258,10
40092,0.3441192110379537,3
40102,0.2137877404689789,10
40107,0.6984354257583618,10
40115,0.6349203228950501,10
40171,0.4987617373466492,10
40182,0.45712111592292787,10
40198,0.5189145863056183,10
40209,0.6286290228366852,10
40213,0.5008589625358582,10
40214,0.503925621509552,10
40234,0.7086758136749267,10
40235,0.6653790175914764,10
40236,0.5830314815044403,10
40237,0.8113418221473694,10
40238,0.6330358445644378,10
40243,0.5933761656284332,10
40247,0.6978075861930847,10
40251,0.8030108213424683,10
40258,0.6781138479709625,10
40270,0.7258215606212616,10
40276,0.4775801241397858,10
40347,0.44082639217376707,10
40350,0.3820356811795916,7
40352,0.7073783099651336,10
40354,0.8091767191886902,10
40370,0.733630794286728,10
40376,0.5597460567951202,10
40381,0.5102349519729614,10
40385,0.7928250193595886,10
40386,0.5961517870426178,10
40388,0.677284586429596,5
40393,0.4042978584766388,10
40398,0.7619875907897949,10
40411,0.5018961959415011,9
40416,0.4830965042114258,10
40417,0.43657376170158385,10
40421,0.2952379584312439,10
40425,0.4380240738391876,10
40432,0.7626226842403412,10
40433,0.7320754102298191,7
40440,0.5799269616603852,10
40444,0.7904937446117402,10
40446,0.4544971942901611,10
40455,0.8991695642471313,10
40480,0.3231277823448181,10
40483,0.6240414202213287,10
40491,0.9237037003040314,10
40503,0.5051491737365723,10
40507,0.8012619972229004,10
40508,0.29958539009094237,10
40514,0.4430648148059845,10
40529,0.615973973274231,10
40531,0.47152103781700133,10
40550,0.7016249358654022,10
40559,0.7300564289093018,10
40561,0.7272976756095886,10
40602,0.5828872740268707,10
40603,0.4304435789585114,10
40609,0.3293396458029747,8
40617,0.36710686683654786,10
40619,0.7824497580528259,10
40628,0.7159386157989502,10
40629,0.5635929942131043,10
40638,0.5151386618614197,10
40651,0.7992310225963593,10
40653,0.8385766386985779,10
40654,0.6378704965114593,10
40656,0.2260482668876648,10
40657,0.7023190796375275,10
40667,0.6318091630935669,10
40692,0.6061713218688964,10
40759,0.6853997886180878,10
40760,0.6139279544353485,10
40761,0.43115357160568235,10
40765,0.5299694657325744,10
40766,0.41705513596534727,10
40767,0.24474719166755676,4
40769,0.787482762336731,10
40770,0.8606819331645965,10
40773,0.4377902328968048,10
40774,0.6291368484497071,10
40793,0.6100050747394562,10
40800,0.7894352734088897,10
40801,0.5925757408142089,10
40803,0.41207608580589294,10
40816,0.6690608918666839,10
40819,0.3919265568256378,10
40823,0.6277029812335968,10
40830,0.48971555233001707,10
40831,0.6625539541244507,10
40832,0.4058474004268646,10
40834,0.7659485936164856,10
40843,0.12017200589179992,10
40851,0.5969411194324493,10
40853,0.6969958782196045,10
40871,0.6224933326244354,10
40908,0.1916110316912333,6
40935,0.9808086693286896,10
40938,0.5064248025417328,10
40941,0.5165613114833831,10
40943,0.3075799524784088,10
40949,0.30768063068389895,10
40958,0.544981187582016,10
40961,0.32304648756980897,10
40962,0.697197288274765,10
40964,0.5660516694188118,8
40966,0.6352041244506836,5
40974,0.21421122550964355,10
40990,0.7919116139411926,10
41002,0.4357199430465698,10
41003,0.785054874420166,10
41004,0.782314395904541,10
41006,0.5883385717868805,10
41010,0.9403176546096802,10
41017,0.33104381561279295,10
41019,0.6975982785224915,10
41021,0.49217367768287656,10
41032,0.3841036677360535,10
41033,0.702545964717865,10
41052,0.6862427532672882,10
41054,0.6871731519699097,10
41065,0.597780966758728,10
41066,0.6253448128700256,10
41068,0.42191401720046995,10
41090,0.8286478161811829,10
41095,0.7888015806674957,10
41100,0.49791610836982725,10
41107,0.5792407393455505,10
41114,0.6223764300346375,10
41123,0.6491480588912963,10
41148,0.9975887537002563,3
41149,0.6598656952381134,10
41152,0.6038044631481171,10
41185,0.546885695722368,9
41186,0.6464367628097534,10
41189,0.3958721041679382,10
41190,0.35281382203102113,10
41198,0.5839609742164612,10
41239,0.7409901738166809,10
41243,0.6542251229286193,10
41247,0.6102937936782837,10
41259,0.5311511993408203,10
41291,0.513335782289505,10
41302,0.6925433278083801,10
41305,0.6463775753974914,10
41310,0.9041077196598053,10
41311,0.5313100576400757,10
41326,0.8983865201473236,10
41329,0.5991345286369324,10
41334,0.37537901401519774,10
41354,0.6024045497179031,8
41372,0.6980610370635987,10
41428,0.7296904861927033,10
41429,0.6016885459423065,10
41474,0.6208979427814484,10
41490,0.943393737077713,10
41493,0.7975396156311035,10
41496,0.698064535856247,10
41518,0.16525797843933104,10
41529,0.5418771249907357,7
41532,0.42279765754938126,8
41541,0.1982852041721344,10
41569,0.5482888638973236,10
41573,0.4235771238803864,10
41585,0.5028827667236329,10
41587,0.8336058855056763,7
41604,0.7584702789783477,10
41612,0.8834857821464539,10
41624,0.6630663454532624,10
41627,0.6977859199047088,10
41636,0.6193955600261688,10
41646,0.5048777043819428,10
41658,0.7103009283542633,10
41749,0.8899343609809875,10
41757,0.4370842456817627,10
41762,0.808376008272171,10
41763,0.35387908220291137,10
41783,0.6075353264808655,10
41788,0.6992175221443176,10
41833,0.7126908302307129,10
41834,0.7003543496131897,10
41835,0.6053688585758209,10
41837,0.6829843044281005,10
41844,0.6088086068630219,10
41849,0.525504857301712,10
41857,0.43350015083948773,6
41860,0.840987229347229,10
41863,0.5115346372127533,10
41875,0.5961265206336975,10
41878,0.4495882451534271,10
41890,0.8171253263950348,10
41894,0.4714509963989258,5
41898,0.5725729525089264,10
41916,0.7066098153591156,10
41933,0.3222901523113251,10
41934,0.7978366494178772,10
41955,0.3410388429959615,6
41958,0.6665944039821625,10
41995,0.4027015745639801,10
42006,0.8187961578369141,10
42050,0.393703430891037,10
42052,0.6399157404899597,10
42057,0.7067477464675903,10
42062,0.5782439038157463,8
42066,0.4370352983474731,10
42101,0.5711868047714234,10
42105,0.3329386293888092,10
42111,0.7986798405647277,10
42112,0.3090176820755005,10
42124,0.3665187001228333,10
42131,0.6049324214458466,10
42132,0.5028475999832154,10
42142,0.8988159537315369,10
42188,0.795556390285492,10
42195,0.3167784094810486,10
42206,0.4588095724582672,10
42207,0.46829144954681395,10
42215,0.6797282993793488,10
42216,0.492194402217865,10
42227,0.3336574009486607,7
42244,0.6804498672485352,10
42255,0.7992466449737549,10
42256,0.8423405408859252,10
42257,0.6746465504169464,10
42259,0.2443816304206848,10
42275,0.5766457140445709,10
42279,0.25496962666511536,10
42306,0.7832651793956756,10
42309,0.5677990391850471,8
42311,0.7719897826512655,9
42328,0.7362349808216095,10
42336,0.6772701680660248,10
42352,0.6039274752140045,10
42360,0.7509524822235107,10
42361,0.701579475402832,10
42368,0.6410119116306305,10
42380,0.6981268346309661,10
42396,0.8424959719181061,10
42415,0.998233413696289,10
42444,0.6466834723949433,10
42448,0.4032626569271088,10
42452,0.34006908535957336,10
42453,0.6342881441116333,10
42470,0.6797616362571717,10
42487,0.6976874947547913,10
42490,0.5022072613239288,10
42493,0.5965911626815796,10
42498,0.7718813002109528,10
42499,0.5882419764995575,10
42542,0.5538597106933594,9
42560,0.6011499404907227,10
42591,0.5595743060112,10
42617,0.3917438805103302,10
42636,0.6109833538532257,10
42641,0.5049592435359955,10
42644,0.6659289863374498,9
42651,0.7098301529884339,10
42660,0.2739539861679077,10
42673,0.7018388271331787,10
42685,0.5122714698314667,10
42686,0.4377855122089386,10
42688,0.40930829048156736,10
42691,0.2835715591907501,10
42702,0.5570878267288208,10
42704,0.6493515014648438,10
42713,0.48204274773597716,10
42727,0.6008664488792419,10
42731,0.4490748941898346,10
42743,0.7908252000808715,10
42748,0.41323964595794677,10
42776,0.5020286858081817,10
42783,0.512038654088974,10
42789,0.5932993769645691,10
42881,0.4131189167499542,10
42882,0.44810051321983335,10
42892,0.3962541878223419,10
42897,0.47126117944717405,10
42898,0.5454460501670837,10
42901,0.5251840710639953,10
42910,0.5889430582523346,10
42920,0.956123948097229,10
42929,0.38639989495277405,10
42939,0.5976343810558319,10
42968,0.20205022692680358,10
42969,0.311476868391037,10
42980,0.39967256784439087,10
42997,0.6665753066539765,10
43015,0.814445686340332,10
43022,0.6959975123405456,10
43023,0.6997348666191101,10
43041,0.3975569665431976,10
43042,0.3196178078651428,7
43043,0.48479489982128143,8
43080,0.7941992521286011,10
43096,0.7074185907840729,10
43110,0.48594222749982563,7
43111,0.7022415637969971,10
43136,0.8257203936576843,10
43152,0.5327653765678406,10
43167,0.36905717849731445,8
43168,0.47470377683639525,10
43169,0.6612256666024526,6
43171,0.41004326939582825,10
43196,0.7891739130020141,10
43231,0.5286268293857574,10
43233,0.3911006569862366,10
43245,0.49288123846054077,10
43249,0.6808563530445099,10
43264,0.6562303006649017,10
43295,0.4463040563795302,9
43307,0.6451977789402008,10
43320,0.34043424725532534,10
43332,0.6505585610866547,10
43340,0.008261913061141967,10
43365,0.26717606782913206,10
43393,0.8829016745090484,10
43443,0.530628103017807,10
43486,0.7983488202095032,10
43489,0.6072487115859986,10
43526,0.47263860106468203,10
43528,0.5965855777263641,10
43530,0.4621632695198059,10
43570,0.8060368776321412,10
43578,0.7077503025531768,10
43691,0.610773116350174,10
43693,0.48982152342796326,10
43775,0.5292804390192032,4
43799,0.20793164968490602,10
43801,0.7091946184635163,10
43802,0.5978962712817721,9
43845,0.5160631000995636,10
43856,0.5001397788524627,10
43868,0.7685740053653717,10
43890,0.4772317290306091,10
43927,0.3243449926376343,10
44125,0.7340189278125763,10
44163,0.33048117756843565,10
44338,0.3950422406196594,10
44558,0.7587472856044769,10
44614,0.7944764375686646,10
44715,0.35543888807296753,5
44890,0.4001077890396118,10
45020,0.6001002132892609,10
45134,0.3557805597782135,10
45315,0.6943293273448944,10
45319,0.41471104621887206,10
45437,0.4496413601769341,9
45748,0.6889383912086486,10
45986,0.6561613261699677,10
46007,0.41078677773475647,10
46147,0.5989818692207336,10
46158,0.3987408220767975,10
46213,0.7376686215400696,10
46255,0.5649923801422119,10
46323,0.3421244859695435,10
46362,0.7028770506381988,10
46369,0.5966342031955719,10
46396,0.6197283625602722,10
46410,0.5068654596805573,10
46422,0.42043828368186953,10
46530,0.49654931426048277,10
46586,0.6017203509807587,10
46614,0.5626160264015198,10
46669,0.6794924974441529,10
46743,0.4532565176486969,10
46744,0.2923272609710693,10
46745,0.4023206293582916,10
46746,0.19386225938796997,10
46747,0.6771674931049347,10
46748,0.6018880188465119,10
46782,0.32732553482055665,10
46800,0.456891793012619,10
46807,0.22857143878936767,10
46925,0.47405808568000796,10
46957,0.9236863613128662,10
46991,0.6075737277666727,9
47046,0.6300483703613281,10
47055,0.695426207780838,10
47082,0.42210928797721864,10
47125,0.3115112006664276,10
47130,0.7289432227611542,10
47158,0.7027281701564789,10
47170,0.5945210039615632,10
47185,0.7150174975395203,10
47218,0.6056610107421875,10
47258,0.5978513360023499,10
47408,0.8185075044631958,10
47414,0.5766800701618194,10
47462,0.5008956313133239,10
47484,0.7996922552585601,10
48154,0.563879668712616,9
48726,0.6011166930198669,10
48863,0.5664401412010193,10
48867,0.41574543714523315,10
48979,0.3729342222213745,10
49010,0.7249132037162781,10
49038,0.6666483680407206,3
49096,0.5038684189319611,10
49261,0.4276542901992798,10
49276,0.8043944895267486,10
49391,0.5283470004796982,8
49392,0.816541721423467,6
49394,0.32877710461616516,6
49396,0.42728540632459855,9
49397,0.3234854996204376,10
49399,0.6671193540096283,6
49400,0.5128975287079811,8
49435,0.6634747505187988,10
49454,0.5750905010435317,9
50356,0.44477062821388247,10
50381,0.5736024975776672,10
50444,0.6817694902420044,10
50458,0.6835866272449493,10
50560,0.7006892085075378,10
50719,0.8762693524360656,10
50750,0.6975571811199188,10
50764,0.6850191831588746,10
50768,0.7766485214233398,10
50849,0.8290419638156891,10
50862,0.3238098740577698,10
50912,0.20261030793190002,10
50995,0.7740026175975799,10
51008,0.27349013090133667,10
51067,0.44488902886708576,9
51195,0.6574297487735749,10
51197,0.8059975385665894,10
51199,0.5627254673412868,7
51250,0.6111919403076171,10
51367,0.776930820941925,5
51401,0.5816466987133027,10
51429,0.5652291297912597,10
51495,0.25086209177970886,8
51505,0.5157409548759461,10
51512,0.38604579369227093,9
51624,0.40231353640556333,10
52276,0.5589272797107696,10
52328,0.7193099617958069,10
52332,0.8780038177967071,10
52461,0.641005951166153,10
52568,0.3949031293392181,10
52626,0.4952954053878784,4
52825,0.40132038593292235,10
52827,0.6006154119968414,10
53093,0.6982409834861756,10
53103,0.7175586760044098,10
53168,0.482001805305481,10
53279,0.7523899793624877,10
53317,0.8335542976856232,10
53373,0.6180629730224609,8
53376,0.29372631311416625,10
53557,0.41839965581893923,10
53624,0.7867314755916596,10
53723,0.39518391489982607,10
53804,0.5053430318832397,10
53840,0.6093769609928131,10
53953,0.6040047407150269,10
54043,0.6922851741313935,10
54073,0.6386399507522583,10
54137,0.5424739122390747,10
54138,0.58333460688591,10
54201,0.7650474786758423,10
54221,0.89188192486763,10
54239,0.38199895024299624,10
54300,0.9978505551815033,10
54307,0.4893572688102722,10
54361,0.6321655213832855,10
54372,0.7111197412014008,10
54395,0.3898407697677612,10
54433,0.38913469314575194,10
54457,0.7198665559291839,10
54501,0.60160391330719,5
54507,0.6294436872005462,10
54541,0.3812170369284494,7
54559,0.20359755754470826,10
54604,0.2870927367891584,7
54625,0.6315382242202758,10
54643,0.5679311513900757,10
54707,0.5988560199737549,10
54735,0.9053835332393646,10
54743,0.5461171507835388,10
54745,0.34116113781929014,10
54986,0.5594185292720795,10
54998,0.4501044452190399,10
55031,0.5660259485244751,10
55131,0.5152734696865082,10
55158,0.23614604473114015,10
55165,0.5155013918876648,10
55222,0.7405575513839722,10
55250,0.6204850673675537,10
55253,0.8895465433597565,10
55279,0.12397189140319824,10
55315,0.7287955522537232,10
55427,0.31346653699874877,10
55492,0.08529726266860962,10
55597,0.47225767374038696,10
55600,0.6545372664928436,10
55601,0.46496097445487977,10
55670,0.6770069003105164,10
55679,0.5992871522903442,10
55686,0.4615435855729239,7
55690,0.6111268401145935,10
55697,0.6974977493286133,10
55705,0.6115247368812561,10
55706,0.4842122972011566,10
55756,0.34985103607177737,10
55763,0.5209890365600586,10
55781,0.4900259733200073,10
55820,0.04157111048698425,10
55828,0.7011935293674469,10
55829,0.7230560421943665,10
55833,0.7272610187530517,10
55834,0.7424241542816162,10
55835,0.6405914604663849,10
55841,0.7871734857559204,10
55842,0.21228787302970886,10
55863,0.8031929731369019,10
55896,0.48793532848358157,10
55911,0.3047680199146271,10
55952,0.5288609445095063,10
55999,0.8332938253879547,10
56022,0.6110672533512116,10
56128,0.5445639789104462,10
56195,0.7791875422000885,10
56197,0.28931177854537965,10
56208,0.6885955631732941,10
56241,0.38201332092285156,10
56244,0.20603992342948912,10
56246,0.4786845505237579,10
56294,0.5936990559101105,10
56320,0.6009077548980712,10
56342,0.34205101132392884,10
56406,0.20914583802223205,10
56409,0.5374830737709999,8
56410,0.591128796339035,10
56604,0.37573568522930145,4
56641,0.9954159557819366,6
56685,0.6079147577285766,10
56690,0.5575745105743408,10
56692,0.6971774280071259,10
56707,0.4460101842880249,10
56758,0.7337664425373077,10
56759,0.3901396691799164,10
56786,0.5120910406112671,10
56796,0.7746144652366638,10
56835,0.3991114258766174,10
56843,0.597988736629486,10
56880,0.5052238762378692,10
56885,0.5140270948410034,10
56886,0.6261395931243896,10
56889,0.4294746347836086,7
56931,0.9271705865859985,10
56933,0.5590905666351318,10
56943,0.6927341461181641,10
56995,0.7977457582950592,10
57037,0.4048477590084076,10
57052,0.47320549488067626,10
57073,0.6458450675010681,10
57129,0.6282850801944733,8
57139,0.4312999308109283,10
57141,0.7019823253154754,10
57163,0.7027610719203949,10
57183,0.7789658440483941,9
57201,0.5996461987495423,10
57215,0.5074469387531281,10
57239,0.5007541120052338,10
57276,0.46052322536706924,8
57310,0.5023044288158417,10
57349,0.6335380136966705,10
57368,0.6892971634864807,10
57390,0.7378960907459259,10
57409,0.7172029912471771,10
57422,0.40871888399124146,10
57458,0.526283186674118,10
57660,0.6926528930664062,10
57691,0.7115997254848481,10
57702,0.5108691632747651,10
57759,0.6012769162654876,10
57767,0.1574032505353292,9
57803,0.6864729523658752,10
57834,0.6721421957015992,10
57865,0.534113758802414,10
57925,0.6964497327804565,10
57937,0.5394138813018798,10
57998,0.7651622831821442,10
58003,0.6876308023929596,6
58099,0.6895416975021362,10
58110,0.7302675008773803,10
58139,0.2783590376377106,10
58192,0.7494703650474548,10
58253,0.7952379941940307,10
58281,0.5981582045555115,10
58329,0.721623283624649,10
58339,0.6101615362697177,9
58374,0.44106674790382383,10
58375,0.48970961570739746,10
58396,0.27023613452911377,9
58421,0.7986900091171265,10
58565,0.2960572600364685,10
58602,0.8799814283847809,10
58624,0.7812374532222748,10
58625,0.6930691063404083,10
58672,0.25988189578056337,10
58696,0.45638256072998046,10
58698,0.6694519281387329,10
58707,0.7862461805343628,10
58713,0.6299883306026459,10
58782,0.6340054869651794,10
58798,0.5149156749248505,10
58861,0.637662935256958,5
58886,0.5310923337936402,10
58936,0.7422728419303894,10
59008,0.7892650246620179,10
59031,0.8997029483318328,10
59060,0.5590405133035448,9
59061,0.5099855959415436,10
59149,0.76112300157547,10
59161,0.4561244547367096,10
59223,0.600026684999466,10
59226,0.3010792817388262,7
59294,0.7104224562644958,10
59308,0.5838705727032253,7
59309,0.79330472946167,10
59310,0.7469310238957405,8
59335,0.7292185604572297,10
59429,0.44734070897102357,10
59576,0.6969434738159179,10
59602,0.5391733288764954,10
59650,0.30559712648391724,10
59753,0.6052139222621917,10
59936,0.8011646866798401,10
59946,0.7132894277572632,10
59959,0.6060450434684753,10
59960,0.4131657302379608,10
60029,0.8426236033439636,10
60035,0.4457908272743225,10
60126,0.34354403614997864,10
60131,0.6836728930473328,10
60158,0.5295923948287964,10
60210,0.24168022473653158,6
60228,0.601043438911438,10
60245,0.9979517817497253,10
60280,0.786425518989563,10
60311,0.27265753149986266,10
60316,0.5122727155685425,10
60342,0.694257915019989,10
60435,0.5772498488426209,10
60464,0.6671282112598419,10
60574,0.8040219902992248,10
60579,0.4659957826137543,10
60682,0.31328317523002625,10
60697,0.16871599555015565,10
60815,0.6099660634994507,10
60870,0.4052269756793976,10
60872,0.38318704234229195,9
61028,0.980805504322052,10
61269,0.4541670560836792,10
61319,0.8071684326444354,7
61383,0.8155670046806336,5
61458,0.4441800832748413,10
61470,0.3912722408771515,10
61475,0.43135051131248475,10
61477,0.7218974649906158,10
61484,0.30248826146125796,10
61487,0.7947828948497773,10
61692,0.6102506041526794,10
61902,0.7848596692085266,10
61916,0.45443562004301286,9
61996,0.8055167019367218,10
62030,0.3006712019443512,10
62143,0.7269912958145142,10
62214,0.9853015720844269,10
62219,0.6161937952041626,10
62220,0.8014681696891784,10
62222,0.8027704775333404,10
62225,0.7336060523986816,10
62226,0.4011035025119781,10
62227,0.33952596187591555,10
62230,0.6018420815467834,10
62291,0.7015896379947663,10
62343,0.6471460402011872,10
62344,0.7656464278697968,6
62374,0.36538588255643845,8
62478,0.3758854866027832,9
62533,0.9863427162170411,5
62633,0.10380789041519164,10
62637,0.6696423470973969,10
62709,0.5868381559848785,10
62809,0.4628124117851257,10
62811,0.7603385984897614,10
62814,0.7288773238658905,10
62853,0.5087788462638855,10
62854,0.6079697549343109,10
62861,0.22612890932295057,9
62871,0.7147939503192902,10
62922,0.6262558937072754,10
62972,0.5150108873844147,10
62979,0.402096289396286,10
63011,0.7773534893989563,10
63014,0.3444361239671707,4
63015,0.22245185375213622,5
63027,0.516466099023819,10
63052,0.6011331260204316,10
63067,0.3061482131481171,10
63091,0.8996309161186218,10
63161,0.6738442301750183,10
63167,0.343765926361084,10
63170,0.6654765725135803,10
63196,0.4161586582660675,10
63217,0.6233133137226105,10
63268,0.8269425213336945,10
63379,0.498799604177475,10
63385,0.4189560890197754,10
63395,0.5572725176811218,10
63433,0.4116973102092743,10
63443,0.5133202731609344,10
63497,0.34533751010894775,3
63539,0.6097003519535065,10
63543,0.5919457972049713,10
63628,0.4842173159122467,10
63632,0.3606551766395569,10
63706,0.6183071851730346,10
63710,0.6099751949310303,10
63740,0.623024708032608,10
63743,0.576808112859726,10
63758,0.7083541989326477,10
63759,0.22256279587745667,10
63778,0.7939993560314178,10
63779,0.8038695216178894,10
63788,0.780948692560196,10
63823,0.2912446618080139,10
63829,0.5197601914405823,10
63868,0.6103351533412933,10
63888,0.744308739900589,10
63897,0.8201351344585419,10
63899,0.6241986632347107,10
63900,0.6886796593666077,10
63901,0.5173831164836884,10
63928,0.6027111887931824,10
63951,0.5589511156082153,10
63975,0.5507562160491943,10
64064,0.2886149525642395,10
64080,0.5099061548709869,10
64142,0.6777767062187194,10
64204,0.4963103234767914,10
64219,0.49880824983119965,4
64220,0.8921117007732391,10
64331,0.44040029048919677,10
64426,0.2800620853900909,10
64430,0.8786432266235351,10
64431,0.49036818742752075,10
64438,0.27271934151649474,10
64520,0.8696983277797699,10
64570,0.2828598141670227,10
64583,0.7432052671909333,10
64610,0.4958503246307373,10
64611,0.2081925928592682,10
64656,0.4007632195949554,10
64657,0.6540522933006286,10
64675,0.4555231750011444,10
64706,0.7701835811138154,10
64735,0.7968396186828614,10
64769,0.6958596706390381,10
64826,0.794058758020401,10
64875,0.540697169303894,10
64877,0.6108231080902947,9
64896,0.3338574171066284,3
64897,0.4758618474006653,10
64955,0.4154834747314453,10
64956,0.7742141306400299,10
65061,0.8176576852798462,10
65087,0.5703219532966614,10
65134,0.6380879878997803,10
65197,0.20213202635447183,6
65200,0.5449173867702484,10
65225,0.489568829536438,10
65242,0.4765021622180939,10
65243,0.7156076788902282,10
65244,0.6984999060630799,10
65262,0.8960713684558869,10
65272,0.7907869160175324,10
65282,0.767129796743393,10
65313,0.7291371941566467,10
65333,0.3580313589837816,9
65334,0.7176806628704071,10
65488,0.4598893463611603,10
65515,0.5700861871242523,10
65516,0.34038016200065613,10
65521,0.4293693482875824,10
65532,0.5664105594158173,10
65534,0.3099406659603119,10
65554,0.3724060833454132,10
65556,0.30988523960113523,10
65557,0.9026937246322632,10
65559,0.907768040895462,10
65564,0.7335675597190857,10
65565,0.8636907398700714,10
65568,0.5524887323379517,10
65575,0.8994044125080108,10
65581,0.7816944360733032,10
65582,0.4628164052963257,10
65590,0.5542135834693909,10
65592,0.35665746927261355,10
65611,0.23442188501358033,10
65673,0.3128974914550781,10
65781,0.4798190355300903,10
65796,0.7247698664665222,10
65814,0.998324704170227,10
65825,0.30224599242210387,10
65889,0.47599588632583617,10
65901,0.4047062397003174,10
65907,0.7032981932163238,10
65936,0.5016364991664887,10
65990,0.769419151544571,10
66044,0.6039471387863159,10
66047,0.701698261499405,10
66056,0.4871375262737274,10
66076,0.3342355310916901,10
66080,0.5351850390434265,10
66081,0.6883074998855591,10
66085,0.6179315209388733,10
66088,0.8536040663719178,10
66116,0.6321407616138458,10
66120,0.7591091811656951,10
66125,0.538303279876709,10
66126,0.7565332770347595,10
66171,0.78410524725914,10
66188,0.6557113409042359,10
66190,0.585112577676773,10
66193,0.8107926547527313,10
66197,0.4817419707775116,10
66198,0.5978262424468994,10
66213,0.18036511540412903,10
66214,0.7016078770160675,10
66218,0.33536604046821594,6
66251,0.400001060962677,10
66256,0.5762309908866883,10
66277,0.7994846820831298,5
66356,0.8736042499542236,10
66362,0.6826820313930512,10
66416,0.5549561858177186,10
66424,0.41107175350189207,10
66437,0.6085609436035156,10
66457,0.3993199229240417,10
66459,0.3058148682117462,10
66499,0.30358039140701293,10
66505,0.5412647247314453,10
66507,0.48805524706840514,10
66510,0.4060631036758423,10
66517,0.6652081966400146,10
66533,0.27632272243499756,10
66537,0.6176431536674499,10
66551,0.5274152874946594,10
66587,0.787901645898819,10
66588,0.63851518034935,10
66589,0.7107965648174286,10
66590,0.3806153774261475,10
66603,0.4659160256385803,10
66608,0.5092630028724671,10
66611,0.5004358192284902,6
66613,0.49195690751075744,10
66641,0.5005026310682297,8
66643,0.8013695359230042,10
66665,0.6018806099891663,10
66695,0.4325052261352539,10
66781,0.5929329514503479,10
66797,0.431438022851944,10
66798,0.4271341860294342,10
66809,0.601502925157547,10
66825,0.7156710505485535,10
66837,0.7967450320720673,10
66849,0.7208746552467347,10
66851,0.6385943531990051,10
66852,0.40435769557952883,10
66855,0.7965717375278473,10
66888,0.5536549806594848,10
66896,0.607187831401825,10
66964,0.7260972678661346,10
66969,0.635402500629425,7
66982,0.5030983924865723,10
66986,0.49867987632751465,10
67022,0.7285547937665667,7
67026,0.43848968148231504,10
67034,0.388402646780014,10
67037,0.5029741440500531,7
67038,0.3633278489112854,10
67066,0.23741791248321534,10
67084,0.6525994420051575,10
67112,0.21687618494033814,5
67123,0.6618467807769776,10
67144,0.6602754235267639,10
67148,0.6673468351364136,10
67178,0.9909140765666962,10
67180,0.7178925693035125,10
67181,0.731760448217392,10
67185,0.406930547952652,10
67199,0.5645366430282592,10
67239,0.7438562273979187,10
67251,0.40898213783899945,9
67254,0.4323646485805511,10
67285,0.5116180896759033,10
67309,0.7048458755016327,10
67339,0.43796439468860626,8
67361,0.5068449139595032,10
67364,0.49117987354596454,6
67421,0.894776976108551,10
67426,0.6525766968727111,10
67429,0.6919477701187133,10
67436,0.888402009010315,10
67453,0.4071830093860626,10
67477,0.7580358253584968,9
67486,0.25959753394126894,10
67492,0.6002892076969146,10
67542,0.6807891547679901,10
67593,0.5740367114543915,10
67600,0.8920177817344666,10
67601,0.6968167364597321,10
67609,0.4058760702610016,10
67627,0.5622129184859139,7
67628,0.49659801721572877,10
67629,0.33642084730996025,9
67630,0.30599393248558043,10
67631,0.8759700715541839,10
67693,0.39845117926597595,10
67695,0.4992464542388916,10
67712,0.3907699925558908,7
67823,0.7342485547065735,10
67877,0.5086958229541778,10
67878,0.5253698587417602,10
67888,0.5035062491893768,10
67891,0.6164003670215606,10
67910,0.49589102268218993,10
67917,0.7024974167346955,10
67919,0.2086833655834198,10
67928,0.5692457854747772,10
67948,0.42262318134307864,10
67972,0.5059001564979553,10
67977,0.34880382418632505,10
68076,0.7883548378944397,10
68083,0.5842954814434052,10
68182,0.6000955641269684,10
68186,0.5983776092529297,10
68187,0.6126927018165589,10
68188,0.5201216042041779,10
68199,0.6937275290489197,10
68201,0.8357085466384888,10
68227,0.8355571687221527,10
68228,0.7391991734504699,10
68247,0.5522486567497253,10
68250,0.7589674949645996,10
68251,0.7487495899200439,10
68260,0.7306181609630584,10
68264,0.7652737140655518,10
68340,0.6296282231807708,10
68387,0.5854141712188721,10
68425,0.5736441969871521,10
68448,0.8450626373291016,10
68504,0.6006925702095032,10
68603,0.334405517578125,10
68606,0.46427616477012634,10
68743,0.6051790118217468,10
68816,0.4742084383964539,10
68820,0.5563360691070557,10
68858,0.46881712079048155,10
68876,0.6183746218681335,10
68931,0.5031788647174835,10
68943,0.6968265056610108,10
68947,0.8525441408157348,10
69105,0.5072461187839508,10
69120,0.5387928068637848,10
69130,0.6405079245567322,10
69136,0.7352147102355957,10
69175,0.4459313690662384,10
69205,0.44730820059776305,10
69232,0.3784459412097931,10
69234,0.6273228406906128,10
69275,0.5310486674308776,10
69278,0.41156675219535827,10
69292,0.38070765137672424,10
69316,0.42996619939804076,10
69318,0.40065857768058777,10
69347,0.7943633258342743,10
69356,0.3756274342536926,10
69543,0.7735642492771149,10
69544,0.36691854397455853,9
69552,0.580718046426773,10
69582,0.5364643216133118,10
69587,0.6279060244560242,10
69601,0.4405446231365204,10
69602,0.56000115275383,10
69632,0.795533174276352,10
69638,0.8584589898586273,10
69676,0.21662239730358124,8
69687,0.5529560744762421,10
69703,0.2964673936367035,10
69721,0.30159530639648435,10
69761,0.49560199975967406,10
69779,0.665652871131897,10
69785,0.5021392583847046,10
69789,0.6117830336093902,10
69796,0.49986619750658673,6
69815,0.780380368232727,10
69819,0.5962174892425537,10
69851,0.6998533129692077,10
69904,0.5573501123322381,9
69973,0.32190960049629214,10
70096,0.7184885501861572,10
70097,0.5114774644374848,10
70149,0.5496176242828369,10
70222,0.8995210349559783,10
70262,0.5331008349146161,7
70323,0.7819248378276825,10
70324,0.4278277397155762,10
70329,0.11974431276321411,10
70376,0.6942490398883819,10
70488,0.4938147962093353,10
70502,0.39298602342605593,10
70512,0.6012314617633819,10
70519,0.7417192161083221,10
70532,0.9866364181041718,10
70597,0.6986342966556549,10
70653,0.5551346242427826,10
70767,0.6989893913269043,10
70912,0.7243088960647583,10
70916,0.36334605813026427,10
70919,0.692663025856018,10
70922,0.5067166686058044,10
71021,0.4320612072944641,10
71035,0.5983648538589478,10
71061,0.21685632467269897,10
71074,0.5012383759021759,10
71272,0.6238687217235566,10
71304,0.7477339506149292,8
71402,0.8421233773231507,10
71569,0.5921284079551696,10
71593,0.6567522585391998,10
71655,0.5938524603843689,10
71668,0.9413652777671814,10
71671,0.756020474433899,10
71676,0.7976391971111297,10
71721,0.45956616997718813,10
71836,0.6644994080066681,10
71837,0.5004959762096405,10
71882,0.9655207693576813,10
71886,0.857037091255188,10
71889,0.7611323773860932,10
71899,0.7739382326602936,10
71906,0.5081142842769623,10
71956,0.40026192665100097,10
71973,0.6964730978012085,10
72050,0.8009618520736694,10
72083,0.5336790382862091,10
72125,0.607051408290863,10
72131,0.5086534023284912,10
72132,0.6919540703296662,10
72200,0.5959622383117675,10
72204,0.5916396975517273,10
72225,0.6108926594257355,10
72242,0.5964718878269195,10
72269,0.6011478006839752,10
72285,0.7342817306518554,10
72287,0.6039825677871704,10
72298,0.7512228190898895,10
72321,0.5109514236450196,10
72340,0.7864373922348022,10
72373,0.31541791558265686,10
72376,0.058889190355936684,3
72420,0.7416423439979554,10
72448,0.5049141824245453,10
72460,0.8978320240974427,10
72478,0.6014535546302795,10
72482,0.10036320090293885,10
72535,0.29516023993492124,10
72560,0.7132265567779541,10
72622,0.605983990430832,10
72644,0.6606064021587372,10
72667,0.9960181713104248,10
72751,0.7096181452274323,10
72766,0.29268726110458376,10
72799,0.867093300819397,10
72800,0.502320510149002,10
72808,0.513198447227478,10
72809,0.5275877833366394,10
72848,0.34775447845458984,10
72941,0.6056768953800201,10
72957,0.4531350076198578,10
72991,0.7005842626094818,10
73070,0.6812888085842133,10
73091,0.6661078929901123,10
73171,0.6638744056224823,10
73228,0.5995921730995178,10
73230,0.6319292962551117,10
73232,0.4798344254493713,10
73233,0.6026694178581238,10
73238,0.5708545446395874,7
73240,0.39295424818992614,10
73241,0.598272180557251,10
73242,0.37583290338516234,10
73243,0.7650078117847443,10
73244,0.5975833415985108,10
73245,0.43715308904647826,10
73251,0.3218149244785309,10
73252,0.18179327249526978,10
73253,0.6250385582447052,10
73288,0.40552336573600767,10
73312,0.6161201596260071,10
73313,0.5977791607379913,10
73316,0.1720104217529297,10
73360,0.3884840667247772,10
73361,0.772429347038269,10
73363,0.5690041661262513,10
73365,0.5053551912307739,10
73367,0.5336567640304566,10
73369,0.6082280397415161,10
73439,0.8382646560668945,10
73472,0.40215744972229006,10
73538,0.6843389391899108,10
73543,0.9509799540042877,10
73574,0.6026333451271058,10
73589,0.36096271276474,10
73650,0.7615825712680817,10
73655,0.4888626515865326,10
73664,0.4234723627567291,10
73759,0.3166724443435669,10
73761,0.41564586758613586,10
73863,0.3423229992389679,10
73960,0.49338659048080447,10
74098,0.39913885593414306,5
74102,0.5676035463809967,10
74203,0.6126377383867899,9
74233,0.6962272226810455,10
74309,0.41721240282058714,10
74310,0.3243973970413208,10
74311,0.6461312651634217,10
74312,0.9063238203525543,10
74390,0.5821978390216828,10
74408,0.5834897100925446,10
74596,0.7959738314151764,10
74678,0.26328436732292176,10
74936,0.2991794288158417,10
74987,0.6032812118530273,10
75091,0.7905919432640076,10
75165,0.5164078354835511,10
75212,0.4055905818939209,10
75223,0.54180908203125,10
75292,0.6301286578178406,10
75333,0.36557853817939756,10
75358,0.8368586421012878,10
75360,0.490290093421936,10
75382,0.5042986094951629,10
75418,0.770709302690294,9
75441,0.4560434818267822,10
75445,0.3920711278915405,5
75448,0.5708653390407562,10
75449,0.525473564863205,10
75476,0.7263666808605194,10
75529,0.7888913333415986,10
75547,0.626329118013382,10
75587,0.4335851609706879,10
75644,0.8030686020851135,10
75668,0.4972428560256958,10
75674,0.4939701557159424,10
75762,0.09307169914245605,3
75782,0.5588348388671875,10
75783,0.7206328047646416,9
75789,0.6871745824813843,10
75809,0.9486589014530182,10
75828,0.5057624161243439,10
75890,0.6811370313167572,10
75957,0.8135245740413666,10
75991,0.43968687653541566,10
76065,0.6342493236064911,10
76085,0.49108678847551346,8
76150,0.8053412020206452,10
76203,0.9020933508872986,10
76207,0.7213783979415893,10
76247,0.2220150887966156,10
76319,0.4914498388767242,10
76322,0.5269054293632507,10
76352,0.5191992282867431,10
76362,0.5522300243377686,10
76416,0.6469681859016418,10
76417,0.37725544571876524,10
76436,0.7806405782699585,10
76442,0.6980401754379273,10
76443,0.615154629945755,10
76444,0.19932100176811218,10
76447,0.6272252857685089,10
76481,0.4150319457054138,10
76487,0.6025596678256988,10
76541,0.43781808763742447,8
76546,0.25765560269355775,10
76551,0.8113262176513671,10
76567,0.41605454683303833,5
76668,0.6989781498908997,10
76674,0.6962818086147309,10
76681,0.6142612874507904,10
76684,0.6570665061473846,10
76728,0.526814341545105,10
76810,0.6999953091144562,10
76883,0.13835395574569703,10
76920,0.7883743286132813,10
76994,0.4420503079891205,10
77011,0.25191067457199096,10
77034,0.5586476027965546,10
77076,0.6674203217029572,10
77130,0.6839444458484649,10
77148,0.3043008685112,10
77200,0.6008029818534851,10
77344,0.8918368756771088,10
77361,0.45524296164512634,10
77423,0.7364508867263794,10
77454,0.6226722523570061,8
77548,0.15547776818275452,10
77596,0.25845763087272644,10
78093,0.6675267159938812,10
78247,0.5411434829235077,10
78436,0.434731650352478,10
78647,0.6002059698104858,10
78733,0.4001660466194153,10
78954,0.26776125431060793,10
79067,0.4989301681518555,10
79068,0.46430673003196715,10
79073,0.8258020877838135,10
79127,0.6700813293457031,10
79131,0.1266262114048004,10
79216,0.3534512519836426,10
79282,0.5971389770507812,10
79312,0.40276907086372377,10
79413,0.7529971659183502,10
79828,0.521517562866211,10
80006,0.8691808462142945,10
80028,0.5731888592243195,10
80044,0.6989072799682617,10
80296,0.4008339881896973,10
80474,0.6531333506107331,10
80484,0.7056441903114319,10
80503,0.6997804462909698,10
80642,0.6966297388076782,10
80719,0.7680759966373444,10
80771,0.7036412060260773,10
80833,0.4532889544963837,10
80836,0.4794372975826263,10
80869,0.3860026180744171,10
80908,0.6102721273899079,10
80933,0.6236564218997955,10
80934,0.3844494104385376,10
80935,0.4044355054696401,6
80942,0.6301088094711303,10
80972,0.997075355052948,10
80979,0.6632002472877503,10
81100,0.49443237781524657,10
81250,0.6167806923389435,10
81263,0.6956750988960266,10
81297,0.7996489644050598,10
81445,0.5920997791820102,9
81453,0.6179058969020843,10
81486,0.7114058613777161,10
81542,0.5621153354644776,10
81561,0.5013399660587311,10
81588,0.8583213448524475,10
81640,0.39252089262008666,10
81691,0.8648063123226166,10
81698,0.5126193940639496,10
81826,0.5959924519062042,10
81850,0.8027947902679443,10
82037,0.47301647398206925,9
82168,0.7252133309841156,10
82216,0.402105975151062,10
82222,0.8012037158012391,10
82223,0.6445721864700318,10
82272,0.6302739083766937,10
82397,0.34235164523124695,10
82402,0.4136708080768585,10
82420,0.7978210628032685,10
82421,0.520620858669281,10
82424,0.704630720615387,10
82449,0.4820272147655487,10
82572,0.6325377345085144,10
82577,0.4944752812385559,10
82610,0.4818717956542969,10
82702,0.5392872869968415,10
82762,0.605492095152537,9
82863,0.6752937793731689,10
82948,0.4405029833316803,10
82955,0.7517082989215851,10
82976,0.5370566546916962,10
83040,0.8014839172363282,10
83068,0.39973887205123904,10
83092,0.6512105643749238,10
83117,0.6735672891139984,10
83157,0.8904898881912231,10
83195,0.7925294280052185,10
83196,0.7225765824317932,10
83197,0.555630487203598,10
83199,0.6279354274272919,10
83228,0.8947592973709106,10
83278,0.21697640419006348,10
83283,0.6125865697860717,10
83325,0.8766112804412842,10
83330,0.4271285653114319,10
83378,0.7166875856263297,7
83453,0.49833454191684723,4
83629,0.3563616991043091,10
83658,0.23768754800160727,3
83667,0.4351924300193787,10
83734,0.8900219798088074,10
83907,0.900018960237503,10
83919,0.5750879645347595,10
84017,0.6609699249267578,10
84088,0.817972868680954,10
84159,0.7984957456588745,10
84173,0.61342813372612,10
84230,0.3142803370952606,10
84247,0.6264606639742851,8
84419,0.6122780084609986,10
84453,0.2575969099998474,10
84464,0.7003996431827545,10
84465,0.6998854041099548,10
84469,0.4794734060764313,10
84470,0.73855562210083,10
84609,0.8962850630283355,10
84671,0.8803668856620789,10
84730,0.4050774216651917,10
84732,0.5764727413654327,10
84772,0.30664947628974915,10
84776,0.6977934956550598,10
84778,0.5431824147701263,10
84783,0.8003642082214355,10
84825,0.22018098831176758,10
84834,0.9969936907291412,10
84838,0.6996796667575836,10
84864,0.6214072167873382,10
84869,0.4168582737445831,10
84876,0.5083415925502777,10
84889,0.6025712192058563,10
84913,0.592784970998764,10
84922,0.33962951600551605,8
84989,0.6397923707962037,10
84991,0.2993057519197464,4
85000,0.600455129146576,10
85004,0.7951599419116974,10
85005,0.8146023273468017,10
85036,0.7615312993526459,10
85076,0.9454419255256653,10
85105,0.4758992850780487,10
85108,0.5443547785282135,10
85123,0.5979356646537781,10
85124,0.6694511234760284,10
85147,0.7325293898582459,10
85165,0.7287786424160003,10
85204,0.6202123165130615,10
85243,0.40721378922462464,10
85245,0.6342140793800354,10
85250,0.7057034313678742,10
85256,0.7914129793643951,10
85286,0.4604617118835449,10
85325,0.6494841754436493,10
85332,0.7205081805586815,8
85338,0.23338586688041688,10
85340,0.40301595330238343,10
85389,0.530362625916799,9
85394,0.40823822021484374,10
85424,0.8025909841060639,10
85429,0.12171692649523418,6
85467,0.5293552875518799,4
85468,0.6238430993897575,7
85472,0.28416754603385924,10
85474,0.3114274799823761,10
85504,0.6462941884994506,10
85562,0.28521802595683504,7
85563,0.6845904350280761,10
85567,0.804329800605774,10
85572,0.5496529817581177,10
85609,0.566070431470871,10
85633,0.8140484750270843,10
85652,0.572168493270874,10
85769,0.7013589203357696,10
85800,0.9147848069667817,10
85826,0.6720857739448547,10
85857,0.6654155135154725,10
85897,0.6983651518821716,10
85899,0.8904575929045677,8
85948,0.8613321185112,7
85992,0.4327645983014788,7
85995,0.4408406376838684,10
85999,0.44537253039223806,7
86003,0.39822947382926943,10
86006,0.7322411060333252,10
86025,0.45744869112968445,10
86033,0.5293607711791992,6
86040,0.37796273827552795,10
86073,0.7919799447059631,10
86128,0.20154549479484557,10
86156,0.7732871651649476,10
86165,0.7062337398529053,10
86167,0.5003060698509216,10
86169,0.7110192358493805,10
86174,0.6130575686693192,8
86177,0.5171242237091065,10
86246,0.43007307648658755,10
86270,0.39058551788330076,10
86406,0.6443264901638031,10
86415,0.7987590253353118,10
86433,0.39900481700897217,10
86445,0.38222217559814453,10
86458,0.44587287306785583,10
86538,0.6356821656227112,8
86542,0.818376362323761,10
86587,0.3938854932785034,10
86754,0.8159143229325613,6
86768,0.5231066644191742,10
86849,0.5847717761993408,5
86882,0.5109994769096374,10
86919,0.633877831697464,10
86955,0.20937755703926086,10
87120,0.5894998610019684,10
87141,0.4219575345516205,10
87200,0.5549674272537232,10
87280,0.5041547045111656,8
87288,0.32410007119178774,10
87428,0.6211260259151459,10
87632,0.6771073341369629,10
87681,0.2786826491355896,4
87748,0.6019870519638062,10
87821,0.4931474030017853,10
87829,0.4717063903808594,4
87871,0.7600601315498352,5
87876,0.4312660932540894,10
87890,0.43561885356903074,10
87893,0.5470252573490143,10
87904,0.6024283230304718,10
87907,0.5064419090747834,10
87926,0.5988463640213013,10
87929,0.7173637270927429,10
88005,0.523404856522878,3
88006,0.9596469104290009,10
88011,0.6959820866584778,10
88016,0.3052174746990204,10
88045,0.410543292760849,10
88079,0.7310924351215362,10
88088,0.5920139636312213,7
88113,0.6773835897445679,10
88126,0.6168927133083344,10
88140,0.6467300534248352,10
88147,0.6907905757427215,10
88167,0.5889293892042977,7
88190,0.5650318324565887,10
88246,0.584723836183548,10
88253,0.5751094460487366,10
88296,0.6533452967802683,6
88316,0.6231964349746704,10
88402,0.6173951148986816,10
88406,0.8423128545284271,10
88408,0.33072503805160525,10
88464,0.7190611481666564,10
88513,0.39576139450073244,10
88521,0.4833272874355316,10
88549,0.6882081429163615,3
88554,0.38682595640420914,8
88556,0.39422702193260195,10
88559,0.450737339258194,10
88594,0.5937701225280761,10
88608,0.20371565818786622,10
88691,0.7643145203590394,10
88704,0.7830498218536377,7
88827,0.6048767507076264,10
88870,0.8573030148233686,7
88871,0.5488848626613617,10
88872,0.5369258761405945,10
88881,0.3731311932206154,8
88900,0.5109654009342194,10
88922,0.5526429653167725,10
88925,0.4152216811974843,6
88931,0.6228630006313324,10
88950,0.6161707580089569,10
88957,0.7607627809047699,10
88960,0.4134240925312042,10
88996,0.6995031476020813,10
89071,0.3492873225893293,7
89222,0.35162652730941774,10
89319,0.8017717778682709,10
89340,0.6910030663013458,10
89342,0.528275340795517,10
89386,0.7247174009680748,8
89403,0.4385363280773163,10
89404,0.6089818775653839,10
89409,0.6909786105155945,10
89415,0.6068306624889374,10
89423,0.635641461610794,10
89478,0.7017401874065399,10
89550,0.28835782408714294,10
89569,0.5817458510398865,10
89575,0.7037462413311004,10
89610,0.47697703327451435,7
89611,0.5092595592141151,8
89620,0.033698717753092446,3
89668,0.5178826928138733,10
89695,0.6192020058631897,10
89767,0.7912299752235412,10
89807,0.5888991832733155,10
89880,0.7946606338024139,10
89898,0.50015589594841,10
89910,0.6910819292068482,10
89912,0.6898930549621582,10
89915,0.7989628732204437,10
89918,0.3954075813293457,10
89926,0.7991149425506592,10
89927,0.6991089046001434,10
89928,0.7717560946941375,10
89931,0.9093332529067993,10
89951,0.4972944676876068,10
89953,0.26894461512565615,10
89956,0.5000816583633423,10
89962,0.5002790212631225,10
89972,0.6114293456077575,10
89976,0.4498221457004547,10
90002,0.48045253157615664,10
90004,0.6138536870479584,10
90009,0.7034236431121826,10
90016,0.6190504312515259,10
90040,0.5294792652130127,10
90041,0.596461397409439,10
90050,0.6090396165847778,10
90125,0.8566234537533352,7
90137,0.9991372764110565,10
90142,0.49162690043449403,10
90190,0.5035290241241455,10
90272,0.9904441952705383,10
90274,0.8112533211708068,10
90305,0.7298303484916687,10
90375,0.5932143688201904,10
90419,0.6955530941486359,10
90460,0.18146440386772156,6
90467,0.44878459639019436,9
90471,0.8000023245811463,5
90474,0.47768433690071105,10
90568,0.5636539399623871,10
90730,0.5989819645881653,10
90735,0.3381907820701599,10
90855,0.36243430376052854,10
90870,0.5370578706264496,10
90919,0.449773496389389,10
90930,0.6656274000803629,3
90942,0.9659625589847565,10
90968,0.6641354620456695,10
90972,0.5380868673324585,10
90974,0.6940490245819092,10
91010,0.6768588840961456,10
91034,0.5572715044021607,10
91050,0.4958110213279724,10
91080,0.589804059267044,10
91189,0.7673518061637878,10
91197,0.46670740842819214,10
91312,0.4116682827472687,10
91394,0.8471888422966003,10
91425,0.6152120172977448,10
91430,0.30524700284004214,10
91438,0.6268760204315186,10
91440,0.6083342134952545,10
91442,0.9956709444522858,6
91448,0.5538953798157829,7
91512,0.839987325668335,10
91513,0.8813302457332611,10
91514,0.7867990672588349,10
91523,0.5629354536533355,10
91534,0.7045687556266784,10
91536,0.3212944746017456,10
91620,0.6861905992031098,10
91653,0.3157537043094635,10
91664,0.7384760777155558,6
91666,0.43358762860298156,10
91668,0.687982714176178,10
91671,0.7863610029220581,10
91737,0.8210699756940206,9
91739,0.7907381355762482,10
91759,0.3366530239582062,10
91773,0.563002198934555,10
91817,0.6767963647842408,10
91831,0.7000379860401154,10
91872,0.864857304096222,10
91873,0.4130004525184631,10
91984,0.6631969749927521,10
91995,0.41810921430587766,5
92044,0.7012571215629577,10
92046,0.20943925976753236,10
92094,0.6726228177547455,10
92120,0.5079275906085968,10
92177,0.38194353580474855,10
92186,0.5971403598785401,10
92188,0.646409398317337,10
92190,0.4745017111301422,10
92319,0.6958761036396026,10
92363,0.7991846859455108,10
92415,0.9224968791007996,10
92465,0.7233373352459499,7
92497,0.4361363470554352,10
92499,0.49229116439819337,10
92591,0.75078327788247,9
92643,0.1280785918235779,10
92644,0.7494560956954956,10
92646,0.5027551770210266,10
92666,0.7487695753574372,10
92759,0.5232550382614136,10
92776,0.4240391910076141,10
92777,0.6868479728698731,10
92828,0.5158117353916168,10
92838,0.8584884660584586,7
92852,0.8225103795528412,10
92876,0.6328260183334351,10
92879,0.8959249556064606,10
92960,0.40602329969406126,10
93001,0.6376258313655854,10
93041,0.25196945667266846,4
93044,0.490762996673584,10
93094,0.4918066958586375,6
93134,0.47327213287353515,10
93138,0.47518405318260193,10
93164,0.4419375002384186,10
93185,0.45806739330291746,10
93194,0.2652670741081238,10
93260,0.8145700693130493,10
93271,0.30970180886132376,7
93275,0.34525519609451294,10
93287,0.7831606149673462,10
93400,0.20582249760627747,10
93402,0.5072069615125656,8
93463,0.4761256814002991,10
93472,0.6136341452598572,10
93493,0.5719131410121918,10
93522,0.21908560991287232,10
93537,0.3967012882232666,10
93538,0.7924158453941346,10
93540,0.5464470624923706,10
93541,0.5782894909381866,10
93555,0.49364894032478335,10
93563,0.5435854434967041,10
93575,0.30198224385579425,6
93577,0.5010194659233094,10
93578,0.6919947922229767,10
93594,0.6683868288993835,10
93678,0.7742487192153931,10
93679,0.7938795268535614,10
93688,0.6846552968025208,10
93724,0.31405736804008483,10
93733,0.6860295295715332,10
93819,0.4674806177616119,10
93867,0.43444585204124453,10
93879,0.6009479463100433,10
93895,0.8919669568538666,10
93971,0.5946023166179657,10
93997,0.7938061416149139,10
94002,0.50560302734375,10
94073,0.6517045497894287,7
94104,0.6009216248989105,10
94116,0.45561354027854073,9
94123,0.33540418148040774,10
94140,0.7772642254829407,10
94142,0.2863857320376805,7
94246,0.7744519829750061,10
94255,0.7208541393280029,10
94331,0.46679375767707826,10
94338,0.591112595796585,10
94346,0.5088276922702789,10
94362,0.6665500700473785,10
94363,0.5821179986000061,10
94365,0.31788975596427915,10
94371,0.6791844367980957,10
94373,0.613561087846756,10
94375,0.8008287847042084,10
94389,0.5324753761291504,10
94396,0.5144841015338898,10
94456,0.7661798927519057,9
94476,0.5933271825313569,10
94480,0.6261716902256012,10
94481,0.4287798523902893,10
94483,0.7995658755302429,10
94484,0.34946573376655576,10
94486,0.7912171244621277,10
94493,0.9409612834453582,10
94571,0.7047808349132538,10
94596,0.3392318248748779,10
94615,0.6766077160835267,10
94633,0.4479893684387207,10
94683,0.836606373389562,6
94684,0.5870344519615174,10
94724,0.8322386860847473,10
94731,0.6206562936305999,10
94732,0.47383493185043335,10
94733,0.797616857290268,10
94734,0.7047474205493927,10
94746,0.705723512172699,10
94822,0.3966326594352722,10
94837,0.4843147933483124,10
94891,0.5244368135929107,10
94902,0.7619247794151306,10
94915,0.5543118119239807,10
94916,0.6123924791812897,10
94949,0.5387408614158631,10
94958,0.7029852271080017,6
95021,0.8923446357250213,10
95064,0.5923132538795471,10
95103,0.5771619796752929,10
95105,0.587732982635498,10
95115,0.39535422921180724,10
95128,0.6599919915199279,10
95234,0.6055672585964202,10
95364,0.5040896713733674,10
95386,0.49882389307022096,10
95449,0.5992214858531952,10
95503,0.6962955474853516,10
95527,0.6188497126102448,10
95589,0.37533260583877565,10
95607,0.3885115385055542,10
95613,0.8767648100852966,10
95679,0.7054885447025299,10
95695,0.007484570145606995,8
95705,0.7298691123723984,8
95710,0.7252466976642609,10
95756,0.6030596375465394,10
95765,0.6010838627815247,10
95800,0.6068192256821526,9
95810,0.7591816253132291,9
95893,0.5284575462341309,10
96007,0.6983978092670441,10
96026,0.41027840971946716,10
96061,0.5174209177494049,10
96152,0.7750070989131927,10
96157,0.7512794077396393,10
96188,0.33645684123039243,10
96260,0.5888428449630737,10
96310,0.8074890196323394,10
96342,0.4438038766384125,10
96345,0.5647629559040069,10
96440,0.560849416255951,5
96564,0.5035700380802155,10
96602,0.8325409293174744,10
96608,0.6489256024360657,8
96613,0.3138467311859131,10
96672,0.5991215348243714,10
96703,0.8868696570396424,10
96704,0.5011563122272491,10
96713,0.5347728848457336,10
96728,0.899834680557251,10
96765,0.49718504548072817,10
96792,0.6964652001857757,10
96848,0.6934360325336456,10
96913,0.7890902400016785,10
97093,0.35540149807929994,10
97094,0.3458699345588684,10
97207,0.4024007976055145,10
97248,0.33057917952537536,10
97273,0.6032894611358642,10
97287,0.4336794316768646,10
97329,0.4504599034786224,10
97332,0.5962734222412109,6
97339,0.6098970770835876,10
97357,0.5087450325489045,10
97377,0.6969268023967743,10
97432,0.627087551355362,10
97433,0.6212747454643249,10
97469,0.6021441161632538,10
97494,0.5716415286064148,10
97512,0.5170799136161804,10
97521,0.7984156787395478,10
97582,0.6281128227710724,10
97655,0.510994839668274,10
97683,0.40954854488372805,10
97747,0.7253061830997467,6
97751,0.7024600684642792,10
97786,0.5834699094295501,10
97803,0.6835840165615081,10
97824,0.47447764277458193,10
97842,0.44736607670783995,10
97875,0.7024028956890106,10
97888,0.9660004377365112,8
97903,0.6071458101272583,10
97915,0.6827491879463196,10
97939,0.5058821856975555,10
97990,0.6940854728221894,10
98046,0.599400395154953,10
98085,0.7030575931072235,10
98122,0.6690906822681427,10
98189,0.375387442111969,10
98197,0.21568552255630494,10
98203,0.6784862577915192,10
98229,0.7207653403282166,10
98242,0.499377703666687,10
98261,0.40041232109069824,5
98315,0.7070888102054596,10
98347,0.2937010586261749,10
98350,0.43209779262542725,10
98351,0.6158291876316071,10
98352,0.4268451452255249,10
98371,0.606547224521637,10
98426,0.2866187294324239,6
98443,0.407592898607254,10
98472,0.49756150245666503,10
98475,0.39573079347610474,9
98527,0.6837368547916413,10
98529,0.7983418107032776,10
98739,0.7958794295787811,10
98762,0.3253490447998047,10
98778,0.29984354972839355,10
98780,0.5319587349891662,10
98857,0.6038703739643096,10
98918,0.6262988388538361,10
98931,0.7285764753818512,10
98960,0.5657526433467865,10
98975,0.6671195805072785,10
99038,0.6994964122772217,10
99042,0.7105814814567566,10
99044,0.7198420643806458,10
99062,0.44472147822380065,10
99078,0.6725827395915985,10
99079,0.29934215545654297,10
99081,0.7990159809589386,10
99097,0.19557475447654724,10
99120,0.4108601689338684,10
99130,0.8025564908981323,10
99131,0.5190935134887695,10
99132,0.604796290397644,10
99166,0.6666866838932037,10
99219,0.351242733001709,10
99227,0.4775883674621582,10
99254,0.5951826572418213,5
99286,0.7995134472846985,10
99308,0.763898777961731,10
99310,0.9942549049854279,10
99312,0.7981744587421418,10
99313,0.537246972322464,10
99358,0.6226321458816528,10
99392,0.7841822803020477,10
99437,0.5976665616035461,10
99459,0.45441809892654417,10
99479,0.7799016952514648,10
99573,0.900504183769226,10
99630,0.26279463768005373,10
99655,0.581020200252533,10
99696,0.827182936668396,10
99698,0.8527888357639313,10
99707,0.29805563688278197,10
99770,0.42783132791519163,10
99777,0.5181660532951355,10
99791,0.3944894433021545,10
99808,0.6736945390701294,10
99875,0.45782882571220396,10
99880,0.7972976088523864,10
99881,0.009912391503651937,3
99918,0.3525203466415405,10
99935,0.8012144029140472,10
99949,0.7920337557792664,10
99975,0.7465991079807281,10
99976,0.6474845230579376,10
99992,0.21200042963027954,10
100015,0.6151421189308166,10
100089,0.7959478378295899,10
100104,0.7066596925258637,10
100169,0.8754769563674927,10
100172,0.47460628747940065,10
100275,0.6990805923938751,10
100278,0.5183568681989398,7
100374,0.341755336523056,10
100423,0.45298910737037656,10
100447,0.7902674674987793,10
100470,0.6568699777126312,6
100473,0.6942050516605377,10
100670,0.7165544748306274,10
100679,0.5311978101730347,10
100734,0.6428564429283142,10
100758,0.6907639354467392,8
100795,0.6280388414859772,10
100798,0.8998900141034808,7
100901,0.696880292892456,10
101013,0.6008903563022614,10
101020,0.36840654611587526,10
101118,0.5975706279277802,10
101206,0.7938098073005676,10
101239,0.4102809488773346,10
101335,0.5231448292732239,10
101420,0.5224347412586212,10
101463,0.6150775730609894,10
101519,0.6286607980728149,8
101539,0.46704517006874086,10
101628,0.4659846663475037,10
101629,0.46666738390922546,10
101644,0.6412417948246002,10
101660,0.6471312973234389,9
101668,0.24737695852915445,3
101682,0.6481768131256104,10
101685,0.6915836095809936,10
101718,0.18228372931480408,10
101721,0.7975918412208557,10
101723,0.5299227416515351,10
101737,0.5986774325370788,10
101766,0.5107527017593384,10
101785,0.4640052616596222,10
101786,0.20692986249923706,10
101796,0.7980655908584595,10
101865,0.901136976480484,10
101872,0.7026838064193726,10
101929,0.697724050283432,10
101930,0.42948363423347474,10
101954,0.6096335768699646,10
101988,0.3671334981918335,10
102104,0.8920364558696747,10
102107,0.40535928606987,10
102144,0.8141684234142303,10
102145,0.3995476126670837,10
102148,0.6503880798816681,10
102151,0.29145858287811277,10
102159,0.6838138043880463,10
102181,0.7888549447059632,10
102219,0.7579774260520935,10
102237,0.5862706422805786,10
102253,0.7918963313102723,10
102275,0.8737687170505524,10
102346,0.7702084600925445,10
102435,0.7688019335269928,10
102548,0.6842263400554657,10
102610,0.4085340201854706,10
102631,0.40802120566368105,10
102652,0.29183354377746584,10
102676,0.8885240256786346,10
102680,0.764644730091095,10
102681,0.6395604491233826,10
102690,0.8009997844696045,10
102698,0.8676646128296852,8
102792,0.26079014539718626,10
102794,0.6179318070411682,10
102835,0.5768446981906891,10
102859,0.5994419515132904,10
102881,0.6297366440296173,10
102897,0.5968705415725708,10
102898,0.5830346703529358,10
102940,0.6976886987686157,10
102965,0.6118999242782592,5
103016,0.4660431875122918,9
103039,0.7092324912548065,10
103061,0.5954581081867218,10
103077,0.5980999112129212,10
103091,0.6374118149280548,10
103092,0.6624572217464447,10
103132,0.32028632164001464,10
103184,0.5125099301338196,10
103185,0.7949839293956756,10
103191,0.3991736173629761,10
103235,0.2971829652786255,10
103236,0.5171729683876037,10
103261,0.5016068398952485,10
103327,0.39602954387664796,10
103328,0.5316460072994232,10
103339,0.9749115586280823,10
103343,0.5395774781703949,10
103368,0.5614099621772766,10
103402,0.6000657558441163,10
103405,0.7767195403575897,10
103469,0.6911427974700928,10
103573,0.27797961980104446,8
103638,0.6096943855285645,10
103640,0.2666100263595581,7
103649,0.5895784556865692,10
103651,0.4364849328994751,10
103660,0.46549888253211974,10
103666,0.2499242901802063,10
103670,0.9419165670871734,10
103686,0.516409981250763,10
103687,0.333352655172348,6
103714,0.4816286861896515,10
103745,0.5879948914051056,10
103752,0.6972346603870392,10
103755,0.2593286857008934,8
103783,0.7169607937335968,10
103806,0.7863547444343567,10
103807,0.7716676533222199,10
103811,0.4276190996170044,4
103814,0.5427708446979522,10
103828,0.4671037971973419,10
103830,0.543810385465622,10
103843,0.6943192422389984,10
103844,0.48831257224082947,10
103877,0.3858631193637848,10
103883,0.8198491752147674,10
103885,0.6101326227188111,10
103886,0.6261376917362214,10
103922,0.6795942187309265,10
103937,0.5022723019123078,10
103975,0.5399497270584106,10
104006,0.7167802333831788,10
104012,0.8011774063110352,10
104020,0.43506256937980653,10
104029,0.7786306023597718,10
104063,0.5095969259738922,10
104162,0.7757353723049164,10
104234,0.49968385696411133,10
104239,0.13903698325157166,8
104340,0.8310225963592529,10
104347,0.5614059388637542,10
104351,0.20659108757972716,10
104353,0.4610175907611847,10
104363,0.30301198959350584,10
104376,0.8262484014034271,10
104377,0.6853913962841034,10
104498,0.535453200340271,10
104527,0.6713976681232452,10
104553,0.6579698145389556,10
104555,0.7933362782001495,10
104558,0.6977500915527344,10
104573,0.5306282222270966,10
104575,0.4675069034099579,10
104581,0.39374070167541503,10
104617,0.4794549524784088,10
104627,0.573713093996048,10
104633,0.3971644937992096,10
104640,0.576657372713089,10
104655,0.3498258709907532,10
104710,0.7722527205944061,10
104736,0.6241487920284271,10
104769,0.5108504229121738,9
104775,0.8874127566814423,10
104780,0.796548068523407,10
104798,0.7847885370254517,10
104805,0.4331396758556366,10
104809,0.5666809499263763,10
104813,0.5653392672538757,10
104814,0.5578533560037613,4
104858,0.7578907145394219,9
104955,0.6008196294307708,10
104994,0.44400169849395754,10
105004,0.3622147560119629,10
105023,0.4873581290245056,10
105024,0.5393052935600281,10
105037,0.4530135810375214,10
105123,0.21732012714658464,7
105134,0.6854689419269562,10
105187,0.3124543070793152,10
105199,0.653259789943695,10
105265,0.5863131821155548,10
105280,0.7906120896339417,10
105305,0.7134356617927551,10
105550,0.5560391611523099,9
105551,0.701330977678299,10
105593,0.5153498709201813,10
105602,0.5975180983543396,10
105624,0.4979515075683594,10
105864,0.5999861478805542,10
105866,0.5031184494495392,10
106113,0.6228271722793579,10
106174,0.5995936989784241,10
106217,0.5012517154216767,10
106523,0.43690266609191897,10
106560,0.7962613880634308,10
106631,0.5000747084617615,10
106662,0.6951358020305634,10
106753,0.5111521542072296,10
106836,0.33384185036023456,6
106929,0.5404798686504364,10
106935,0.1940111041069031,10
106969,0.696251630783081,10
106978,0.42659157514572144,10
106999,0.5769744694232941,10
107012,0.6660087704658508,10
107027,0.9159619510173798,10
107029,0.14307125125612533,7
107056,0.6026737093925476,5
107148,0.8247956514358521,10
107173,0.6221440553665161,10
107181,0.698384815454483,10
107190,0.40492748022079467,10
107255,0.39089192152023317,10
107372,0.7183583915233612,10
107420,0.5053418378035227,6
107435,0.5026100277900696,10
107463,0.4031609058380127,10
107464,0.4349206924438477,10
107529,0.6731418907642365,10
107583,0.3949908435344696,10
107604,0.7852630257606507,10
107635,0.504024612903595,10
107638,0.44923989176750184,10
107649,0.4885920763015747,10
107680,0.605162239074707,10
107703,0.8132605671882629,10
107704,0.6452413380146027,10
107733,0.7037563800811768,10
107811,0.6404634714126587,10
107829,0.19908853769302368,10
107834,0.5084304988384247,10
107861,0.2171272099018097,10
107917,0.588947057723999,10
107938,0.34846832354863483,6
107971,0.4974710702896118,10
108012,0.6892737865447998,10
108018,0.7096196293830872,10
108044,0.3442897617816925,10
108079,0.7296468615531921,10
108080,0.7854579269886017,10
108100,0.18572081128756204,6
108155,0.7894240081310272,10
108156,0.4600104451179504,10
108157,0.7926971554756165,10
108161,0.553401505947113,10
108176,0.4093800187110901,6
108341,0.4427742600440979,10
108344,0.5910671293735504,10
108377,0.6770824611186981,10
108429,0.4181486427783966,10
108430,0.8933604478836059,10
108459,0.6256701409816742,10
108554,0.49998003244400024,10
108637,0.6745895802974701,10
108665,0.3972014784812927,10
108679,0.6888997256755829,10
108705,0.5937171459197998,10
108711,0.6487332701683044,10
108722,0.48733073472976685,10
108737,0.6221772730350494,10
108745,0.38010956048965455,10
108783,0.494158673286438,10
108784,0.6282755911350251,10
108831,0.7993799567222595,10
108832,0.6414333403110504,10
108862,0.8745463266968727,8
108906,0.7730211079120636,10
109005,0.3704127848148346,10
109017,0.5729896545410156,10
109019,0.67966268658638,10
109044,0.6072251558303833,10
109070,0.8767968937754631,8
109077,0.3262351334095001,10
109105,0.7976106882095337,10
109125,0.4285831987857819,10
109143,0.9984163701534271,10
109215,0.5647980988025665,10
109252,0.4013164699077606,10
109276,0.7019217789173127,10
109285,0.36807109117507936,10
109291,0.7088934361934662,10
109296,0.8038503050804138,10
109451,0.40655136704444883,10
109456,0.20173318386077882,10
109548,0.6366826713085174,10
109612,0.624886155128479,10
109635,0.41175459027290345,10
109643,0.5060666680335999,10
109657,0.5136732041835785,10
109718,0.20535774827003478,10
109732,0.5148956060409546,10
109764,0.7146489918231964,10
109779,0.38433282971382143,10
109786,0.8428594827651977,10
109801,0.5694883465766907,10
109922,0.3031081914901733,10
109932,0.4061706781387329,10
109936,0.4954694271087646,10
109969,0.6655281245708465,10
110102,0.6298696339130402,10
110160,0.36229983568191526,10
110245,0.3629719879892137,9
110260,0.38272483348846437,10
110277,0.7698427855968475,10
110286,0.6485799789428711,10
110327,0.8324046552181243,10
110331,0.5056816637516022,10
110336,0.8750996366143227,8
110407,0.660518209139506,3
110434,0.3486673474311829,10
110511,0.19998770356178283,10
110524,0.6207439482212067,10
110525,0.719050731923845,9
110570,0.45656412839889526,9
110598,0.04427639927182879,7
110643,0.7342427551746369,10
110864,0.43480001177106586,7
110868,0.6233189761638641,10
110870,0.6092457592487335,10
110962,0.1947788417339325,10
111026,0.6133038759231567,10
111069,0.36081922650337217,10
111081,0.7725577712059021,10
111097,0.8838477373123169,10
111105,0.5373566389083863,10
111119,0.7064933598041534,10
111124,0.40247470140457153,10
111142,0.5702175696690878,9
111148,0.7622451305389404,10
111172,0.7945923924446106,10
111173,0.4087851524353027,10
111275,0.6468649506568909,9
111299,0.433874374628067,10
111327,0.6559388220310212,10
111341,0.7995658814907074,10
111379,0.6338318169116974,10
111387,0.3962686896324158,10
111417,0.9498942136764527,10
111418,0.4192970752716064,10
111426,0.21973372995853424,8
111502,0.5967183530330658,10
111543,0.6682821214199066,6
111732,0.5692779302597046,10
111799,0.9375044643878937,10
111802,0.7997292399406433,10
111830,0.39919344782829286,10
111841,0.3847169816493988,10
111855,0.8272559702396393,10
111866,0.5974879920482635,10
111999,0.5016902565956116,10
112092,0.23597342371940613,10
112102,0.6302647709846496,10
112118,0.6208109438419342,10
112138,0.8022377490997314,10
112192,0.38419731259346007,10
112210,0.6405825555324555,10
112233,0.5665539026260376,10
112373,0.583755373954773,10
112381,0.6013154685497284,10
112445,0.35047786235809325,10
112462,0.29200686812400817,10
112532,0.6897619903087616,10
112557,0.8103990375995636,10
112598,0.6125019788742065,10
112686,0.6957520246505737,10
112692,0.4615801632404327,10
112694,0.9863543093204499,10
112811,0.39603452384471893,8
112840,0.6902882158756256,10
112844,0.5663942760891385,9
112869,0.7999367475509643,10
112991,0.7339184641838074,10
112995,0.863115131855011,10
113066,0.8885675489902496,10
113070,0.7234148204326629,10
113200,0.2053308069705963,10
113289,0.6049866080284119,10
113293,0.6557546496391297,10
113294,0.6615960001945496,10
113301,0.7819286286830902,10
113311,0.336505651473999,10
113312,0.2945170164108276,10
113324,0.6090944111347198,10
113332,0.6881857335567474,10
113337,0.7975992321968078,10
113360,0.7481872364878654,8
113401,0.878981226682663,10
113428,0.350894969701767,10
113436,0.21440908908843995,10
113456,0.6305737122893333,8
113490,0.14403489657810756,7
113513,0.6105445504188538,10
113517,0.5764211893081665,10
113518,0.6983703553676606,10
113544,0.4579451233148575,4
113567,0.3836202323436737,10
113636,0.5486807942390441,10
113656,0.702518904209137,10
113700,0.5186376869678497,10
113780,0.642963570356369,10
113819,0.5801366627216339,10
113853,0.8953266263008117,10
113873,0.8981276512145996,10
113924,0.5283722877502441,10
113927,0.7111114680767059,10
113931,0.6955882251262665,10
113937,0.5386840403079987,10
113971,0.8226037800312043,10
113995,0.5841476851039462,9
113997,0.6504195332527161,10
114031,0.5664650738239289,10
114139,0.1086539626121521,10
114228,0.7650576174259186,10
114261,0.6264402389526367,10
114284,0.5962517261505127,5
114316,0.3026681780815125,10
114386,0.41993204951286317,10
114387,0.7261212825775146,10
114405,0.6767706155776978,10
114438,0.5869900345802307,10
114504,0.7493109901746114,9
114530,0.5202143013477325,10
114667,0.2471578061580658,10
114684,0.4811841368675232,10
114689,0.5137645363807678,10
114784,0.2020954370498657,10
114800,0.3396354417006175,6
114863,0.5004859805107117,10
114871,0.49457456469535827,10
114903,0.8926777005195617,10
114912,0.6752478063106537,10
114991,0.843235045671463,10
115105,0.2988850474357605,10
115233,0.790114426612854,10
115288,0.59958416223526,10
115293,0.7991629242897034,10
115325,0.741987270116806,10
115370,0.7042979836463928,10
115746,0.801151430606842,10
115793,0.39250309467315675,10
115944,0.7013765275478363,10
115976,0.6629742324352265,10
116046,0.37461204528808595,10
116124,0.795889925956726,10
116194,0.5797993640104929,6
116231,0.2326826055844625,3
116402,0.7452175378799438,10
116422,0.7012167572975159,10
116593,0.45257848501205444,10
116596,0.7060441553592682,10
116735,0.590654981136322,10
116736,0.5651740312576294,10
116737,0.6824853420257568,10
116739,0.3201119005680084,10
116806,0.5101375460624695,10
116821,0.7636159136891365,8
116849,0.7253528038660685,3
116858,0.37474713325500486,10
116860,0.6528493404388428,10
116877,0.8611382663249969,10
116948,0.305363267660141,10
116954,0.800115031003952,10
116970,0.8045199394226075,10
116972,0.7012657324473063,9
116975,0.22873449325561523,10
116978,0.6667747914791107,10
116981,0.5618301749229431,10
116998,0.9835076034069061,10
117549,0.293403697013855,10
117555,0.5079545676708221,10
117558,0.6455763459205628,10
117663,0.9570457696914673,10
117707,0.5826909124851227,10
117784,0.7317052483558655,10
117815,0.42357573338917326,7
117823,0.788422816991806,10
117838,0.6042393326759339,10
117854,0.5078506708145142,10
117862,0.4100419759750366,10
117885,0.718073970079422,10
117891,0.5209187492728233,8
117908,0.6222492635250092,10
117910,0.42931229472160337,10
117914,0.6004498243331909,10
117915,0.40691168904304503,10
117942,0.6962536156177521,10
117959,0.7809422016143799,10
117960,0.6587857663631439,10
117975,0.5608304977416992,10
117985,0.8160225510597229,10
117986,0.22680784463882447,5
117987,0.49595685601234435,10
117992,0.39853073954582213,10
117995,0.7199260771274567,10
117997,0.6009453117847443,10
118000,0.7102416634559632,10
118001,0.6796555995941163,10
118023,0.6975443184375762,10
118025,0.691120183467865,10
118048,0.8760739266872406,10
118051,0.8182512819766998,10
118063,0.31240981817245483,10
118174,0.6579479396343231,10
118177,0.7005854606628418,10
118215,0.620208990573883,10
118247,0.7195868611335754,10
118258,0.8670227080583572,8
118293,0.27740282416343687,10
118294,0.707958996295929,10
118315,0.5843618035316467,10
118325,0.39098299741744996,10
118326,0.6016118824481964,10
118330,0.5552639901638031,10
118336,0.6765420569313897,9
118337,0.3634646117687225,10
118339,0.5826096892356872,10
118340,0.3579802572727203,10
118342,0.5803811609745025,10
118385,0.6076925277709961,10
118402,0.4762055516242981,10
118410,0.6069013059139252,10
118418,0.3573265433311462,10
118452,0.6649639010429382,10
118497,0.5583024978637695,10
118515,0.2046352744102478,10
118536,0.6526237487792969,10
118537,0.6119225203990937,10
118539,0.38967750072479246,10
118553,0.6234484612941742,10
118559,0.7820419311523438,10
118567,0.2905015468597412,10
118568,0.8474138259887696,10
118610,0.5730428218841552,10
118627,0.5582904475075858,7
118688,0.7948091864585877,10
118695,0.9603042840957642,10
118697,0.7754736277792189,9
118699,0.7051143884658814,10
118703,0.5903265416622162,10
118705,0.5497123003005981,10
118713,0.9789177775382996,4
118732,0.6686685264110566,10
118776,0.601842325925827,10
118950,0.3413072645664215,10
118953,0.6025723576545715,10
118955,0.3944908857345581,10
119012,0.37564722299575803,10
119109,0.711711710691452,10
119165,0.6464461505413055,10
119193,0.6765728712081909,10
119194,0.2994963049888611,10
119265,0.3762581586837769,10
119316,0.3716637670993805,10
119337,0.47264374494552613,10
119391,0.5319428145885468,10
119407,0.45294286608695983,10
119432,0.7331462323665618,10
119464,0.6922698974609375,10
119472,0.4964535176753998,10
119474,0.3188127875328064,9
119500,0.4424005389213562,10
119506,0.7602578639984131,10
119525,0.6429362893104553,9
119591,0.21243444681167603,10
119622,0.5098953962326049,10
119632,0.3861681640148163,10
119637,0.548831444978714,10
119639,0.49922495484352114,10
119781,0.8920832574367523,10
119782,0.7498584985733032,10
119788,0.7555732786655426,10
119792,0.8531192243099213,4
119804,0.5977930784225464,10
119856,0.4914714753627777,10
119866,0.9824056565761566,10
119872,0.9979809895157814,8
119881,0.3039951384067535,10
119890,0.7867784380912781,10
119899,0.5171128869056701,10
120000,0.33807421922683717,10
120033,0.8148264765739441,10
120217,0.30533531308174133,10
120254,0.643668362072536,7
120264,0.33575649857521056,10
120265,0.7125595867633819,10
120268,0.6101081013679505,10
120269,0.8777830362319946,10
120305,0.5912723302841186,10
120316,0.6430587768554688,10
120426,0.41858364939689635,10
120444,0.37256035804748533,10
120447,0.29650601744651794,10
120509,0.5620633900165558,10
120515,0.20737676620483397,10
120523,0.6138962149620056,10
120547,0.6983517706394196,10
120579,0.7933147847652435,10
120580,0.5971546292304992,10
120605,0.6066744208335877,10
120618,0.7158673320497785,7
120669,0.5979771554470062,10
120677,0.7669629752635956,10
120770,0.5966764032840729,10
120781,0.4979369580745697,10
120801,0.6594911098480225,5
120814,0.6433211326599121,10
120886,0.7804073870182038,10
120906,0.2907410621643066,10
120924,0.5955275177955628,5
121015,0.7109988570213318,10
121031,0.29691405296325685,10
121041,0.4498113453388214,10
121043,0.6733030915260315,10
121073,0.5028441786766052,10
121076,0.6899683237075805,10
121122,0.29892234206199647,10
121193,0.6746120989322663,10
121195,0.7973729968070984,10
121288,0.7864387452602386,10
121295,0.5005263686180115,10
121297,0.5437338352203369,10
121322,0.5307610213756562,10
121324,0.5988250434398651,10
121408,0.3292219638824463,10
121409,0.39870600700378417,10
121410,0.7093594789505004,10
121414,0.008993470668792724,10
121423,0.30377802848815916,10
121429,0.7525968492031098,10
121471,0.49702839851379393,10
121601,0.44488150626420975,8
121615,0.40590201020240785,10
121657,0.48818100690841676,10
121663,0.41235712596348356,7
121715,0.6865816295146943,10
121751,0.48684831261634826,10
121764,0.9481610178947448,10
121787,0.43143271207809447,10
121790,0.5695018001965114,7
121806,0.9748269021511078,10
121813,0.4847069978713989,10
121921,0.400386255979538,10
121958,0.1191752314567566,10
121987,0.8735374093055726,10
121993,0.5463004171848297,10
121995,0.5036638677120209,10
122069,0.5678261160850525,10
122159,0.5088614761829376,10
122168,0.20719155073165893,5
122236,0.7162964105606079,10
122240,0.5116193294525146,10
122271,0.1983668327331543,10
122294,0.4039874792098999,10
122298,0.6722474873065949,10
122313,0.30595714449882505,10
122327,0.44252024292945863,10
122399,0.6907999634742736,10
122435,0.983785879611969,10
122515,0.7904196798801422,10
122522,0.40299394726753235,10
122524,0.5031225562095643,10
122588,0.5886604607105255,10
122598,0.588490504026413,10
122599,0.7625947058200836,10
122690,0.42989718317985537,10
122691,0.6221834003925324,10
122701,0.7883464276790619,10
122711,0.3884270846843719,10
122809,0.7175351911120944,9
122820,0.34726128975550336,6
122831,0.889982008934021,10
122842,0.6135126054286957,10
122867,0.6014752089977264,10
122868,0.2771401762962341,10
122873,0.36745725870132445,5
122889,0.30314998626708983,10
122890,0.7011957883834838,10
122891,0.449211573600769,10
122913,0.6022013127803802,10
122943,0.48597506880760194,10
122961,0.8897514879703522,10
123045,0.39783844351768494,10
123085,0.8588020503520966,6
123096,0.47050660848617554,10
123123,0.5414892673492432,10
123129,0.6686474978923798,10
123160,0.7137296736240387,10
123162,0.6231713056564331,10
123185,0.4831866562366486,10
123219,0.9562890112400055,10
123223,0.5074582621455193,8
123228,0.6962483108043671,10
123239,0.7597607612609864,10
123260,0.3859834551811218,10
123370,0.6279843568801879,10
123386,0.6608203252156576,3
123399,0.7325840950012207,10
123406,0.5277919471263885,10
123408,0.6686105012893677,10
123417,0.689398056268692,10
123491,0.5081586837768555,4
123495,0.543735021352768,10
123499,0.6786806285381317,10
123506,0.49253291487693784,10
123511,0.70701704621315,10
123514,0.5373118340969085,10
123536,0.4576839506626129,10
123540,0.8134648919105529,10
123570,0.457412576675415,10
123576,0.6354772448539734,10
123587,0.6599782109260559,9
123604,0.9203738033771515,10
123607,0.6129856824874877,10
123609,0.7786180913448334,10
123635,0.3994404375553131,10
123689,0.33629814386367796,10
123828,0.7431703209877014,10
123844,0.48759484887123106,10
123885,0.5303939163684845,10
123915,0.8586262702941895,10
123923,0.7900205135345459,10
123930,0.40196444392204284,10
123955,0.8752783894538879,10
123991,0.42440342903137207,10
124000,0.37738176584243777,10
124034,0.9025618374347687,10
124044,0.3222168445587158,10
124047,0.39335232973098755,10
124052,0.5159145593643188,10
124160,0.1490770995616913,10
124172,0.6789951205253602,10
124199,0.33677273988723755,10
124224,0.27026289105415346,10
124248,0.7118921041488647,10
124264,0.4291482508182526,10
124290,0.7974263966083527,10
124356,0.33766463994979856,10
124361,0.5391359150409698,10
124372,0.5431222975254059,10
124378,0.5843169033527374,10
124380,0.5931804895401,10
124387,0.6217470169067383,10
124390,0.5736482679843903,10
124393,0.40172364115715026,10
124395,0.6664727793799506,9
124490,0.8327127277851105,10
124545,0.3078398823738098,10
124548,0.5012481272220611,10
124589,0.40221636891365053,10
124590,0.43406885862350464,10
124598,0.570462617609236,9
124622,0.8369153559207916,10
124647,0.4167615294456482,10
124648,0.09803897738456727,10
124668,0.4389230012893677,10
124706,0.511582887172699,10
124708,0.8149210095405579,10
124742,0.3720496118068695,10
124757,0.9008971631526947,10
124758,0.6458055973052979,10
124759,0.8914296984672546,10
124760,0.7769722938537598,8
124761,0.7160551292555672,7
124827,0.6007316172122955,10
124833,0.4050775051116943,10
124838,0.8235237956047058,10
124839,0.7436852335929871,10
124847,0.6398008346557618,10
124856,0.3386544386545817,3
124881,0.4479654669761658,10
124918,0.6140805602073669,10
124954,0.6471034109592437,10
124958,0.14081467986106871,10
124960,0.6750094711780548,10
124965,0.7199604928493499,10
124968,0.48291327953338625,10
124969,0.45833779573440553,10
124991,0.8986513495445252,10
124992,0.5733060921941485,7
125013,0.44698304931322735,6
125022,0.571460509300232,10
125028,0.35754573345184326,10
125046,0.69948108792305,10
125048,0.6201568007469177,10
125050,0.7852873563766479,10
125059,0.41218339204788207,10
125061,0.5998155057430268,10
125148,0.4323924362659454,10
125153,0.703613531589508,10
125311,0.7389005303382874,10
125315,0.4972333192825317,10
125318,0.578752464056015,10
125326,0.6336949944496155,10
125368,0.7079363167285919,10
125395,0.3802002131938934,10
125400,0.4007002115249634,10
125416,0.7952715396881104,10
125436,0.7933243393898011,10
125461,0.34325142701466876,9
125493,0.3019461274147034,10
125547,0.4615932106971741,10
125548,0.5933380007743836,10
125549,0.596093213558197,10
125605,0.36613285541534424,10
125608,0.6155602276325226,10
125609,0.15752782821655273,10
125618,0.7066438972949982,10
125634,0.6341692984104157,10
125658,0.5870268523693085,10
125675,0.41524905562400816,10
125678,0.7853094041347504,10
125752,0.7938095688819885,10
125765,0.3338875353336334,10
125832,0.40624270439147947,10
125854,0.4022941827774048,10
125879,0.10373589992523194,10
125921,0.9153551816940307,10
125924,0.3912750005722046,10
125936,0.5589121520519257,10
125943,0.786110234260559,10
125977,0.2676412403583527,10
125993,0.6055760979652405,10
125996,0.7062952280044555,10
126000,0.7766971826553345,10
126008,0.7110568463802338,10
126021,0.6794587790966033,10
126025,0.40303985476493837,10
126026,0.7871997058391571,10
126042,0.5873775482177734,10
126069,0.792718094587326,10
126076,0.5325264215469361,10
126100,0.7964746534824372,10
126119,0.695593410730362,10
126159,0.6988234668970108,8
126163,0.5611091196537018,10
126168,0.1935565650463104,10
126206,0.30256500244140627,10
126207,0.5981540381908417,10
126213,0.6021818578243255,10
126234,0.5688154041767121,10
126239,0.3419076383113861,10
126242,0.7985038816928863,10
126255,0.31297546029090884,10
126274,0.48424434661865234,10
126313,0.8957081496715545,10
126340,0.8209594190120697,10
126404,0.5898908913135529,10
126426,0.7584224879741669,10
126443,0.40851396322250366,10
126444,0.5030105888843537,10
126463,0.4315784914152963,7
126464,0.2869946275438581,7
126471,0.5980598449707031,10
126550,0.5935165166854859,10
126613,0.32168583273887635,10
126703,0.3449981153011322,10
126728,0.3778317034244537,10
126749,0.433855550629752,7
126750,0.4616119682788849,10
126771,0.05203865766525269,10
126789,0.40964422225952146,10
126792,0.5946646988391876,10
126912,0.44542971849441526,10
126941,0.5122173296080695,9
126996,0.6160838305950165,10
126999,0.8289752105871836,6
127023,0.8978642761707306,10
127024,0.659884226322174,10
127028,0.6923229157924652,10
127048,0.4038788199424744,10
127060,0.7029018759727478,10
127093,0.9965623259544373,10
127095,0.713383948802948,10
127096,0.4153146743774414,10
127127,0.6673716247081757,10
127129,0.4005475342273712,10
127134,0.7818679094314576,10
127188,0.45717554092407225,10
127229,0.39591737389564513,10
127258,0.29774628281593324,10
127275,0.7452672600746155,10
127282,0.43691669702529906,10
127312,0.8500005006790161,10
127317,0.3196687698364258,10
127324,0.7512214183807373,10
127398,0.5775376200675965,10
127432,0.6965274691581727,10
127433,0.45982836484909057,10
127434,0.43734119534492494,10
127436,0.7077618420124054,10
127438,0.6014513373374939,10
127493,0.8824184954166412,10
127505,0.4987817585468292,10
127518,0.6952457964420319,10
127533,0.6086621701717376,10
127561,0.6594148278236389,10
127572,0.8335006296634674,10
127589,0.09306818842887879,10
127590,0.6763575275739034,3
127646,0.4879408061504364,10
127648,0.41323885321617126,10
127650,0.8114925265312195,10
127721,0.6575535833835602,10
127748,0.2645474195480347,10
127784,0.6062067747116089,10
127798,0.025611227750778197,10
127839,0.6972506165504455,10
127883,0.5186288237571717,10
127920,0.4976095676422119,10
127947,0.8015461206436157,5
127981,0.9381098210811615,10
127989,0.6645703434944152,10
127994,0.5046227395534515,10
127997,0.5337739050388336,10
128001,0.5991861649921962,7
128011,0.3725505530834198,10
128028,0.21624666452407837,10
128063,0.36540955901145933,10
128072,0.4119610607624054,10
128098,0.6805010139942169,10
128114,0.5303441882133484,10
128137,0.2552375257015228,10
128154,0.6278969764709472,10
128174,0.6004212319850921,10
128180,0.617298036813736,8
128185,0.8268552780151367,10
128204,0.778163343667984,10
128218,0.6511370599269867,10
128219,0.6038277447223663,10
128252,0.9589570879936218,10
128271,0.6804244637489318,10
128282,0.7566236654917399,9
128290,0.614660507440567,10
128352,0.6040231347084045,10
128388,0.7181880354881287,10
128412,0.7043799459934235,10
128419,0.4946942150592804,10
128425,0.3525246262550354,10
128442,0.768648761510849,10
128445,0.3126025676727295,10
128475,0.6006553828716278,10
128537,0.5192129373550415,10
128554,0.49603012204170227,10
128565,0.42066133618354795,10
128568,0.8874460577964782,10
128621,0.706381368637085,10
128635,0.2476517915725708,10
128658,0.6966887474060058,10
128662,0.8817977190017701,10
128664,0.852413022518158,10
128667,0.6856333792209626,10
128671,0.6763663172721863,10
128672,0.21550469994544982,10
128698,0.6825762212276458,10
128721,0.6837886273860931,10
128733,0.7427049040794372,10
128780,0.5302777230739594,10
128794,0.5729474067687989,10
128855,0.47859055995941163,10
128882,0.3270453691482544,10
128885,0.5404459774494171,10
128898,0.5077540934085846,10
128910,0.31386292576789854,10
128921,0.5649269163608551,10
128927,0.5073975443840026,10
128931,0.5428216218948364,10
128938,0.6307986855506897,10
128996,0.8828848779201508,10
128999,0.5179392397403717,10
129010,0.7012636482715606,10
129013,0.6024513602256775,10
129029,0.6044956564903259,10
129031,0.5272281408309937,10
129038,0.9210696071386337,4
129050,0.371866911649704,10
129051,0.5509806513786316,10
129053,0.2203158140182495,10
129086,0.4245820641517639,10
129090,0.7960958302021026,10
129091,0.5533783555030822,10
129122,0.5663208186626434,10
129156,0.7402121365070343,10
129165,0.8032492935657501,10
129204,0.5590538740158081,10
129224,0.6004698216915131,10
129225,0.3735731661319733,10
129272,0.6836919128894806,10
129280,0.5137222230434417,10
129287,0.6737017154693603,10
129290,0.3998183846473694,10
129293,0.41098677515983584,10
129294,0.5653419137001038,10
129295,0.9111797332763671,10
129307,0.7960031986236572,10
129308,0.535325425863266,10
129309,0.6632080018520355,10
129310,0.6874230563640594,10
129311,0.8033664882183075,10
129313,0.30049306750297544,10
129314,0.6151473224163055,10
129315,0.5032908737659454,10
129320,0.5028737008571624,10
129322,0.7988205015659332,10
129326,0.5911266386508942,10
129348,0.831258624792099,10
129351,0.6991727530956269,10
129359,0.3034013569355011,10
129368,0.3938438415527344,10
129380,0.29992022514343264,10
129382,0.5924874007701874,10
129395,0.561915910243988,10
129417,0.8917296886444092,10
129437,0.9026567220687867,10
129459,0.49479019045829775,10
129469,0.4957887530326843,10
129492,0.61218221783638,10
129556,0.7051474928855896,10
129603,0.9913236200809479,4
129609,0.5075482726097107,10
129614,0.42588573694229126,10
129615,0.5023333728313446,10
129622,0.7590611159801484,10
129625,0.37183088064193726,3
129668,0.5043216526508332,10
129710,0.6779087305068969,10
129731,0.5951414048671723,10
129735,0.5597539007663727,10
129736,0.7660347104072571,10
129751,0.7375695884227753,10
129820,0.5259480178356171,10
129851,0.43045756220817566,10
129858,0.2336421549320221,10
129904,0.22648151516914367,10
129939,0.10801580548286438,10
129944,0.4307635009288788,10
129945,0.7010255217552185,10
129946,0.5084517657756805,10
129948,0.6011487185955048,10
129951,0.3744490802288055,10
129952,0.6977035164833069,10
129955,0.4564449323548211,9
129969,0.7863349318504333,5
129971,0.5014419496059418,10
129974,0.6053453683853149,10
129976,0.4010352432727814,10
129988,0.6943840622901917,10
130004,0.43585500717163084,10
130006,0.6561649858951568,10
130008,0.4805423140525818,10
130014,0.7198417901992797,10
130017,0.7061334252357483,10
130042,0.5468564867973328,10
130043,0.3840214848518372,10
130053,0.16486569245656332,9
130060,0.4431480526924133,10
130134,0.5539508402347565,10
130176,0.6572945237159729,10
130185,0.28895206110818045,7
130202,0.6493899881839752,10
130223,0.40097603797912595,10
130227,0.4534229218959808,10
130229,0.598857307434082,10
130240,0.598361712694168,10
130242,0.6001725673675538,10
130286,0.8461781084537506,10
130295,0.5081752240657806,10
130304,0.7018015146255493,10
130347,0.4085087776184082,10
130357,0.7072937250137329,10
130388,0.7000656366348267,10
130390,0.6794079780578614,10
130393,0.5191838860511779,10
130400,0.7003729701042175,10
130470,0.48890590071678164,10
130486,0.32075191140174864,10
130499,0.5588871121406556,10
130520,0.3029038369655609,10
130548,0.43821253776550295,10
130552,0.6933914303779602,10
130556,0.48559859991073606,10
130592,0.4278667986392975,10
130597,0.8005434334278106,10
130598,0.014368295669555664,6
130600,0.8857520163059235,10
130603,0.6982562303543091,10
130605,0.48474401235580444,10
130624,0.7043854117393493,10
130626,0.5764729231595993,8
130674,0.41329923272132874,10
130680,0.4289952278137207,10
130682,0.5939663827419281,10
130685,0.5854033887386322,10
130705,0.5981257438659668,10
130723,0.5174534618854523,10
130724,0.4010321795940399,6
130725,0.6379796981811523,10
130729,0.4308106005191803,10
130734,0.4732860028743744,10
130763,0.6480488657951355,10
130764,0.6736037015914917,10
130792,0.7989214122295379,10
130823,0.595725953578949,9
130827,0.8600443720817565,10
130841,0.7991595387458801,10
130877,0.6077617645263672,10
130882,0.540706890821457,10
130899,0.9625349640846252,10
130907,0.5069353878498077,10
130908,0.4102068364620209,10
130911,0.4795044004917145,10
130912,0.2017111897468567,10
130922,0.329597133398056,10
130960,0.7521442294120788,10
130997,0.5979746580123901,10
130999,0.47197213768959045,10
131006,0.6298060357570648,10
131014,0.7030545055866242,10
131017,0.6584681987762451,10
131047,0.6903811693191528,10
131060,0.6167003333568573,10
131111,0.7455013394355774,10
131118,0.6595330536365509,10
131121,0.7218319296836853,10
131126,0.8600551664829255,10
131144,0.6785775423049927,10
131163,0.7431925296783447,10
131164,0.6595488965511322,10
131182,0.8346914450327555,9
131183,0.6002673029899597,10
131199,0.4303765118122101,10
131200,0.36840721368789675,10
131232,0.6442148625850678,10
131241,0.4324055790901184,10
131246,0.6475579380989075,10
131260,0.7516720652580261,10
131261,0.32120934724807737,10
131282,0.29982287883758546,10
131287,0.7559664845466614,10
131304,0.798829299211502,10
131321,0.400317394733429,10
131325,0.7119683563709259,10
131332,0.5964913070201874,10
131346,0.8179152011871338,4
131357,0.6497480809688568,10
131366,0.5917690634727478,10
131379,0.701780253648758,10
131387,0.5945105254650116,10
131389,0.4763965606689453,10
131393,0.6621820569038391,10
131416,0.6905608713626862,10
131444,0.5036530375480652,10
131448,0.4430163417543684,7
131449,0.4966139912605286,10
131450,0.8336382985115052,10
131457,0.5287768483161926,10
131477,0.39875712990760803,10
131484,0.3462100128332774,6
131493,0.9790098488330841,10
131496,0.6709887882073721,6
131499,0.5813195586204529,10
131530,0.899997228384018,10
131568,0.6117351353168488,10
131581,0.9973409354686738,10
131616,0.35222909450531004,10
131646,0.530715537071228,10
131682,0.39661110043525694,10
131684,0.3038317084312439,10
131735,0.24208353757858275,10
131788,0.5353353261947632,10
131812,0.16881129145622253,6
131835,0.5577412605285644,10
131891,0.604814612865448,10
131894,0.6961970686912536,10
131895,0.33183588300432476,7
131904,0.6945076644420624,10
131914,0.30147945284843447,10
131933,0.7705237925052643,10
131956,0.3907917380332947,10
131982,0.2743642508983612,10
132018,0.6592889904975892,10
132019,0.8107358455657959,10
132028,0.8590713500976562,10
132145,0.5578497733388629,7
132148,0.5026984333992004,10
132188,0.2642198622226715,10
132203,0.6189375387297736,9
132229,0.9924201250076294,10
132251,0.4053361415863037,10
132261,0.5007548630237579,10
132320,0.4825200140476227,10
132322,0.8531602203845978,10
132326,0.38685553669929507,10
132357,0.42466198205947875,10
132372,0.43422560691833495,10
132406,0.49753486514091494,10
132407,0.7443687438964843,10
132416,0.47011223435401917,10
132428,0.7075387477874756,10
132452,0.8441610991954803,10
132456,0.8942658603191376,8
132497,0.7233764946460723,10
132531,0.39082003235816953,10
132532,0.7547116160392762,10
132544,0.3799649357795715,10
132598,0.5781015157699585,10
132601,0.4209616482257843,10
132620,0.5984204471111297,10
132717,0.34008772373199464,10
132758,0.6140498757362366,10
132766,0.60725017786026,10
132773,0.5227835518973214,7
132785,0.6603229641914368,9
132799,0.5258587598800659,10
132817,0.41506354212760926,10
133038,0.6917720258235931,10
133063,0.30970892310142517,10
133104,0.5905135631561279,5
133246,0.698878163099289,10
133285,0.5096684277057648,10
133334,0.5122591455777487,6
133337,0.3669298946857452,10
133405,0.5132327854633332,10
133421,0.2173343002796173,10
133423,0.8978464245796204,10
133425,0.798772931098938,10
133437,0.5030731856822968,10
133473,0.9255197763442993,10
133518,0.6010486423969269,10
133524,0.7891694903373718,10
133528,0.5261557936668396,10
133534,0.6207462906837463,10
133535,0.6638150095939637,10
133557,0.33063592910766604,10
133620,0.5217256546020508,10
133632,0.4832886278629303,10
133633,0.174106365442276,10
133637,0.8048760056495666,10
133671,0.5732432425022125,10
133687,0.8178591191768646,10
133689,0.33040480613708495,10
133713,0.7526590347290039,10
133747,0.4987151205539703,10
133835,0.43446903824806216,10
133842,0.6949413895606995,10
133848,0.7908666610717774,10
133886,0.3917222797870636,10
133940,0.8038155674934387,10
133956,0.5440885186195373,10
133992,0.7997081995010376,10
134009,0.36179937720298766,10
134069,0.42754593065806795,7
134150,0.6052785575389862,10
134157,0.5566335678100586,10
134253,0.30399549603462217,10
134255,0.5381483495235443,10
134279,0.8676345884799957,10
134283,0.2896116375923157,10
134352,0.7368054270744324,10
134419,0.3439522451824612,9
134453,0.7428742587566376,10
134477,0.4978695333003998,10
134520,0.4109023690223694,10
134524,0.7034114122390747,10
134547,0.023665830492973328,4
134559,0.6414563655853271,10
134596,0.7242905139923096,10
134615,0.5039501845836639,10
134618,0.3604649841785431,10
134626,0.6349686920642853,10
134631,0.5133256018161774,10
134637,0.6600072324275971,10
134711,0.6251446664333343,10
134726,0.7039163649082184,10
134777,0.5091808080673218,10
134804,0.8379116654396057,10
134815,0.20917062163352967,10
134834,0.6851089477539063,5
134884,0.5721068799495697,10
134964,0.7003821551799774,10
135019,0.6041661500930786,10
135077,0.30018975734710696,10
135107,0.6147903740406037,10
135116,0.6459977269172669,10
135194,0.8160430341959,8
135213,0.6969535887241364,10
135215,0.6628561317920685,10
135219,0.6981116473674774,10
135243,0.5898961246013641,10
135262,0.5403625726699829,10
135270,0.598290604352951,10
135281,0.4985503971576691,10
135327,0.7447138428688049,4
135382,0.6025091111660004,10
135431,0.7017854452133179,10
135492,0.40866061449050906,5
135508,0.49884492754936216,10
135530,0.43407957553863524,10
135557,0.5056125164031983,10
135577,0.7582798838615418,10
135581,0.36563775688409805,8
135598,0.5255074799060822,10
135648,0.7059684038162232,10
135649,0.82089204788208,10
135654,0.4079973459243774,10
135732,0.5799670279026031,10
135779,0.36095362305641177,10
135794,0.641493970155716,10
135796,0.7253671646118164,10
135801,0.23417699933052064,10
135812,0.6549784541130066,10
135851,0.5037647634744644,4
135877,0.7055601119995117,10
135888,0.45653815269470216,10
136000,0.6676145315170288,10
136029,0.4097547888755798,5
136032,0.45437169075012207,10
136056,0.5147814512252807,10
136058,0.6019185602664947,10
136063,0.6436971485614776,10
136085,0.8863432288169861,10
136086,0.422020822763443,10
136089,0.6315528929233551,10
136092,0.48949375152587893,10
136117,0.5588203132152557,10
136143,0.25271341800689695,10
136146,0.5748852491378784,10
136177,0.45952242612838745,9
136192,0.6149969220161438,10
136215,0.7016343235969543,10
136229,0.8834753572940827,10
136238,0.6053777456283569,10
136240,0.5230078816413879,10
136244,0.8228033681710561,6
136245,0.5013173401355744,10
136246,0.7858486473560333,10
136249,0.304451721906662,10
136265,0.6976759612560273,10
136279,0.772494637966156,10
136280,0.7793568730354309,10
136283,0.03296208381652832,5
136284,0.7108985781669617,10
136285,0.5256694555282593,8
136286,0.5035850703716278,10
136356,0.4715617001056671,10
136415,0.7998585939407349,10
136416,0.5291133880615234,10
136440,0.49611304998397826,10
136494,0.778740644454956,10
136523,0.40265498757362367,10
136554,0.21338719129562378,10
136558,0.6563612222671509,10
136563,0.33210493326187135,10
136566,0.4988811492919922,10
136585,0.6974776029586792,10
136587,0.31645095348358154,10
136588,0.9463071525096893,10
136594,0.5427859961986542,10
136606,0.9769470244646072,8
136609,0.448088264465332,10
136712,0.7948716431856155,4
136813,0.32804463307062787,3
136819,0.5166922360658646,4
136888,0.5031047999858856,10
136890,0.665027505159378,10
136910,0.8980103015899659,10
136954,0.551713490486145,10
136955,0.5673796892166137,10
136991,0.8148357570171356,10
137014,0.2013257384300232,5
137016,0.5180871248245239,10
137017,0.2964038550853729,10
137031,0.6002639949321746,10
137047,0.5585826933383942,10
137095,0.456105101108551,10
137140,0.30636186599731446,10
137141,0.5501302421092987,10
137152,0.6244459807872772,10
137154,0.8847635686397552,10
137155,0.6297364652156829,10
137156,0.49855839610099795,10
137168,0.2282700604862637,9
137173,0.4808829963207245,10
137179,0.7638738691806793,10
137201,0.4290742874145508,10
137237,0.5843744575977325,10
137238,0.5981377482414245,10
137244,0.6644643366336822,10
137269,0.7677552342414856,10
137290,0.7676097750663757,10
137297,0.6020372629165649,10
137328,0.7347460329532624,10
137330,0.7033235251903533,10
137331,0.7515357658267021,8
137332,0.7036055207252503,10
137336,0.3041744351387024,10
137348,0.3973223388195038,10
137354,0.7449215203523636,8
137397,0.7024919211864471,10
137404,0.5023224174976348,10
137406,0.8835681259632111,10
137408,0.5138583958148957,10
137423,0.5103872954845429,10
137480,0.9764494717121124,10
137498,0.6403165757656097,10
137500,0.8791058301925659,10
137550,0.4221575975418091,10
137596,0.6054072141647339,5
137626,0.6450369596481323,10
137637,0.7333789706230164,10
137649,0.4189656138420105,10
137651,0.45353931188583374,10
137669,0.4023783624172211,10
137685,0.457650762796402,10
137744,0.5635185718536377,10
137776,0.5617434203624725,10
137780,0.34804318348566693,6
137789,0.4488871514797211,10
137811,0.2982610523700714,10
137841,0.8613369464874268,10
137872,0.6773028492927551,10
137900,0.48674558401107787,10
137909,0.6070523738861084,10
137910,0.32424603700637816,5
137912,0.8222778737545013,10
137931,0.787631630897522,10
137933,0.7225070595741272,10
137958,0.6034275889396667,10
137968,0.6039044916629791,10
137969,0.49290924072265624,10
137988,0.7594884157180786,10
138015,0.42504922832761494,7
138016,0.6947616398334503,10
138026,0.5076510190963746,10
138064,0.38130384087562563,10
138091,0.39996008276939393,10
138104,0.40590915083885193,10
138105,0.5927284717559814,10
138127,0.5981570065021515,10
138161,0.6498057126998902,10
138166,0.5157243371009826,10
138195,0.30260100960731506,10
138201,0.3730947971343994,10
138204,0.5106356263160705,10
138206,0.5858200788497925,9
138233,0.5203620672225953,10
138311,0.3060609698295593,10
138317,0.39339315295219424,10
138338,0.8398658275604248,10
138431,0.3104063093662262,10
138470,0.2998735666275024,10
138484,0.6560195207595825,10
138589,0.5971140444278717,10
138614,0.8000032067298889,10
138616,0.5788035035133362,10
138649,0.5786887526512146,10
138670,0.8011779529707772,7
138682,0.6936126828193665,10
138704,0.640171331167221,10
138728,0.2808986365795135,10
138729,0.6626553058624267,10
138746,0.6712799847126008,10
138748,0.7811349272727967,10
138788,0.7012966215610504,10
138799,0.5527644455432892,10
138869,0.4109769582748413,10
138945,0.7909194767475128,10
138963,0.7629542827606202,10
138966,0.4753597378730774,10
138973,0.6972417294979095,10
139026,0.6488922105895149,9
139030,0.6988141357898712,10
139032,0.5989719510078431,10
139033,0.5640934824943542,10
139042,0.5564756989479065,10
139131,0.8952410519123077,10
139137,0.45526631474494933,10
139147,0.5081044554710388,10
139177,0.5827388316392899,8
139236,0.8767788231372833,10
139245,0.2877453088760376,10
139326,0.7642970144748688,10
139374,0.4974407156308492,6
139388,0.20410487055778503,10
139390,0.6259387612342835,10
139401,0.3252107083797455,10
139433,0.3341608107089996,10
139443,0.7916468679904938,10
139471,0.6679788827896118,10
139508,0.7024724841117859,10
139562,0.6176569402217865,10
139572,0.5782701432704925,10
139607,0.4139261841773987,5
139627,0.41982879638671877,10
139629,0.7124823749065399,10
139660,0.5055474519729615,10
139690,0.40850709080696107,10
139747,0.7932089030742645,10
139769,0.3050748288631439,10
139771,0.6569248318672181,10
139779,0.4817661106586456,10
139780,0.7087914858545575,7
139807,0.4687776267528534,10
139842,0.5790660636765617,7
139894,0.30305548310279845,10
139897,0.40231648087501526,10
139898,0.8123514533042908,10
139899,0.6832785487174988,10
139952,0.7188156485557556,10
139963,0.5267605125904083,10
139975,0.2683982700109482,8
139976,0.8005679726600647,10
139992,0.3758901238441467,10
140100,0.6879485547542572,10
140101,0.5944326817989349,10
140125,0.6412690639495849,10
140153,0.35249851431165424,7
140163,0.6127469897270202,10
140172,0.6083464741706848,10
140179,0.3966278314590454,10
140236,0.5745685696601868,10
140244,0.8844995319843292,10
140271,0.5561457276344299,10
140279,0.5449485659599305,10
140314,0.6684396922588348,10
140317,0.4910614490509033,10
140343,0.5936725676059723,10
140386,0.5502016246318817,10
140457,0.4482958197593689,10
140468,0.7975396871566772,10
140519,0.30497445464134215,10
140524,0.4904103696346283,10
140535,0.7249002277851104,10
140594,0.8676564455032348,10
140600,0.5048626005649567,10
140603,0.8696621716022491,10
140612,0.44654651284217833,10
140613,0.003217440843582153,10
140620,0.487799334526062,10
140626,0.30944767594337463,10
140638,0.5835782885551453,10
140675,0.7992174625396729,10
140682,0.6026176512241364,10
140693,0.8720913290977478,10
140702,0.2339467763900757,10
140717,0.32230749130249026,10
140729,0.2571624943188259,7
140743,0.7745507955551147,10
140779,0.6388937890529632,10
140795,0.39917230010032656,10
140796,0.5059624969959259,10
140829,0.5245339810848236,10
140830,0.5798125743865967,10
140840,0.34996566772460935,10
140857,0.29761295914649966,10
140859,0.7433001465267606,9
140861,0.8552042126655579,10
140863,0.6526563405990601,10
140865,0.6160626649856568,10
140933,0.4921249568462372,10
140934,0.7712665259838104,10
140939,0.5493366956710816,10
140940,0.3835631549358368,10
140951,0.11425859332084656,10
140960,0.7126269221305848,10
140961,0.6356744945049286,10
140986,0.2565079397625393,9
140988,0.3985442161560059,10
140995,0.44520803540945053,8
140997,0.6615232527256012,10
141019,0.1737028956413269,10
141035,0.5254267990589142,10
141042,0.32982183354241507,7
141059,0.47301294803619387,10
141067,0.9073496043682099,10
141087,0.5955131411552429,10
141089,0.7352164685726166,10
141090,0.6168443977832794,10
141102,0.6964954197406769,10
141107,0.34829503297805786,3
141249,0.6600963605774773,9
141250,0.7262939572334289,5
141337,0.5163512825965881,10
141418,0.4112140953540802,10
141419,0.7711486577987671,10
141423,0.812244987487793,10
141428,0.6847128808498383,10
141430,0.48451357483863833,10
141437,0.4975732207298279,10
141467,0.6774907886981965,10
141517,0.769117558002472,10
141544,0.3509719769159953,6
141569,0.5649424910545349,10
141572,0.4757417976856232,10
141594,0.7472302243113518,8
141636,0.40386599898338316,10
141653,0.4748747110366821,10
141679,0.7992764770984649,10
141681,0.5981687009334564,10
141725,0.3109162628650665,10
141734,0.6690622687339782,10
141735,0.5443765938282012,10
141736,0.5416259407997132,10
141791,0.7154462516307831,10
141825,0.7081593573093414,10
141829,0.4992546379566193,10
141896,0.5360985934734345,10
141920,0.5180546194314957,8
141932,0.6571963250637054,10
141980,0.7710369467735291,10
141991,0.7496598760286967,6
141997,0.3941940784454346,10
142043,0.7921082675457001,10
142063,0.689243620634079,10
142079,0.5111432135105133,10
142084,0.9923809707164765,10
142085,0.5057626903057099,10
142121,0.416126424074173,10
142124,0.6752483427524567,10
142158,0.5825827777385711,10
142194,0.5574439167976379,5
142197,0.5423523545265198,10
142205,0.5734685003757477,10
142219,0.800234591960907,10
142239,0.8026257693767548,10
142262,0.603255420923233,10
142265,0.8100617825984955,10
142267,0.6939102292060852,10
142271,0.7330116629600525,10
142277,0.6703381538391113,6
142296,0.7957198798656464,10
142303,0.10113617777824402,10
142325,0.7094578444957733,10
142326,0.7938299417495728,10
142333,0.41651755571365356,10
142334,0.4210593283176422,10
142364,0.23095957040786744,10
142379,0.6518996298313141,10
142401,0.7287451565265656,10
142402,0.5036150097846985,10
142417,0.6645682573318481,10
142432,0.5046973526477814,10
142451,0.53571315407753,10
142503,0.42324615120887754,10
142517,0.805100679397583,10
142551,0.8447674810886383,10
142555,0.6181268334388733,10
142556,0.6127888202667237,10
142557,0.6511951863765717,10
142558,0.5159850180149078,10
142584,0.4029132068157196,10
142615,0.28982489109039306,10
142638,0.5500235438346863,10
142645,0.7435725688934326,10
142653,0.8739142656326294,10
142687,0.43232959508895874,10
142691,0.5980436503887177,10
142829,0.803329610824585,10
142830,0.5422311365604401,10
142852,0.551739239692688,10
142854,0.7971017956733704,10
142859,0.412350058555603,5
142889,0.7128443598747254,10
142903,0.33148338198661803,10
142924,0.3592755675315857,10
142961,0.5924315333366394,10
142963,0.7850275874137879,10
142980,0.7844625890254975,10
142981,0.8129658818244934,10
142988,0.7120543360710144,10
142992,0.7802902698516846,10
142996,0.699114865064621,10
143023,0.6854169547557831,10
143048,0.4839817702770233,10
143070,0.5888865232467652,10
143073,0.5410667657852173,10
143075,0.6999570608139039,10
143085,0.3458544731140137,10
143096,0.8259111821651459,10
143131,0.39353346824645996,10
143157,0.7290791213512421,10
143175,0.4208402693271637,10
143176,0.5922223329544067,10
143185,0.5048042118549347,10
143195,0.5128011345863343,10
143200,0.32948507070541383,10
143238,0.6532910406589508,10
143250,0.6806766331195832,10
143255,0.689389681816101,10
143323,0.5279275596141815,10
143401,0.36830657720565796,10
143403,0.9538993040720621,3
143404,0.8755193173885345,10
143405,0.7969570815563202,10
143416,0.5698868155479431,10
143484,0.4340161204338074,10
143487,0.6270627379417419,10
143508,0.6191202044487,10
143509,0.6177490293979645,10
143515,0.7246315777301788,10
143519,0.7972635805606842,10
143520,0.5165721595287323,10
143588,0.7879827618598938,10
143657,0.6907601177692413,10
143666,0.671702790260315,5
143674,0.6730360686779022,10
143680,0.7974895417690278,10
143693,0.9940383315086365,10
143701,0.5414943158626556,10
143703,0.7878875136375427,10
143741,0.5028938829898835,10
143745,0.4770647168159485,10
143780,0.7985327541828156,10
143782,0.5467287957668304,10
143839,0.5970810174942016,10
143841,0.702481597661972,10
143843,0.6303854584693909,10
143869,0.28996253609657285,10
143882,0.42629525661468504,10
143884,0.6625824391841888,10
143981,0.7895304799079895,10
143986,0.6322860240936279,10
143994,0.5801761388778687,10
144036,0.6667586028575897,10
144041,0.7018948435783386,10
144066,0.6522412538528443,10
144110,0.29814507365226744,10
144150,0.7037429869174957,10
144189,0.646511685848236,10
144223,0.7898737967014313,10
144228,0.7745422482490539,10
144236,0.3883555352687836,10
144239,0.5201246976852417,10
144253,0.5683896660804748,10
144270,0.5109287381172181,10
144290,0.6047478079795837,10
144310,0.42646008133888247,10
144325,0.6099292278289795,10
144337,0.7080054640769958,10
144344,0.7460950672626495,10
144346,0.5112028241157531,10
144374,0.5308432479699453,6
144382,0.6611652791500091,10
144383,0.7868973970413208,10
144388,0.5024809241294861,10
144412,0.6273265149858263,9
144413,0.7986384510993958,5
144415,0.5998337805271149,10
144416,0.33227433562278746,10
144417,0.433488792181015,10
144460,0.5991358101367951,10
144468,0.5262490093708039,10
144479,0.34590559005737304,10
144486,0.6050311207771302,5
144492,0.2715237379074097,10
144499,0.749038177728653,10
144506,0.6427760601043702,10
144525,0.40970597267150877,10
144526,0.5995691597461701,10
144529,0.5953035235404969,10
144553,0.46000937223434446,10
144557,0.5921379387378692,10
144566,0.6184809982776642,10
144567,0.6351415812969208,10
144568,0.7070841729640961,10
144574,0.8833683729171753,10
144579,0.5361072659492493,10
144587,0.44859321117401124,10
144592,0.6944187104701995,10
144607,0.7351421058177948,10
144631,0.31366376876831054,10
144632,0.38913482427597046,10
144709,0.5977044880390168,10
144728,0.6503543972969055,10
144733,0.6242947518825531,10
144734,0.6626860857009887,10
144735,0.37867374420166017,10
144743,0.6881210088729859,10
144761,0.26203752756118776,10
144789,0.7620447933673858,10
144790,0.5659490048885345,10
144797,0.5721296787261962,10
144826,0.6942079961299896,10
144864,0.8733313739299774,10
144865,0.6092102646827697,10
144955,0.5888632237911224,10
144957,0.8828296780586242,10
144958,0.4894345819950104,10
144988,0.7377028942108155,10
144993,0.6745964884757996,10
145012,0.5075740456581116,10
145014,0.7474163889884948,10
145027,0.5287400186061859,10
145042,0.7012222230434417,10
145068,0.5363198007856097,7
145086,0.4158227562904358,10
145103,0.460873955488205,10
145106,0.1149389088153839,10
145186,0.36131353974342345,10
145189,0.6004513442516327,10
145203,0.4800638258457184,10
145205,0.5146372556686402,10
145209,0.14307361245155334,10
145219,0.04029686450958252,10
145259,0.2057896375656128,10
145274,0.5708172738552093,10
145275,0.32323939353227615,8
145304,0.5997221291065216,10
145308,0.31399714946746826,10
145344,0.48229719400405885,10
145371,0.9061967968940735,10
145381,0.15053595304489137,10
145390,0.7945148587226868,10
145393,0.5607422292232513,10
145401,0.26745285987854006,10
145424,0.6381795287132264,10
145470,0.4435427665710449,10
145475,0.7012009143829345,10
145478,0.6212353587150574,10
145492,0.5420175535338265,7
145493,0.37060956954956054,10
145496,0.5164857864379883,10
145501,0.19865338802337645,10
145553,0.4769509434700012,10
145578,0.6579626321792602,10
145586,0.9836060166358948,5
145587,0.4969555914402008,10
145588,0.6429350793361663,10
145599,0.5432526350021363,10
145601,0.6397030115127563,10
145609,0.7567748129367828,10
145621,0.869436776638031,10
145632,0.500387328863144,10
145633,0.7082403063774109,10
145639,0.6094010949134827,10
145642,0.6332536935806274,10
145645,0.8061365127563477,10
145649,0.40461836755275726,8
145653,0.3518108129501343,10
145654,0.383965927362442,10
145659,0.6370635509490967,10
145675,0.4126232504844666,10
145722,0.7327975571155548,10
145764,0.11814685662587483,9
145765,0.49874431639909744,8
145766,0.5300069570541381,10
145793,0.48622167855501175,8
145842,0.9211922347545624,10
145872,0.3530242953981672,7
145888,0.6279508233070373,10
145897,0.59875528216362,10
145911,0.3197280665238698,6
145915,0.7516375124454499,10
145928,0.6245886743068695,10
145943,0.020932000875473023,10
145963,0.3003576993942261,7
145975,0.6948745965957641,10
145976,0.6134911775588989,10
146014,0.3286878863970439,6
146021,0.4969586908817291,10
146034,0.37807029485702515,10
146035,0.8007205486297607,10
146094,0.30357523560523986,10
146104,0.5253231823444366,10
146130,0.5628531277179718,10
146144,0.8073083877563476,10
146146,0.21511297225952147,10
146149,0.6306413292884827,10
146151,0.2254070222377777,10
146152,0.7069514334201813,10
146157,0.48081405460834503,4
146158,0.7211425185203553,10
146161,0.6929409086704255,10
146188,0.4056073188781738,10
146197,0.5637667715549469,10
146204,0.533122718334198,10
146207,0.7128064930438995,10
146221,0.702081847190857,10
146226,0.47337898015975954,10
146228,0.5830678880214691,10
146245,0.7698288559913635,10
146247,0.567836344242096,8
146253,0.20943652391433715,10
146259,0.3423816740512848,10
146262,0.624351167678833,5
146275,0.4019997179508209,10
146278,0.49525884389877317,10
146290,0.3717248022556305,10
146299,0.09926058351993561,4
146309,0.5732421278953552,7
146312,0.7980383634567261,10
146384,0.5068857908248902,10
146387,0.6810829281806946,10
146388,0.27103806138038633,10
146408,0.4093130350112915,10
146418,0.6965604960918427,10
146439,0.6041392028331757,10
146451,0.6062551498413086,10
146496,0.32309468388557433,10
146508,0.7080014109611511,10
146548,0.310979962348938,10
146559,0.5588788032531739,10
146579,0.8273984253406524,10
146596,0.43795639276504517,10
146597,0.6752642273902894,10
146652,0.6166542887687683,10
146707,0.6011421382427216,10
146725,0.3011695802211761,10
146728,0.8933926820755005,10
146735,0.7683967411518097,10
146746,0.7768466532230377,10
146747,0.31320708990097046,5
146762,0.7922426879405975,10
146765,0.7069964170455932,10
146784,0.42748425602912904,10
146791,0.7414361298084259,10
146816,0.7029274582862854,10
146818,0.8016144335269928,10
146841,0.5402065515518188,8
146864,0.7831493020057678,10
146880,0.5096691012382507,10
146886,0.4103504419326782,10
146910,0.49345824122428894,10
146922,0.8890172004699707,10
146937,0.9849995255470276,10
146943,0.40628454089164734,10
146963,0.7511833965778351,10
146997,0.5046447932720184,10
146999,0.5743358135223389,8
147009,0.9006497740745545,10
147020,0.7863944232463836,10
147021,0.7108410358428955,10
147030,0.7184515058994293,10
147039,0.6919592122236887,6
147104,0.8003525316715241,10
147112,0.7446279749274254,8
147116,0.7673711478710175,10
147136,0.5517529010772705,10
147144,0.8963647723197937,10
147145,0.7018731951713562,10
147149,0.5064476370811463,10
147151,0.8770466387271881,10
147168,0.27551843225955963,4
147171,0.6116238951683044,10
147194,0.3071445643901825,10
147206,0.7797865629196167,10
147240,0.5035734355449677,10
147241,0.6263194978237152,10
147251,0.41814422607421875,10
147253,0.5324043393135071,10
147299,0.6025603532791137,10
147303,0.4298469066619873,10
147305,0.4924504518508911,10
147352,0.4818599045276642,10
147363,0.576296353340149,10
147370,0.5030591487884521,10
147372,0.9721866250038147,10
147396,0.5190151274204254,10
147400,0.43681387305259706,10
147418,0.3303692870669895,9
147423,0.736211359500885,10
147427,0.5342815816402435,10
147431,0.7361848056316376,10
147445,0.30541033744812013,10
147451,0.7853503167629242,10
147465,0.7517946720123291,10
147472,0.5293181613087654,8
147474,0.6087384700775147,10
147505,0.5868833541870118,10
147523,0.3162850320339203,10
147537,0.900425386428833,10
147563,0.5636823111110263,9
147568,0.3872578561306,10
147581,0.2543199857076009,9
147590,0.6024783670902252,10
147614,0.5709713697433472,10
147623,0.48896738290786745,10
147624,0.6413187325000763,10
147635,0.8202644526958466,10
147673,0.6664628565311432,10
147681,0.4222786009311676,10
147685,0.6516026973724365,10
147707,0.6268908441066742,10
147716,0.701833438873291,10
147721,0.5434702038764954,10
147747,0.39848693609237673,10
147768,0.5057424008846283,10
147790,0.4056878387928009,10
147824,0.303809920946757,6
147852,0.5011744499206543,4
147883,0.7931469440460205,10
147884,0.6601218700408935,10
147887,0.9250300884246826,10
147889,0.5279627621173859,10
147892,0.3406993865966797,10
147915,0.6052639961242676,5
147919,0.8933548748493194,10
147920,0.30151411294937136,10
147930,0.7853814005851746,10
147931,0.20573191046714784,10
147949,0.725973379611969,10
147999,0.5588640093803405,10
148000,0.5541855454444885,10
148007,0.7526218056678772,10
148036,0.3601934015750885,10
148040,0.5938117384910584,10
148047,0.7219061076641082,10
148049,0.7293420314788819,10
148050,0.49951120018959044,10
148074,0.33065117597579957,10
148083,0.47619475722312926,10
148099,0.24186344146728517,10
148115,0.6033150136470795,10
148117,0.6317363083362579,10
148138,0.7060887098312378,10
148144,0.6281892418861389,10
148179,0.3576365649700165,10
148203,0.8441267251968384,10
148204,0.6027382194995881,10
148205,0.4173441886901855,10
148209,0.4058812201023102,10
148211,0.15424932539463043,8
148215,0.2711626410484314,10
148228,0.7777867376804352,10
148231,0.4332425773143768,10
148261,0.41959954500198365,10
148264,0.8269821763038635,10
148271,0.7891169488430023,10
148273,0.4906429549058278,6
148282,0.5993582725524902,10
148290,0.6202312409877777,10
148291,0.5819913268089294,10
148309,0.7972947478294372,10
148319,0.6911953151226043,10
148330,0.612417870759964,10
148356,0.9980085119605064,8
148375,0.6492468535900116,10
148381,0.803965973854065,10
148424,0.50630504488945,10
148430,0.5551081299781799,7
148434,0.6136889457702637,10
148442,0.27873559296131134,4
148443,0.6107778906822204,10
148471,0.3493883669376373,10
148494,0.10676934123039246,10
148507,0.3822362244129181,10
148517,0.2778771460056305,10
148522,0.3108776152133942,10
148528,0.5732171714305878,10
148531,0.3499351263046265,10
148532,0.857183963060379,10
148534,0.38813260197639465,6
148557,0.525656670331955,10
148575,0.5172231554985046,10
148581,0.5653460562229157,10
148586,0.3878304064273834,10
148592,0.5984413683414459,10
148601,0.8921484410762787,10
148628,0.5215888261795044,10
148639,0.5814888119697571,10
148660,0.8995034039020539,10
148668,0.6477686047554017,10
148729,0.5513560473918915,10
148730,0.8318020403385162,10
148740,0.3155205249786377,10
148744,0.8196745812892914,10
148745,0.7012832939624787,10
148759,0.410721617937088,10
148764,0.6992093980312347,10
148767,0.7948079645633698,10
148814,0.71742901631764,7
148918,0.4358218179808723,9
148939,0.7634571969509125,10
148940,0.7463365316390991,10
148943,0.3138964772224426,10
148949,0.4788387417793274,10
148951,0.5972208440303802,10
148973,0.64533664782842,9
148975,0.653353238105774,10
149035,0.7111987590789794,10
149051,0.5105769157409668,10
149069,0.40167565941810607,10
149078,0.47652559280395507,10
149097,0.8655267357826233,10
149112,0.4234785377979279,10
149119,0.664531284570694,10
149129,0.533635812997818,10
149130,0.5999752402305603,10
149155,0.6947727978229523,10
149156,0.34169894456863403,10
149169,0.5757217347621918,10
149241,0.6595415651798249,10
149286,0.7329143285751343,10
149296,0.23570209741592407,10
149322,0.4546181261539459,10
149323,0.8975107252597809,10
149324,0.6732488155364991,10
149328,0.5959022641181946,10
149332,0.5344293236732482,10
149361,0.8674072921276093,10
149459,0.4453670859336853,10
149611,0.6964293241500854,10
149618,0.7587227106094361,10
149620,0.5187105357646942,10
149621,0.33226596713066103,10
149639,0.6469267845153809,10
149705,0.9970561981201171,10
149746,0.6626833558082581,10
149776,0.5862431585788727,10
149787,0.5055468797683715,10
149793,0.5218012928962708,10
149794,0.5576832473278046,10
149809,0.7498177230358124,10
149814,0.4583300232887268,10
149853,0.47951904535293577,10
149863,0.543965882062912,10
149869,0.6081860959529877,10
149885,0.5610414326190949,10
149896,0.4406062662601471,10
149910,0.5204760730266571,10
149927,0.46400057673454287,10
149951,0.4274345338344574,10
149970,0.29139683246612547,10
150005,0.7390780508518219,10
150010,0.5262706875801086,10
150012,0.7989060521125794,10
150013,0.6211650133132934,10
150014,0.5079269945621491,10
150016,0.7106755077838898,10
150018,0.33338916301727295,5
150033,0.6424110233783722,6
150049,0.788196450471878,10
150061,0.7095100453921727,7
150138,0.6412250518798828,10
150143,0.35368359751171535,9
150145,0.748587042093277,10
150146,0.782847785949707,10
150162,0.5946406424045563,10
150197,0.6261540532112122,10
150216,0.6193733811378479,10
150220,0.6486065238714218,8
150276,0.6660153865814209,6
150293,0.7955597519874573,10
150294,0.7543438851833344,10
150298,0.6949415504932404,10
150312,0.6978962898254395,10
150323,0.49386191964149473,10
150364,0.76302370429039,10
150376,0.6120117008686066,10
150422,0.6995597541332245,10
150424,0.8961511850357056,10
150484,0.6992622256278992,10
150485,0.7613654673099518,10
150530,0.6071067214012146,5
150533,0.6227227568626403,10
150539,0.6060074985027313,10
150580,0.343681138753891,10
150599,0.7088624119758606,10
150605,0.6022830486297608,10
150615,0.3767194032669067,10
150623,0.8256516456604004,10
150658,0.7579552292823791,10
150659,0.40113441944122313,10
150690,0.24742258191108704,10
150691,0.08125611146291097,3
150761,0.5895378649234772,10
150783,0.6573616743087769,10
150797,0.7716196179389954,10
150811,0.7909047842025757,10
150827,0.5939273357391357,10
150831,0.756146901845932,10
150923,0.6872851073741912,10
150925,0.3994779229164124,10
150926,0.5072280466556549,10
150930,0.7175562858581543,10
150971,0.7561796247959137,10
150978,0.2232318639755249,10
150996,0.3203846335411072,10
150997,0.7438085854053498,10
150999,0.5268102765083313,10
151004,0.6070238530635834,10
151005,0.8183193604151408,6
151007,0.49748379588127134,10
151016,0.18574296236038207,10
151022,0.7058258473873138,10
151070,0.8385156790415446,6
151078,0.3927437663078308,10
151151,0.6545096814632416,10
151191,0.6329180896282196,10
151215,0.45319243520498276,8
151220,0.24895139932632446,5
151224,0.41963058710098267,10
151247,0.5525185465812683,10
151251,0.5301497995853424,10
151275,0.37504459023475645,10
151310,0.8929043054580689,10
151334,0.7394858971238136,8
151347,0.6363777399063111,10
151357,0.8655654966831208,10
151367,0.7996337115764618,10
151369,0.4085020780563354,10
151396,0.3474350214004517,10
151410,0.46750037670135497,10
151416,0.4096570432186127,10
151446,0.25280085802078245,10
151448,0.6997088193893433,10
151450,0.7771438241004944,10
151456,0.371204137802124,10
151467,0.11153609156608582,10
151468,0.5027218103408814,10
151530,0.5829128793307713,7
151603,0.40101752430200577,8
151640,0.5047070801258087,10
151645,0.6778101205825806,10
151683,0.6462350130081177,10
151684,0.44837863445281984,10
151771,0.8054106116294861,10
151801,0.35185225520815167,7
151835,0.5350184142589569,10
151847,0.4823031067848206,10
151887,0.5210820972919464,10
151892,0.6136717617511749,10
151936,0.5851574182510376,10
151947,0.42264721989631654,10
151952,0.30921260118484495,10
151972,0.42317440509796145,10
151981,0.361293351650238,10
151985,0.28043408393859864,5
152053,0.6035123407840729,10
152115,0.7626529812812806,10
152162,0.6282382905483246,10
152172,0.8984049797058106,10
152174,0.8205654621124268,10
152237,0.5767718493938446,10
152241,0.5725491046905518,10
152245,0.705199557542801,10
152247,0.33835962414741516,6
152286,0.5031359255313873,10
152345,0.5136989891529083,10
152359,0.13568362593650818,10
152470,0.6958667576313019,10
152471,0.5026878237724304,10
152488,0.2055467665195465,10
152510,0.7598259270191192,10
152567,0.6595479190349579,10
152615,0.4739809989929199,5
152621,0.37140607833862305,9
152724,0.38988441228866577,5
152757,0.7979106545448303,10
152758,0.37933583855628966,10
152761,0.8882911562919616,10
152765,0.5815060377120972,10
152767,0.8157694101333618,10
152822,0.7999515011906624,8
152824,0.4852721691131592,8
152846,0.654013866186142,10
152847,0.687192040681839,10
152848,0.7480209112167359,10
152851,0.6212769210338592,10
152867,0.5550418853759765,10
152899,0.6583664894104004,10
152902,0.5963885903358459,10
152952,0.8521239936351777,10
152955,0.53189976811409,10
152985,0.9752421577771505,3
153002,0.5669199049472808,10
153004,0.5389900624752044,10
153016,0.6980061411857605,10
153038,0.5306463071278164,7
153056,0.6084413290023803,10
153064,0.4767898440361023,10
153065,0.6901279747486114,10
153077,0.6824526488780975,10
153097,0.407799619436264,10
153103,0.4307680010795593,10
153107,0.6596974670886994,10
153113,0.7974350333213807,10
153116,0.505933403968811,10
153120,0.49968438148498534,10
153168,0.5145010352134705,10
153213,0.6998326897621154,10
153225,0.6230430841445923,10
153238,0.6112032651901245,10
153292,0.5488346457481384,10
153318,0.7431396543979645,10
153319,0.7451696813106536,10
153368,0.903410655260086,10
153372,0.6200927376747132,5
153380,0.7253905236721039,8
153388,0.8833170473575592,10
153422,0.4603645920753479,10
153425,0.4058888375759125,10
153432,0.4294883097921099,7
153470,0.6685572683811187,10
153479,0.7249768316745758,10
153480,0.5726993978023529,10
153481,0.7082585334777832,10
153484,0.777669886747996,9
153486,0.7988662660121918,10
153496,0.048629562060038246,3
153497,0.7080796837806702,10
153498,0.40596469640731814,10
153501,0.48738862077395123,6
153507,0.7858387589454651,10
153509,0.4997375011444092,10
153510,0.7873688399791717,10
153516,0.7875013450781504,6
153623,0.8149718523025513,10
153624,0.44765834013621014,9
153625,0.5988831877708435,10
153639,0.7709056735038757,10
153709,0.7829875230789185,10
153710,0.8820569217205048,10
153723,0.601348739862442,10
153724,0.23970216512680054,10
153728,0.7934279024600983,10
153737,0.5768784046173095,10
153745,0.48908673524856566,10
153757,0.5996345818042755,10
153780,0.24085720777511596,10
153802,0.6462562829256058,8
153807,0.6548981155667987,7
153811,0.7578444719314575,10
153815,0.6856607735157013,10
153820,0.8636241912841797,5
153830,0.4359173849225044,8
153839,0.3577352285385132,10
153870,0.5130442380905151,10
153905,0.6697103023529053,10
153916,0.5084464251995087,10
153938,0.6188007473945618,10
153939,0.41609408855438235,10
153980,0.6503007113933563,10
153987,0.4727355937163035,6
153991,0.602963101863861,10
153999,0.6215974867343903,10
154003,0.7001259803771973,10
154008,0.40375128388404846,10
154009,0.40630885362625124,10
154022,0.3792375698685646,8
154085,0.6515343010425567,10
154086,0.38843905329704287,10
154098,0.615123736858368,10
154125,0.7996752679347991,10
154173,0.8240186929702759,10
154174,0.1273210048675537,10
154180,0.7691675245761871,10
154182,0.6916933000087738,10
154203,0.7855875015258789,10
154243,0.6670212745666504,3
154244,0.5119377136230469,10
154246,0.7050237774848938,10
154259,0.6210720002651214,10
154274,0.5795993672476875,9
154281,0.7946223676204681,10
154298,0.3187155485153198,10
154301,0.4353118300437927,10
154307,0.8274974326292673,6
154327,0.5127852380275726,10
154343,0.6023513674736023,10
154386,0.7018979489803314,10
154394,0.8980403065681457,10
154428,0.984338390827179,10
154443,0.1709380030632019,10
154458,0.7078967273235321,10
154472,0.49839314818382263,10
154476,0.5971320807933808,10
154477,0.3953425526618958,10
154479,0.7928535282611847,10
154482,0.43007275462150574,8
154498,0.5852426826953888,10
154499,0.432659512758255,10
154509,0.7561716139316559,10
154510,0.587640517950058,10
154515,0.648239815235138,10
154519,0.7012295961380005,10
154526,0.8515176653862,10
154553,0.5373347043991089,10
154560,0.4160940945148468,10
154585,0.35252829392751056,3
154600,0.7710127234458923,10
154602,0.2915212869644165,10
154633,0.628121280670166,10
154634,0.6770411431789398,10
154642,0.37942091226577757,10
154645,0.7988835096359252,10
154674,0.6028112709522248,10
154677,0.7065587759017944,10
154681,0.5982020139694214,10
154682,0.5973732113838196,10
154721,0.7091853278023856,7
154728,0.5820267572999,8
154742,0.8537170767784119,10
154753,0.03165530562400818,10
154778,0.41114082336425783,10
154804,0.6520376741886139,10
154809,0.5404308497905731,10
154811,0.520675528049469,10
154825,0.4199210345745087,10
154857,0.5103009283542633,10
154875,0.42618191838264463,10
154878,0.4219388723373413,10
154880,0.5403990685939789,10
154889,0.600309407711029,10
154890,0.6136476159095764,10
154892,0.7605676412582397,10
154895,0.6007856130599976,10
154901,0.333376008272171,10
154902,0.526639986038208,10
154904,0.6018455684185028,10
154905,0.7092845022678376,10
154906,0.74927516579628,10
154910,0.8989288806915283,10
154931,0.5941948413848877,10
154939,0.2013877511024475,10
154982,0.2851962745189667,10
155020,0.6700673043727875,10
155023,0.7875556826591492,10
155025,0.4545818030834198,10
155042,0.6857452511787414,10
155065,0.5075996041297912,10
155068,0.7734910547733307,10
155081,0.43959258794784545,10
155113,0.5840360403060914,10
155119,0.42148435711860655,10
155122,0.6092381000518798,10
155157,0.22225093245506286,10
155173,0.6579302310943603,10
155203,0.9043610215187072,5
155208,0.3995601058006287,10
155245,0.44781256318092344,10
155250,0.10950070023536682,10
155255,0.7285232663154602,10
155258,0.6911327064037323,10
155314,0.80879225730896,10
155315,0.6236582040786743,10
155322,0.7035509586334229,10
155327,0.2874018669128418,10
155362,0.7490159749984742,10
155406,0.8312217990557352,6
155411,0.699723869562149,10
155412,0.6023976087570191,10
155414,0.9086493849754333,10
155426,0.649681282043457,10
155440,0.9560188710689544,10
155451,0.5997886061668396,10
155460,0.6851326406002045,10
155463,0.3021892011165619,10
155464,0.4033448755741119,10
155465,0.3715355575084686,10
155484,0.5039524734020233,10
155494,0.274566513299942,10
155495,0.7485920906066894,10
155496,0.7040755808353424,10
155577,0.7793604373931885,5
155582,0.09520857334136963,10
155624,0.504997169971466,10
155633,0.43021740317344664,10
155636,0.48533536195755006,10
155689,0.47148686051368716,10
155693,0.3117287397384644,10
155695,0.6508839726448059,10
155700,0.529424387216568,10
155702,0.40364896655082705,10
155703,0.6250813722610473,10
155708,0.2696881353855133,10
155745,0.7499402910470963,4
155802,0.6443825900554657,10
155821,0.5334421396255493,10
155822,0.46420788764953613,10
155827,0.4422877848148346,10
155836,0.9030110776424408,10
155873,0.3578585207462311,10
155877,0.6831130385398865,10
155912,0.9942480176687241,4
155943,0.6014902710914611,10
155969,0.5212281107902527,10
155987,0.690259051322937,10
155994,0.6030337154865265,10
156007,0.6980210840702057,10
156009,0.8010077774524689,10
156015,0.5754846164158413,7
156023,0.31547400951385496,10
156061,0.6077956259250641,10
156062,0.5748799741268158,10
156077,0.505050265789032,10
156091,0.5831079542636871,10
156097,0.6996314465999603,10
156101,0.7610527157783509,10
156108,0.6805964112281799,10
156113,0.8120328452852037,9
156118,0.6993059039115905,10
156129,0.5859704494476319,10
156138,0.5521957099437713,10
156175,0.8758803606033325,10
156180,0.7067176759243011,10
156224,0.502396148443222,10
156266,0.4661697566509247,10
156336,0.7788394868373871,10
156350,0.4036909341812134,10
156358,0.6042547643184661,10
156372,0.7072900831699371,10
156373,0.8424883961677552,10
156406,0.3045114477475484,3
156420,0.6536754548549653,10
156430,0.4995346665382385,6
156442,0.46521652340888975,10
156443,0.2964562952518463,10
156453,0.6501318395137787,10
156457,0.5084825932979584,10
156458,0.6243267834186554,10
156461,0.2062986671924591,10
156474,0.5530327260494232,10
156482,0.6716360092163086,10
156496,0.5476673245429993,10
156501,0.6072336852550506,10
156546,0.7003461718559265,10
156548,0.672109842300415,10
156557,0.27283852696418764,10
156566,0.688369196653366,10
156567,0.4486548966831631,9
156576,0.15181872248649597,10
156599,0.37076316475868226,10
156648,0.2145986497402191,10
156689,0.30529728531837463,10
156714,0.4567578434944153,10
156719,0.8166166365146637,10
156722,0.5190006613731384,10
156737,0.6027723908424377,10
156746,0.8263367190957069,8
156750,0.6998543202877044,10
156776,0.6273334801197052,10
156786,0.32474266886711123,10
156836,0.3086844623088837,10
156840,0.23283406496047973,10
156843,0.42531660199165344,10
156853,0.7777787327766419,10
156858,0.7983416557312012,10
156878,0.6930974543094635,10
156927,0.3993463575839996,10
156930,0.7872310996055603,5
156943,0.5012439131736756,10
156945,0.6823314428329468,10
156962,0.40966699123382566,5
156976,0.30772300362586974,10
157002,0.8630877494812011,10
157014,0.5619471609592438,10
157026,0.6034393727779388,10
157053,0.6005513966083527,10
157061,0.5013894935448965,6
157083,0.5877218067646026,10
157088,0.699118459224701,10
157096,0.43377640247344973,10
157135,0.6320064902305603,10
157291,0.6676233530044555,10
157294,0.4149377107620239,5
157322,0.3950048744678497,10
157323,0.43230193853378296,10
157352,0.4214527979493141,8
157354,0.7968203008174897,10
157364,0.621591854095459,10
157395,0.6202327683568001,8
157403,0.759375661611557,10
157406,0.8486933052539826,10
157413,0.5116980254650116,10
157449,0.802402913570404,10
157451,0.8675347089767456,10
157452,0.5984485030174256,10
157487,0.6144981443881988,10
157521,0.4006971478462219,10
157526,0.681432980298996,10
157528,0.5879227459430695,10
157581,0.2968958483801948,9
157586,0.4002444803714752,10
157593,0.45527029037475586,8
157653,0.39233449697494505,10
157673,0.3778944075107574,10
157675,0.6470985611279806,3
157696,0.4724892046716478,9
157779,0.6006144642829895,10
157789,0.37009695172309875,10
157809,0.511227810382843,10
157815,0.4766356945037842,10
157838,0.5345293641090393,10
157912,0.6879177331924439,10
157917,0.619606900215149,10
157942,0.40757722514016287,7
157958,0.5730235934257507,10
157969,0.7631014287471771,10
157973,0.6805101454257965,10
157979,0.6864510476589203,10
157995,0.7331155240535736,10
158053,0.18409275015195212,6
158059,0.8882223963737488,10
158093,0.6024019837379455,10
158098,0.5628040969371796,10
158100,0.35257336497306824,10
158109,0.321154910326004,10
158122,0.6161721587181092,10
158130,0.7373343586921692,10
158163,0.44108607769012453,5
158168,0.6509942948818207,10
158198,0.5082826972007751,10
158232,0.6166684925556183,10
158236,0.3698071539402008,10
158237,0.7551347732543945,10
158243,0.20579271912574768,10
158256,0.6736474394798279,10
158267,0.8738508939743042,10
158268,0.46573740243911743,10
158275,0.9669189989566803,10
158316,0.4394148051738739,10
158339,0.6806947648525238,10
158340,0.7003451704978942,10
158341,0.7064469116074699,7
158343,0.9862086176872253,5
158356,0.479694002866745,10
158392,0.39721115827560427,10
158435,0.7526187062263489,10
158445,0.6179081082344056,10
158487,0.5931411027908325,10
158492,0.7000665962696075,10
158495,0.33445699214935304,10
158534,0.691636598110199,10
158535,0.40790640115737914,10
158544,0.536675214767456,10
158548,0.5899861872196197,10
158564,0.7812011659145355,10
158572,0.8856529295444489,10
158586,0.7038263857364655,10
158589,0.580765962600708,10
158600,0.8941012859344483,10
158604,0.6010422825813293,10
158742,0.598589050769806,10
158747,0.5723798632621765,10
158751,0.2757095545530319,4
158753,0.7672348856925965,10
158760,0.8721945658326149,8
158771,0.6070066273212433,10
158774,0.5923708498477935,10
158791,0.4193925976753235,10
158793,0.7749860405921936,10
158812,0.7010525286197662,10
158815,0.6930864751338959,10
158816,0.89919473528862,10
158818,0.20638163884480795,6
158837,0.48488726019859313,10
158851,0.8506988763809205,10
158861,0.585384726524353,10
158876,0.7118285655975342,10
158882,0.6707326948642731,10
158883,0.807882297039032,10
158886,0.7146677136421203,10
158888,0.7809773087501526,10
158889,0.7213215589523315,10
158891,0.5034935116767884,10
158895,0.35389227867126466,10
158899,0.7041534900665283,10
158900,0.3581655979156494,10
158915,0.6130583643913269,10
158916,0.619747108221054,10
158917,0.6437379121780396,10
158918,0.5946144938468934,10
158947,0.320764946937561,10
158967,0.5616498589515686,10
158968,0.6315341413021087,10
158970,0.3109953701496124,10
158971,0.47698522806167604,10
158973,0.49703915119171144,10
158978,0.6120727717876434,10
158982,0.5952214777469635,10
158991,0.5098208487033844,10
159003,0.391888427734375,10
159011,0.48160812854766843,10
159041,0.9303777396678925,10
159044,0.699986857175827,10
159059,0.40984212756156924,10
159084,0.585700523853302,10
159087,0.2785720586776733,10
159109,0.6199080288410187,10
159141,0.3071276187896729,10
159143,0.5482915103435516,10
159160,0.9158604145050049,10
159209,0.6973486363887786,10
159227,0.9444073021411896,10
159333,0.7010585367679596,10
159355,0.69155233502388,10
159375,0.8574221909046174,10
159384,0.43370283395051956,8
159405,0.5992578506469727,10
159406,0.6173828423023224,10
159410,0.7020744383335114,10
159437,0.3358565304014418,9
159446,0.6392637372016907,10
159452,0.40492950677871703,10
159455,0.5371932917171054,9
159469,0.7140659332275391,10
159470,0.7586130917072296,10
159473,0.698095852136612,10
159492,0.4422327220439911,10
159501,0.7881185472011566,10
159502,0.6128503501415252,10
159503,0.5241056084632874,10
159504,0.6314480304718018,10
159507,0.2629914999008179,10
159508,0.6907107532024384,10
159515,0.5956353545188904,10
159525,0.7398261964321137,10
159536,0.6836451947689056,10
159566,0.8532218754291534,10
159570,0.6701566444502937,9
159573,0.6419842720031739,10
159575,0.7696361362934112,10
159581,0.6948972582817078,10
159632,0.5060283005237579,10
159633,0.4253745198249817,10
159675,0.6221413552761078,10
159685,0.46902021765708923,10
159692,0.5140006244182587,10
159774,0.5735564913068499,7
159858,0.2538170963525772,4
159865,0.6899985253810883,10
159868,0.8225927531719208,10
159877,0.7848814785480499,10
159910,0.6062045097351074,10
160010,0.7846333622932434,10
160012,0.9994335234165191,10
160018,0.5837312459945678,10
160044,0.3124717712402344,10
160067,0.620383208990097,10
160081,0.3329258501529694,10
160125,0.667437618970871,10
160234,0.6940141916275024,10
160273,0.22879670858383178,5
160353,0.8982348501682281,10
160396,0.3869719266891479,10
160406,0.5605982720851899,10
160409,0.5970665216445923,10
160413,0.20343379378318788,10
160418,0.8834492146968842,10
160419,0.6699719846248626,10
160420,0.8418900668621063,6
160432,0.5029882729053498,10
160434,0.3293286204338074,10
160436,0.6811098992824555,10
160470,0.05912397503852844,10
160477,0.4202816724777222,10
160488,0.6178478956222534,10
160494,0.7555529534816742,10
160495,0.5075534343719482,10
160499,0.689405107498169,10
160517,0.7215321898460388,10
160524,0.8791568279266357,10
160537,0.8975491523742676,10
160541,0.3977027177810669,10
160545,0.8513989978366427,9
160550,0.5036837697029114,10
160559,0.7124650835990906,10
160560,0.7468576014041901,10
160561,0.5885187268257142,10
160567,0.6164580404758453,10
160592,0.5993624746799469,10
160601,0.5930528581142426,10
160606,0.500710380077362,10
160608,0.3053723037242889,10
160610,0.8071600079536438,10
160614,0.40510704517364504,10
160658,0.7833098948001862,10
160664,0.8777695178985596,10
160744,0.4295612335205078,10
160762,0.4123378276824951,10
160773,0.3826446235179901,10
160784,0.4753937602043152,10
160814,0.6537191510200501,10
160851,0.8226493299007416,10
160853,0.550263500213623,10
160868,0.7221445500850677,10
160871,0.6947483897209168,10
160902,0.7939844369888306,10
160903,0.6931553721427918,10
160908,0.7491219282150269,10
160950,0.8015215277671814,10
160958,0.7015704035758972,10
160964,0.5976801216602325,10
160968,0.4052861571311951,10
161063,0.5517345011234284,10
161108,0.7872881233692169,10
161109,0.42176553010940554,10
161126,0.4950813949108124,10
161138,0.658812141418457,10
161148,0.6223116338253021,10
161226,0.5019425392150879,10
161290,0.5966594338417053,10
161297,0.44926887154579165,10
161383,0.4161334753036499,10
161417,0.7119010269641877,10
161429,0.7243809700012207,10
161527,0.5595168590545654,10
161528,0.7378588169813156,4
161530,0.48701624274253846,10
161533,0.5045839130878449,10
161537,0.49923779964447024,10
161543,0.7418807446956635,10
161546,0.7692136824131012,10
161547,0.6404892981052399,10
161553,0.6521119713783264,10
161578,0.323305732011795,10
161600,0.7245335400104522,10
161614,0.5072028517723084,10
161620,0.46324573159217836,10
161681,0.8794043660163879,10
161682,0.543560403585434,10
161719,0.3243948042392731,10
161720,0.39003120362758636,8
161726,0.7265625894069672,10
161743,0.5979486584663392,10
161757,0.2123140037059784,10
161761,0.5685696184635163,10
161762,0.5020910620689392,10
161765,0.8014324307441711,10
161773,0.834321403503418,10
161782,0.5085290253162384,10
161813,0.9830889701843262,10
161820,0.5695722937583924,10
161849,0.3582937836647034,10
161866,0.5306359231472015,10
161869,0.7685749351978302,10
161880,0.6027285277843475,10
161881,0.7603969275951385,4
161882,0.4404924690723419,10
161885,0.6000161290168762,10
161886,0.872008740901947,10
161887,0.45235502123832705,10
161913,0.7896889388561249,10
161921,0.5230587065219879,10
161923,0.4046542763710022,10
161926,0.7990858256816864,10
161928,0.5938073337078095,10
161936,0.49618097543716433,10
161943,0.6844640076160431,10
161965,0.7016809999942779,10
161966,0.7731863379478454,10
161970,0.829403680562973,10
161995,0.559345829486847,10
162007,0.45068865418434145,10
162009,0.6989235639572143,10
162012,0.6051147878170013,10
162022,0.5995269775390625,10
162038,0.6383959174156189,10
162041,0.44054670333862306,10
162070,0.7053621411323547,5
162071,0.12771351337432862,10
162082,0.784647136926651,10
162093,0.4002064347267151,10
162107,0.6192233145236969,10
162114,0.6140759587287903,10
162120,0.6418878883123398,8
162141,0.47429713010787966,10
162152,0.2846472144126892,10
162191,0.6770755410194397,10
162223,0.6168474078178405,5
162263,0.6080880641937256,10
162286,0.7860141515731811,10
162288,0.6060080647468566,10
162292,0.5539488792419434,10
162295,0.6974357217550278,4
162315,0.8752066373825074,10
162351,0.3567174196243286,10
162367,0.8935309886932373,10
162378,0.39472299814224243,10
162383,0.6922744154930115,10
162384,0.7950022935867309,10
162388,0.5111454844474792,10
162391,0.7966148316860199,10
162476,0.29835120439529417,10
162480,0.47891879081726074,10
162559,0.4148853898048401,10
162571,0.3516687035560608,10
162578,0.35779221057891847,10
162580,0.474926233291626,10
162591,0.7905409634113312,10
162614,0.772543978691101,10
162654,0.4904178738594055,10
162660,0.4279784023761749,10
162677,0.2012139916419983,10
162680,0.7679104506969452,10
162727,0.2388966977596283,10
162738,0.6010619521141052,10
162777,0.4980880439281464,10
162823,0.998893141746521,10
162865,0.7022440791130066,10
162886,0.7164418280124665,10
162915,0.017511501908302307,4
162974,0.6991359412670135,10
163027,0.5163043677806854,10
163031,0.4996916174888611,10
163040,0.8543411731719971,10
163047,0.5222157776355744,10
163048,0.896408635377884,10
163056,0.8469989061355591,10
163062,0.3187229156494141,10
163068,0.5226440250873565,10
163081,0.6019567310810089,10
163097,0.7931399345397949,10
163099,0.5481817126274109,10
163119,0.31930253505706785,10
163144,0.1546851873397827,10
163154,0.6967022776603699,10
163163,0.42506820559501646,10
163166,0.29793930649757383,10
163170,0.3057484030723572,10
163172,0.8755661427974701,10
163175,0.5781928062438965,10
163186,0.3286715269088745,10
163242,0.7008792161941528,10
163255,0.48752927780151367,10
163263,0.3916503429412842,10
163277,0.5403190314769745,10
163310,0.7626693069934845,10
163319,0.5051952719688415,10
163354,0.7011449873447418,10
163370,0.6925616323947906,10
163377,0.7896444976329804,10
163399,0.6252239227294922,10
163412,0.6985233843326568,10
163413,0.6499733686447143,10
163432,0.4040563106536865,10
163474,0.5238313198089599,10
163478,0.6115230739116668,10
163481,0.2968054831027985,10
163482,0.11227398514747619,10
163565,0.7423892498016358,10
163576,0.5126367449760437,10
163601,0.6650123397509257,6
163602,0.44271486401557925,10
163640,0.6270329892635346,10
163641,0.3348982036113739,10
163642,0.5568853318691254,10
163685,0.33170046210289,10
163688,0.5979593515396118,10
163724,0.46680845618247985,10
163745,0.42470598220825195,10
163771,0.6860893905162812,10
163798,0.3610393762588501,10
163805,0.7900137484073639,10
163839,0.29734706282615664,10
163841,0.6159930944442749,10
163908,0.7688172161579132,10
163920,0.4421658456325531,10
163929,0.8000262379646301,10
163930,0.6481324791908264,10
163931,0.30673353672027587,10
163937,0.5947380006313324,10
163957,0.49989851713180544,10
163963,0.5003471553325654,10
163967,0.7202605426311492,10
163968,0.2761385917663574,10
163976,0.6402340233325958,10
163983,0.5838311076164245,10
164010,0.4972921431064606,10
164022,0.4965974152088165,10
164027,0.40018477439880373,10
164031,0.6502144694328308,10
164059,0.86570143699646,7
164091,0.8359263638655344,6
164110,0.452479887008667,10
164147,0.7008544206619263,10
164153,0.9228995561599731,10
164158,0.7744975686073303,10
164159,0.6171767830848693,10
164187,0.7000219166278839,10
164190,0.5252699613571167,10
164201,0.561019778251648,4
164202,0.6809487223625184,5
164205,0.7038601279258728,10
164236,0.677789431810379,10
164237,0.5187325894832611,10
164259,0.42462770342826844,10
164265,0.5528627038002014,10
164279,0.713374811410904,10
164284,0.26607218384742737,10
164300,0.8673035278916359,8
164338,0.889588326215744,10
164339,0.32538052201271056,10
164354,0.4407573163509369,10
164369,0.46037275195121763,10
164446,0.5177224099636077,10
164448,0.41284369230270385,10
164449,0.4390842119852702,9
164506,0.790173864364624,10
164542,0.4105881333351135,10
164566,0.49614388942718507,10
164589,0.6687814354896545,10
164590,0.26803305745124817,10
164600,0.6086918115615845,10
164627,0.6001224040985107,10
164645,0.518798953294754,10
164655,0.6543719589710235,10
164670,0.40417211651802065,10
164686,0.7879959046840668,10
164698,0.6540474057197571,10
164702,0.5805716574192047,10
164760,0.8997093200683594,10
164775,0.5400452077388763,10
164778,0.5591205835342408,10
164808,0.6782262802124024,10
164812,0.97728630900383,10
164829,0.8384283423423767,10
164838,0.4983080208301544,10
164840,0.8347473621368409,10
164865,0.31653099656105044,10
164874,0.8264546573162079,10
164917,0.9135989010334015,10
164928,0.8740411281585694,10
164930,0.7406093895435333,10
164949,0.8053449988365173,10
165004,0.6342065155506134,10
165022,0.8833244800567627,10
165041,0.014491742849349976,10
165044,0.6052631855010986,10
165046,0.6121131002902984,10
165090,0.43910040259361266,10
165095,0.5728154242038727,10
165186,0.39607963562011717,10
165189,0.23031212091445924,5
165208,0.3419830931557549,9
165283,0.5207767009735107,10
165292,0.8964212894439697,10
165294,0.48129653334617617,10
165302,0.14720938205718995,10
165346,0.861993283033371,10
165347,0.9032555401325226,10
165401,0.8050225496292114,10
165404,0.69086452126503,10
165414,0.2879759839602879,7
165417,0.2031215786933899,10
165447,0.5635710895061493,10
165470,0.30823067256382536,7
165471,0.732371985912323,9
165477,0.5834827542304992,10
165521,0.4163425087928772,10
165522,0.7076815128326416,10
165523,0.7396174252033234,10
165551,0.6394130945205688,10
165552,0.7520628094673156,10
165556,0.21341575384140016,10
165559,0.687517523765564,10
165563,0.7830156981945038,10
165578,0.25143589079380035,4
165584,0.5491928577423095,5
165585,0.4139334917068481,5
165586,0.3811208069324493,10
165587,0.21262373328208922,10
165595,0.859294730424881,10
165600,0.3076779305934906,10
165627,0.4847075343132019,8
165628,0.6545772075653076,10
165633,0.6870434880256653,10
165640,0.8269749820232392,10
165657,0.6110275745391845,10
165662,0.6529154002666473,10
165694,0.6254533708095551,10
165719,0.2357770621776581,10
165722,0.8282007873058319,10
165737,0.5218566417694092,10
165743,0.514539361000061,8
165748,0.6128716826438904,10
165796,0.4151791572570801,10
165797,0.64132159948349,10
165812,0.8858749508857727,10
165828,0.15893089771270752,6
165838,0.6702506422996521,10
165872,0.6631174087524414,10
165876,0.6834633708000183,10
165877,0.5800347268581391,10
165888,0.5974888741970062,10
165889,0.5995768070220947,10
165926,0.8764516455786568,7
165946,0.7865455508232116,10
165948,0.9689489364624023,10
165950,0.7314796924591065,10
165959,0.40201897025108335,10
165967,0.7616455614566803,10
165984,0.5421582400798798,10
165986,0.7997315943241119,10
165999,0.8711629807949066,10
166019,0.43016823530197146,10
166026,0.8163498520851136,10
166071,0.41374845504760743,10
166081,0.6031127631664276,10
166107,0.49013625979423525,10
166109,0.6005164504051208,10
166156,0.6028946042060852,5
166158,0.6798482775688172,10
166183,0.48876904249191283,10
166202,0.6526907801628112,10
166210,0.803988265991211,10
166215,0.4619257688522339,10
166226,0.7462043762207031,10
166246,0.572600394487381,10
166248,0.42767429947853086,10
166260,0.46666194796562194,10
166276,0.27199243307113646,10
166280,0.642076313495636,10
166286,0.7594977617263794,10
166298,0.7013142168521881,10
166300,0.898338109254837,10
166317,0.7003312945365906,10
166333,0.6928606232007345,3
166341,0.9925751864910126,10
166371,0.49625874757766725,10
166372,0.4198038101196289,10
166384,0.47579875588417053,10
166390,0.45661573277579415,9
166418,0.4126929223537445,10
166436,0.6366393804550171,10
166443,0.49165992736816405,10
166509,0.5185647010803223,10
166510,0.7678498268127442,5
166521,0.9049544185400009,8
166532,0.4775889337062836,10
166537,0.49121474623680117,10
166556,0.7630224294132657,9
166567,0.7913100779056549,10
166569,0.8247346162796021,10
166571,0.42932404279708863,10
166633,0.5818728446960449,10
166640,0.5324740946292877,10
166648,0.6910841941833497,10
166650,0.4044752180576324,10
166658,0.13981135487556456,10
166661,0.112932950258255,10
166669,0.5820269703865051,10
166710,0.695950698852539,10
166726,0.9574402153491974,10
166764,0.981138739320967,9
166767,0.5941809237003326,10
166776,0.5144571721553802,10
166854,0.7644647657871246,10
166857,0.845193600654602,10
166858,0.45082038044929507,10
166859,0.785940271615982,10
166888,0.5389224767684937,10
166929,0.40269426107406614,10
166931,0.8044561684131623,10
166972,0.5075563371181488,10
166976,0.5971577227115631,10
166977,0.7885727941989898,10
166988,0.6461090743541718,10
166991,0.9624109387397766,10
167185,0.40931542052163017,9
167190,0.672943389415741,10
167237,0.5735534012317658,10
167238,0.6730215370655059,10
167270,0.7544690012931824,10
167283,0.44907227754592893,10
167292,0.40545895099639895,10
167298,0.9658344388008118,10
167355,0.8991334676742554,10
167400,0.8898756802082062,10
167404,0.6025073826313019,10
167463,0.403555052621024,7
167465,0.48798168897628785,10
167466,0.5097774465878805,6
167468,0.35347363352775574,6
167505,0.30008610486984255,10
167513,0.584270578622818,10
167552,0.8699121356010437,10
167579,0.43241798877716064,3
167580,0.7902205169200898,10
167589,0.38043742179870604,5
167590,0.4988067150115967,10
167604,0.5141183853149414,10
167650,0.6319196939468383,10
167669,0.5710448205471039,10
167698,0.4035636842250824,10
167715,0.47058268189430236,10
167718,0.3938758174578349,3
167723,0.5951605498790741,10
167763,0.5412983000278473,10
167764,0.7928651392459869,10
167787,0.49396880467732746,6
167791,0.6494502604007721,10
167827,0.2977879984038217,7
167850,0.5773951292037964,10
167892,0.4049899697303772,10
167975,0.8246080219745636,10
168005,0.39733797311782837,10
168054,0.32176039218902586,10
168055,0.6463689108689626,6
168077,0.49994773666063946,6
168082,0.18663520812988282,10
168141,0.2662601113319397,10
168168,0.8089484572410583,10
168174,0.8035767912864685,10
168204,0.32101245522499083,10
168215,0.6086036086082458,10
168220,0.6024003267288208,5
168226,0.5879131754239401,3
168230,0.8992232024669647,10
168232,0.7000401973724365,10
168236,0.7713563144207001,10
168250,0.6928322792053223,10
168265,0.5638086318969726,10
168274,0.3994023084640503,10
168278,0.49839680194854735,10
168390,0.3895366370677948,10
168429,0.6484232991933823,8
168433,0.5019624769687653,10
168435,0.619398695230484,10
168436,0.383065973009382,7
168446,0.5206041395664215,10
168457,0.6781571984291077,10
168512,0.20981859564781188,10
168535,0.7868769764900208,7
168537,0.6094075620174408,10
168544,0.698845261335373,10
168549,0.6377589404582977,10
168582,0.5562980532646179,10
168584,0.6289251029491425,10
168609,0.6009175479412079,10
168653,0.5779470860958099,10
168654,0.40421144366264344,10
168662,0.7994686782360076,10
168679,0.6011066257953643,10
168681,0.7883647918701172,10
168687,0.5332899034023285,10
168700,0.4235603094100952,10
168728,0.4982292473316193,10
168752,0.37633209824562075,10
168770,0.7988266468048095,10
168788,0.650959187746048,10
168792,0.584923654794693,10
168834,0.8880146086215973,10
168839,0.7381156325340271,10
168840,0.3032237350940704,10
168882,0.6936233341693878,10
168895,0.30055240988731385,10
168900,0.5021268501877785,8
168917,0.5440280377864838,10
168998,0.5087083995342254,10
169045,0.6953106641769409,10
169062,0.745654034614563,10
169102,0.4990586817264557,10
169124,0.562651538848877,10
169141,0.8994983553886413,10
169146,0.8340034365653992,10
169147,0.5019855797290802,10
169215,0.5607462644577026,10
169246,0.7413813173770905,10
169255,0.7017943620681762,10
169256,0.46324504613876344,10
169274,0.3998314142227173,10
169275,0.6041351735591889,10
169318,0.7051179766654968,10
169320,0.6666785180568695,6
169328,0.17219138145446777,10
169341,0.6095719933509827,10
169366,0.8545048356056213,10
169368,0.24656129479408265,10
169375,0.6216192662715911,10
169393,0.5628063797950744,10
169416,0.690332692861557,10
169426,0.4901928067207336,10
169427,0.7755577802658081,10
169436,0.5847330152988434,10
169459,0.6017015874385834,10
169462,0.3690382122993469,10
169463,0.2922792017459869,10
169464,0.8421542763710022,10
169465,0.5133799016475677,4
169470,0.6044484078884125,10
169475,0.8743671715259552,10
169502,0.5721799552440643,10
169513,0.5778036117553711,10
169530,0.6019088149070739,10
169544,0.5248625695705413,10
169550,0.7402635097503663,10
169555,0.8046375453472138,10
169558,0.1755407929420471,10
169574,0.7980314671993256,10
169611,0.3750376284122467,10
169649,0.46955747008323667,10
169652,0.763448053598404,10
169654,0.43991643786430357,10
169658,0.6688332557678223,10
169675,0.2888697624206543,10
169697,0.7038555085659027,10
169704,0.6156362891197205,10
169713,0.817619091934628,9
169714,0.5156586915254593,8
169720,0.49899611473083494,10
169743,0.21759745478630066,10
169755,0.6301882684230804,10
169768,0.5650996267795563,10
169782,0.25025542577107746,6
169786,0.7369700014591217,10
169794,0.5834984600543975,10
169795,0.5542340517044068,10
169918,0.7753082394599915,10
169925,0.7969716846942901,10
169926,0.6554203808307648,10
169984,0.5237627863883972,10
169986,0.5904219329357148,10
169987,0.19094873666763307,10
169988,0.5951991617679596,10
170041,0.46325530409812926,10
170042,0.7764833092689514,10
170043,0.7963546335697174,10
170054,0.5126592755317688,10
170146,0.28756338357925415,10
170190,0.5888240814208985,10
170195,0.960969877243042,10
170199,0.25793596506118777,10
170202,0.5057060182094574,10
170216,0.6633010029792785,10
170223,0.6971974849700928,10
170225,0.6352625727653504,10
170274,0.20896036028862,10
170298,0.9003583312034606,10
170300,0.6007669389247894,10
170318,0.5518754363059998,10
170337,0.42540756293705534,7
170344,0.6954420447349549,10
170381,0.5931684732437134,10
170395,0.39365575313568113,10
170415,0.5767144918441772,10
170416,0.534652191400528,10
170423,0.6827621281147003,10
170430,0.8376540303230285,10
170431,0.4164323925971985,10
170437,0.8107738375663758,10
170447,0.7510221666759915,9
170472,0.6041933417320251,10
170477,0.8059759974479676,10
170511,0.42936261211122784,7
170537,0.5500710606575012,10
170555,0.7657315969467163,10
170561,0.5717193365097046,10
170568,0.6871714293956757,8
170583,0.8419007301330567,10
170587,0.516771811246872,10
170604,0.6606926083564758,10
170608,0.997817701763577,9
170609,0.5792867168784142,8
170624,0.4952205061912537,10
170669,0.6906631171703339,10
170756,0.6002533435821533,10
170771,0.608508414030075,10
170799,0.7149985671043396,10
170825,0.7040206313133239,10
170867,0.47773284912109376,10
170901,0.6963065564632416,10
170909,0.5848910987377167,10
170922,0.6768352687358856,10
170927,0.42367862462997435,5
170951,0.5382641375064849,10
170954,0.5040444314479828,10
170969,0.8868121564388275,10
170980,0.5717639923095703,4
170984,0.5789332151412964,5
171011,0.42960881590843203,10
171037,0.5979175508022309,10
171087,0.5262694954872131,10
171090,0.26829132437705994,10
171110,0.7057880103588104,10
171124,0.7791703343391418,10
171126,0.9440566556794303,7
171129,0.43246740102767944,10
171131,0.6611133277416229,10
171136,0.6198825299739837,10
171211,0.3282113330704825,7
171221,0.7556765452027321,8
171226,0.6931197464466095,10
171233,0.5344186902046204,10
171234,0.7791191279888153,10
171258,0.596236914396286,10
171261,0.7326612353324891,10
171273,0.3680754840373993,10
171278,0.7950909674167633,10
171339,0.22148022055625916,10
171351,0.713569986820221,10
171356,0.5021883547306061,10
171369,0.004542060196399689,8
171385,0.45819476842880247,5
171411,0.5213142186403275,4
171419,0.9505621492862701,10
171424,0.4560239315032959,10
171430,0.7480045676231384,10
171431,0.7907798588275909,10
171447,0.60733402967453,10
171475,0.5008034586906434,10
171479,0.8059021472930908,10
171489,0.31769810914993285,10
171492,0.4967647075653076,10
171494,0.4434031777911716,9
171499,0.8535664975643158,10
171500,0.7981419622898102,10
171540,0.6686158577601115,6
171541,0.4091169714927673,10
171542,0.306372207403183,10
171543,0.5545762247509427,9
171544,0.5047860741615295,10
171547,0.30355841517448423,10
171548,0.7507661581039429,10
171579,0.45156678557395935,10
171620,0.4042326033115387,10
171623,0.6091433465480804,10
171626,0.7457935611406962,9
171630,0.588440191745758,10
171662,0.3723255217075348,10
171663,0.6172595977783203,10
171665,0.5017813801765442,10
171668,0.6486148655414581,10
171669,0.7166261434555053,10
171672,0.6151364922523499,10
171708,0.6943061649799347,10
171721,0.8641642451286315,10
171726,0.6992126643657685,10
171742,0.9746029078960419,10
171775,0.5228209435939789,10
171779,0.7413583040237427,10
171835,0.3165959656238556,10
171862,0.37735090851783754,10
171879,0.7891113877296447,10
171889,0.30505353957414627,8
171890,0.669506561756134,10
171950,0.654280424118042,10
171964,0.6864584147930145,10
171978,0.5160394370555877,10
172006,0.7016343533992767,10
172007,0.12348438501358032,10
172008,0.6433814108371735,10
172012,0.983720475435257,10
172032,0.29844199419021605,10
172033,0.5995440244674682,10
172035,0.3726265490055084,10
172047,0.6885969758033752,10
172062,0.7962324023246765,10
172063,0.7993901252746582,5
172064,0.6044622778892517,10
172073,0.7373584330081939,10
172081,0.803154593706131,10
172118,0.7922467231750489,10
172155,0.7041313827037812,10
172158,0.31262603402137756,10
172159,0.5656884372234344,10
172162,0.368422394990921,10
172164,0.49782214760780336,10
172166,0.6034013867378235,10
172168,0.26036295890808103,10
172206,0.34249857664108274,10
172207,0.33023043274879454,10
172220,0.9028848946094513,10
172225,0.2616440415382385,10
172235,0.24120665192604065,10
172237,0.7028432607650756,10
172242,0.4184366285800934,10
172257,0.4989420473575592,4
172278,0.42817507982254027,10
172287,0.9242629766464233,10
172307,0.4806326746940613,10
172308,0.5049332618713379,10
172309,0.8758029043674469,10
172310,0.4779869794845581,10
172312,0.5064247131347657,10
172325,0.41758511662483216,10
172358,0.7168453991413116,10
172362,0.696291035413742,10
172381,0.4741954207420349,10
172382,0.5825526058673859,10
172385,0.6093321979045868,10
172386,0.5933699786663056,10
172410,0.5102342128753662,10
172414,0.7801389276981354,10
172465,0.4797425985336304,10
172480,0.4413270115852356,10
172484,0.5304112493991852,10
172493,0.4882660746574402,10
172503,0.8748459756374359,10
172506,0.37200839519500734,10
172507,0.8019698679447174,10
172509,0.7667246639728547,10
172510,0.45846615518842426,7
172517,0.028665979703267414,3
172540,0.7039889097213745,10
172542,0.3885278761386871,10
172543,0.6121215581893921,10
172546,0.4400022864341736,10
172547,0.4123755395412445,10
172550,0.5784764885902405,7
172552,0.737306946516037,10
172555,0.5698851517268589,7
172557,0.5675915837287903,10
172558,0.7077658176422119,10
172559,0.599445927143097,10
172560,0.7779677093029023,10
172563,0.7002176225185395,10
172580,0.5003096044063569,10
172584,0.37240076065063477,10
172596,0.559125030040741,10
172597,0.4049603521823883,10
172598,0.37438022494316103,10
172599,0.5009177505970002,10
172600,0.29030139446258546,10
172613,0.4164072096347809,10
172642,0.7191620469093323,4
172662,0.6247983276844025,10
172707,0.3789563700556755,8
172729,0.5078677058219909,10
172737,0.38795067071914674,10
172818,0.7923420429229736,10
172837,0.5169567883014679,10
172844,0.8186252892017365,10
172866,0.6818949997425079,10
172875,0.4580617010593414,10
172881,0.698276799917221,10
172885,0.8110139012336731,10
172896,0.9083620488643647,10
172931,0.9865249335765839,10
172932,0.6993712544441223,10
172933,0.6100557267665863,10
172940,0.4572184309363365,8
172965,0.3170608162879944,10
172969,0.32630674839019774,10
172971,0.774817270040512,10
172980,0.712624090058463,7
172994,0.5793041706085205,10
172996,0.4016664206981659,10
173003,0.31349457502365113,10
173005,0.2057939350605011,10
173018,0.6986689090728759,10
173047,0.6420519053936005,10
173057,0.9926997125148773,8
173064,0.6134807944297791,10
173074,0.5443149030208587,10
173075,0.6090011119842529,10
173090,0.42500807642936705,10
173092,0.64716637134552,10
173093,0.44571136236190795,10
173096,0.8384089529514313,10
173100,0.32323256731033323,10
173101,0.7338198542594909,10
173105,0.31647512316703796,10
173115,0.7613897740840911,10
173121,0.5175975561141968,4
173156,0.7339442670345306,10
173200,0.49648826718330386,10
173240,0.6175707493509565,7
173253,0.5352157771587371,10
173269,0.6340049386024476,10
173275,0.5971683204174042,10
173291,0.34736825823783873,10
173292,0.6256419241428375,10
173294,0.6455895066261291,10
173302,0.7876255869865417,10
173319,0.49481616616249086,10
173336,0.2521124005317688,10
173337,0.40535773038864137,10
173338,0.4644154369831085,10
173341,0.8008205533027649,10
173344,0.41657568216323854,10
173346,0.8408428609371186,10
173372,0.6462031900882721,4
173374,0.8754180192947387,10
173389,0.7850836098194123,10
173408,0.371200578553336,7
173441,0.48453459739685056,10
173442,0.7835231363773346,10
173452,0.8404362916946411,10
173460,0.6830492734909057,10
173462,0.7024373710155487,10
173486,0.5908354699611664,10
173504,0.709446233510971,10
173514,0.12229200005531311,10
173536,0.5587104558944702,10
173574,0.5041795194149017,10
173634,0.8826347649097442,10
173637,0.6805684089660644,10
173648,0.6972899019718171,10
173649,0.4715088367462158,10
173666,0.6965732514858246,10
173669,0.5451374451319376,9
173673,0.3362882137298584,9
173752,0.6621232092380523,10
173755,0.4046275317668915,10
173759,0.6274966716766357,10
173761,0.5957839012145996,10
173770,0.5019734501838684,10
173776,0.8395974218845368,10
173784,0.5738901257514953,10
173800,0.5549373626708984,10
173804,0.70848628282547,10
173805,0.5799592018127442,10
173899,0.30099900960922243,10
173931,0.49774277210235596,10
174013,0.4523871302604675,10
174049,0.6666543841361999,10
174057,0.8137834668159485,4
174064,0.5426031887531281,10
174065,0.5972943782806397,10
174078,0.5954113245010376,10
174093,0.8131133735179901,10
174128,0.5477395534515381,10
174146,0.3909038960933685,10
174155,0.4804476976394653,10
174182,0.7160453379154206,10
174192,0.5012632429599762,10
174218,0.902247303724289,10
174219,0.6343282520771026,10
174231,0.32780770063400266,10
174243,0.6034083843231202,10
174252,0.794881671667099,10
174260,0.40677784085273744,10
174298,0.8999671697616577,10
174400,0.599219661951065,10
174402,0.7704177677631379,10
174404,0.5696252499307904,7
174430,0.4637104392051697,10
174431,0.672500592470169,10
174468,0.5879549741744995,10
174476,0.2851293206214905,10
174491,0.7965270400047302,10
174517,0.6591756674978468,9
174518,0.5550516009330749,10
174524,0.6648083448410034,10
174529,0.310160756111145,10
174552,0.6785822451114655,10
174556,0.8042940676212311,10
174570,0.5623048186302185,10
174584,0.7329928040504455,10
174611,0.3104202389717102,10
174614,0.9626522243022919,10
174618,0.6545019924640656,10
174646,0.5971087753772736,10
174660,0.8328482329845428,10
174688,0.7196280658245087,10
174696,0.533087283372879,10
174744,0.6144445896148681,10
174785,0.6077273905277252,10
174802,0.8924527287483215,10
174805,0.5289526402950286,10
174837,0.8939964771270752,10
174893,0.6770531296730041,10
174925,0.5866146445274353,10
174926,0.42260318994522095,10
174927,0.5674583315849304,10
174943,0.7149377584457397,5
174959,0.606277197599411,10
174975,0.6078385472297668,10
174988,0.5483656466007233,10
174990,0.7942912578582764,10
174991,0.5823086678981781,10
175023,0.7626333177089691,10
175086,0.40402019023895264,8
175088,0.9012858808040619,10
175090,0.1890522599220276,10
175095,0.5458555519580841,10
175117,0.8319359123706818,10
175121,0.6987729430198669,10
175150,0.3474973307715522,9
175155,0.6405574262142182,10
175177,0.44086357951164246,10
175199,0.6219556868076325,10
175209,0.792310631275177,10
175221,0.5172024488449096,10
175222,0.30979193449020387,10
175223,0.4038707673549652,10
175224,0.6233825504779815,10
175230,0.45757580995559693,10
175254,0.65648113489151,10
175263,0.7549091458320618,10
175265,0.3463502168655396,10
175274,0.4357769423060947,9
175293,0.5398500800132752,10
175307,0.959382849931717,10
175313,0.20775467157363892,5
175324,0.5302977681159973,10
175327,0.5456019759178161,10
175334,0.45748921632766726,10
175360,0.8022344648838043,10
175418,0.6681562529669868,9
175458,0.47981877326965333,10
175464,0.7980764508247375,10
175468,0.5788308024406433,10
175495,0.8007551968097687,10
175496,0.5026668310165405,10
175497,0.7992683470249176,10
175510,0.6535702407360077,10
175512,0.20192517042160035,10
175516,0.7038750648498535,10
175541,0.5170335888862609,10
175549,0.6641339480876922,10
175592,0.3031986951828003,10
175621,0.5125857055187225,10
175626,0.7909280300140381,10
175627,0.5222912490367889,10
175634,0.8377487659454346,10
175636,0.4969885587692261,10
175640,0.8482039034366607,10
175689,0.5790610432624816,10
175695,0.5574637830257416,10
175704,0.8178766965866089,7
175730,0.30875980854034424,10
175735,0.7104866147041321,10
175739,0.8995620131492614,10
175742,0.5632719695568085,10
175755,0.687918508052826,10
175763,0.5830518364906311,10
175778,0.5468648076057434,10
175824,0.5503967271910774,9
175845,0.7917827546596528,10
175846,0.4169231116771698,10
175848,0.5947753429412842,10
175855,0.5005297362804413,10
175861,0.49995335936546326,10
175864,0.5853057682514191,10
175867,0.4102332770824432,10
175868,0.3408191998799642,6
175878,0.5312850832939148,10
175879,0.46147656440734863,10
175914,0.46977999806404114,10
175923,0.789739441871643,10
175924,0.6766679048538208,10
175961,0.680053323507309,10
175973,0.4886815965175629,10
175989,0.514001590013504,10
176013,0.3120558559894562,10
176070,0.7937141299247742,10
176071,0.5093203246593475,10
176083,0.5187663018703461,10
176146,0.7734625279903412,10
176165,0.5172558844089508,10
176189,0.4757044494152069,10
176193,0.9635264873504639,10
176215,0.40823527574539187,10
176229,0.7532790720462799,10
176247,0.7030634045600891,10
176262,0.9886078834533691,10
176286,0.5119206964969635,10
176306,0.601185554265976,10
176334,0.47850053310394286,10
176361,0.4977400600910187,10
176371,0.628092247247696,10
176396,0.2894136309623718,10
176400,0.7849015593528748,10
176433,0.534356278181076,10
176435,0.6988640785217285,10
176458,0.37262460589408875,10
176466,0.4230496346950531,10
176478,0.8903473794460297,10
176494,0.9947964489459992,10
176502,0.6914348840713501,10
176523,0.6147863566875458,10
176524,0.6650627791881562,10
176530,0.6992989420890808,10
176544,0.6532600283622741,10
176557,0.535670918226242,10
176558,0.6254666090011597,10
176560,0.7492264807224274,4
176564,0.4895256102085114,10
176565,0.6169114232063293,10
176589,0.6046643376350402,10
176596,0.5356353461742401,10
176606,0.3908203780651093,10
176631,0.7383258819580079,10
176634,0.34912025928497314,6
176642,0.8302360594272613,10
176651,0.3734815001487732,10
176663,0.3399570226669312,10
176678,0.49842973351478576,10
176734,0.5746734082698822,10
176803,0.7347627103328704,10
176816,0.733511745929718,10
176817,0.7002075791358948,10
176826,0.8244099915027618,6
176850,0.3240717828273773,10
176859,0.6802011827627817,6
176872,0.5797471880912781,10
176884,0.9981436899730137,7
176887,0.5002707839012146,10
176898,0.3904959559440613,10
176914,0.6986422955989837,10
176916,0.6942409992218017,10
176918,0.49149136543273925,10
176920,0.8298845410346984,10
176936,0.7969322323799133,10
176960,0.42881839275360106,10
176963,0.5493579983711243,10
176980,0.9093812048435211,10
177002,0.50283083319664,10
177014,0.7028338074684143,10
177048,0.6320198118686676,10
177053,0.8111800670623779,10
177061,0.9404276967048645,10
177062,0.7985745668411255,10
177079,0.7242254436016082,10
177080,0.3174598693847656,10
177096,0.8092249631881714,10
177099,0.8964969336986541,10
177142,0.6986611187458038,10
177147,0.5664101719856263,10
177160,0.3995641052722931,10
177197,0.7288583040237426,10
177209,0.7154165846960885,7
177210,0.30347985625267027,10
177245,0.5942273259162902,10
177248,0.6028155863285065,10
177249,0.8746942222118378,10
177289,0.5979156494140625,5
177354,0.605877810716629,10
177411,0.569822245836258,10
177437,0.2669869065284729,10
177477,0.893296992778778,10
177478,0.5191189169883728,10
177482,0.588880854845047,10
177490,0.5874972701072693,10
177499,0.44847684502601626,10
177502,0.5617024421691894,10
177513,0.6638758182525635,10
177515,0.3660266578197479,10
177524,0.9064054012298584,10
177538,0.3167909860610962,10
177541,0.6021309077739716,10
177542,0.6843326449394226,10
177572,0.5593517555130852,9
177590,0.5955411255359649,10
177619,0.876380330324173,10
177633,0.40051203966140747,5
177639,0.6264628648757935,10
177641,0.7002166211605072,10
177659,0.42961862683296204,10
177678,0.6796707034111023,10
177680,0.7240562319755555,10
177697,0.6536751747131347,10
177698,0.6547310292720795,10
177702,0.3505150616168976,10
177725,0.5672957956790924,10
177727,0.7107599556446076,10
177736,0.6149351477622986,10
177750,0.398195743560791,6
177751,0.2548824965953827,10
177802,0.7417141556739807,10
177807,0.29276901483535767,10
177815,0.34645318388938906,10
177823,0.900822538137436,10
177843,0.700951898097992,10
177844,0.39005805253982545,10
177857,0.31244983077049254,10
177861,0.7023323714733124,10
177868,0.49826486110687257,10
177875,0.614680415391922,10
177877,0.7037939667701721,10
177921,0.6956355392932891,10
177927,0.5559197008609772,10
177939,0.5815872192382813,10
177965,0.7941680371761322,10
177976,0.4319007992744446,10
177977,0.33586335778236387,10
177995,0.8857525322172377,9
178007,0.20724539160728456,10
178028,0.49674590229988097,10
178030,0.6788832426071167,10
178038,0.6053966343402862,10
178044,0.26956787109375,10
178051,0.3264103889465332,10
178053,0.4625328779220581,10
178054,0.7889078795909882,10
178098,0.7313599467277527,10
178099,0.6449505031108856,10
178134,0.7062942266464234,10
178147,0.6934109210968018,10
178153,0.8005966365337371,10
178154,0.4914254903793335,10
178166,0.23595213890075684,10
178177,0.5890681147575378,5
178209,0.6853407502174378,10
178210,0.3779822587966919,10
178212,0.8355941951274872,10
178266,0.8005318701267242,10
178285,0.4132896184921265,10
178302,0.5172899901866913,10
178335,0.5480917036533356,10
178336,0.8020527601242066,10
178349,0.7524043500423432,10
178361,0.7556944787502289,10
178397,0.4647732079029083,10
178442,0.9007628440856934,10
178450,0.39670915007591245,10
178487,0.5411034107208252,10
178494,0.6393577337265015,10
178515,0.4746033430099487,10
178517,0.6022631227970123,10
178550,0.8126461029052734,10
178569,0.37747208029031754,8
178570,0.49191117882728574,10
178572,0.8992196917533875,10
178591,0.5973649024963379,10
178595,0.6136676847934723,10
178613,0.7973240733146667,10
178655,0.40417011380195617,10
178688,0.7939479053020477,10
178754,0.8270210504531861,10
178835,0.6830666124820709,10
178839,0.6683642983436584,10
178892,0.878482711315155,10
178896,0.799991887807846,10
178900,0.5196338295936584,10
178930,0.7459779232740402,4
178933,0.19070684058325632,7
178937,0.7185306123324803,7
178939,0.5261432111263276,10
178940,0.6393436670303345,10
178944,0.46778104901313783,10
178958,0.5992113411426544,10
178984,0.6934474408626556,10
179020,0.7998825132846832,10
179071,0.8959922194480896,10
179172,0.5351301908493042,10
179182,0.6190543055534363,10
179217,0.8954918861389161,10
179227,0.6847838878631591,10
179228,0.2123174250125885,10
179245,0.5106790661811829,10
179251,0.5000860273838044,10
179259,0.6676027059555054,10
179266,0.8031642039616903,6
179275,0.6564471185207367,10
179280,0.40836224555969236,10
179303,0.6007739067077636,10
179304,0.6996343391282218,7
179320,0.3001599982380867,8
179322,0.8124321103096008,10
179350,0.7085320174694061,10
179385,0.5244631588459014,10
179386,0.30184451341629026,10
179433,0.5701602280139924,10
179448,0.779343718290329,10
179460,0.6237235367298126,10
179537,0.3384042322635651,10
179547,0.6659820795059204,10
179548,0.4825381636619568,10
179560,0.4525214433670044,8
179561,0.6550775766372681,3
179572,0.6997639060020446,10
179574,0.4753455460071564,10
179581,0.8890906631946563,10
179600,0.5003114104270935,10
179606,0.40828210711479185,10
179627,0.5114529371261597,10
179628,0.3239803777800666,9
179629,0.7009984195232392,10
179661,0.32487147450447085,10
179701,0.4979687035083771,10
179718,0.26854899525642395,10
179719,0.47774627804756165,10
179723,0.8055342733860016,10
179794,0.6849644601345062,10
179803,0.8690484166145325,10
179804,0.31171671748161317,10
179813,0.598930948972702,10
179820,0.5068427622318268,10
179835,0.6877971589565277,10
179876,0.3268857836723328,10
179912,0.7907647728919983,10
179918,0.44033860564231875,10
179929,0.5427684783935547,10
179930,0.487891685962677,10
179933,0.8536449372768402,10
179956,0.05511052012443542,10
179973,0.6977915227413177,10
179975,0.3353933095932007,9
180006,0.4020976901054382,10
180020,0.30515700578689575,10
180024,0.5001643167601691,9
180040,0.4231700599193573,10
180050,0.5750599145889282,10
180066,0.27869904041290283,4
180133,0.3276098191738129,10
180147,0.7033816039562225,10
180157,0.5417437076568603,10
180179,0.775230097770691,10
180193,0.5137354552745819,10
180198,0.6795732915401459,10
180199,0.5068617105484009,10
180202,0.5018092572689057,10
180204,0.5005673587322235,10
180205,0.29185144901275634,10
180208,0.7002001702785492,10
180210,0.7973800659179687,5
180211,0.5783958196640014,10
180231,0.3095637381076813,10
180238,0.358478045463562,10
180241,0.3357300102710724,10
180256,0.47920798063278197,10
180257,0.41787938475608827,10
180263,0.7183106958866119,10
180292,0.533057689666748,10
180295,0.540190190076828,10
180311,0.3702840656042099,4
180325,0.6345813930034637,10
180339,0.7045417964458466,10
180340,0.43698424100875854,9
180345,0.6009921312332154,10
180355,0.700772511959076,10
180387,0.7252106249332428,10
180389,0.3553033649921417,10
180459,0.6584101319313049,10
180471,0.5915029048919678,10
180489,0.39554846882820127,10
180511,0.7462730407714844,10
180543,0.5764671564102173,10
180564,0.5354373097419739,10
180565,0.75199373960495,5
180570,0.5006337881088256,10
180591,0.6091553449630738,10
180592,0.5041430115699768,10
180593,0.791879290342331,10
180595,0.36823598146438596,10
180598,0.6582020103931427,10
180599,0.4167913019657135,10
180602,0.49317522048950196,10
180611,0.40049716234207156,10
180644,0.3060219168663025,10
180650,0.302128005027771,10
180654,0.3837420874171787,9
180674,0.546664434671402,10
180680,0.41533352732658385,10
180740,0.3951828896999359,10
180746,0.26223284751176834,8
180761,0.8163066029548645,10
180771,0.7771438419818878,10
180785,0.5060215294361115,10
180809,0.6610853970050812,10
180816,0.40221849679946897,10
180850,0.6992298185825347,10
180852,0.6965243637561798,10
180853,0.5296065449714661,10
180867,0.6342411458492279,10
180899,0.4028356850147247,10
180901,0.7806044459342957,10
180906,0.521188747882843,10
180908,0.537267529964447,10
180910,0.5438446164131164,10
180915,0.4335280571665083,7
180916,0.49927552342414855,10
180920,0.4565924942493439,10
180921,0.5587924420833588,10
180937,0.5724604666233063,10
180938,0.614659059047699,10
180939,0.6752501130104065,10
180940,0.4154839038848877,5
180942,0.715432858467102,10
180943,0.7974017798900604,10
180956,0.4488113045692444,10
180974,0.6397452116012573,10
180975,0.3298734247684479,10
180977,0.4109946846961975,10
181005,0.7018198311328888,10
181031,0.7915400862693787,10
181080,0.09684337377548217,10
181083,0.5148202478885651,6
181089,0.937155157327652,6
181120,0.566338038444519,10
181122,0.6812628448009491,10
181153,0.49714025259017947,10
181161,0.4466429173946381,10
181176,0.6179735004901886,10
181192,0.6163627147674561,10
181194,0.5252643142427716,7
181235,0.7048763036727905,10
181236,0.8042689502239228,10
181244,0.8456068575382233,10
181245,0.5745620369911194,10
181246,0.5424684822559357,10
181254,0.5285830914974212,10
181260,0.42482593059539797,10
181263,0.3499492883682251,10
181265,0.8992837846279145,10
181267,0.7053172945976257,10
181268,0.6660807311534882,10
181279,0.6375968515872955,10
181290,0.6391393363475799,10
181293,0.3119226276874542,10
181304,0.5753010630607605,10
181319,0.6023354589939117,10
181325,0.5987613379955292,10
181328,0.6841718912124634,10
181329,0.8694728672504425,10
181331,0.696409386396408,10
181345,0.6199913203716279,10
181370,0.8512977659702301,10
181376,0.36704655885696413,10
181377,0.7073849201202392,10
181382,0.447380393743515,10
181385,0.8888103783130645,10
181390,0.6376398622989654,10
181393,0.5257497608661652,10
181404,0.4002129077911377,10
181440,0.5379307329654693,10
181464,0.5169860482215881,10
181466,0.5875144600868225,5
181471,0.48004600405693054,10
181476,0.667147982120514,10
181492,0.585056459903717,10
181494,0.5899250864982605,10
181495,0.5083538711071014,10
181501,0.4996032238006592,10
181521,0.6474810719490052,10
181523,0.5971262216567993,10
181524,0.6176375150680542,10
181530,0.8299442529678345,10
181574,0.6236095726490021,10
181615,0.4553171992301941,10
181616,0.3518057405948639,10
181617,0.5819791078567504,10
181670,0.5598926186561585,10
181687,0.6546100914478302,10
181694,0.6210598647594452,10
181761,0.6601561963558197,10
181795,0.9979137539863586,10
181796,0.6077265560626983,10
181797,0.5690509974956512,10
181807,0.5012378036975861,10
181810,0.7977019965648651,10
181811,0.5121666133403778,10
181819,0.7019641876220704,10
181866,0.1494603395462036,5
181867,0.6550604701042175,10
181889,0.8217720508575439,10
181906,0.2269413650035858,10
181928,0.5952850818634033,10
181955,0.596300208568573,10
181956,0.773117995262146,10
181959,0.6048684477806091,10
181960,0.6359415888786316,10
182028,0.5104768514633179,10
182047,0.7012243211269379,10
182049,0.6348352789878845,10
182050,0.48409361839294435,10
182062,0.30053099393844607,10
182064,0.8003267347812653,10
182074,0.5522998929023742,10
182077,0.46186964511871337,10
182082,0.9350872337818146,10
182090,0.21158578395843505,10
182094,0.4695272147655487,10
182101,0.7026081502437591,10
182116,0.4872138023376465,10
182120,0.8121842086315155,10
182134,0.5976719081401825,10
182135,0.08543962240219116,4
182168,0.6776333391666413,10
182172,0.734430605173111,10
182178,0.4859843611717224,10
182189,0.5981346368789673,10
182193,0.6960025951266289,8
182194,0.4768534243106842,10
182199,0.9858481585979462,4
182214,0.8848764002323151,10
182218,0.40716601014137266,10
182225,0.5825832618607415,9
182228,0.6248013794422149,10
182252,0.01430819034576416,10
182259,0.4522048830986023,10
182260,0.5799038171768188,10
182274,0.6175560295581818,10
182276,0.8632516413927078,8
182284,0.44150330424308776,10
182340,0.5562340974807739,10
182351,0.5934477865695953,10
182352,0.5100400388240814,10
182380,0.6790467841284615,7
182385,0.2923163831233978,10
182400,0.7087341802460807,7
182406,0.4360677540302277,10
182409,0.3344321966171265,10
182410,0.8129022181034088,10
182487,0.7024610936641693,10
182499,0.655361396074295,10
182510,0.5978095829486847,10
182540,0.8330524464448293,6
182541,0.5367264866828918,10
182544,0.5511224687099456,10
182556,0.4080410718917847,10
182581,0.7653574228286744,10
182593,0.36311235692765975,9
182605,0.6955571949481965,10
182619,0.4764305651187897,10
182626,0.6830025434494018,10
182631,0.6817147493362427,10
182634,0.4195747792720795,10
182635,0.6448204636573791,10
182638,0.7005830466747284,10
182681,0.22910757859547934,9
182694,0.4534647047519684,10
182704,0.8938868641853333,10
182736,0.6848217844963074,10
182770,0.8929121911525726,10
182796,0.5794038295745849,10
182799,0.46184066534042356,10
182801,0.6858857035636902,10
182865,0.15107261538505554,10
182869,0.601250097155571,8
182874,0.60536407828331,10
182875,0.588690710067749,10
182915,0.7904999136924744,10
182952,0.7119974315166473,10
182953,0.5611824333667755,10
182954,0.75510213971138,10
182955,0.7662858565648397,9
182960,0.31695842146873476,10
182978,0.8797478437423706,10
182982,0.8465556204319,10
183006,0.8636056005954742,10
183150,0.5170360982418061,10
183197,0.6178006231784821,10
183212,0.4316341519355774,10
183231,0.6018361926078797,10
183251,0.8070691049098968,10
183264,0.8176083862781525,10
183284,0.4451313018798828,10
183305,0.5560319244861602,10
183308,0.6421435892581939,10
183315,0.7186290562152863,10
183340,0.8895896871884664,9
183346,0.8156542539596557,5
183360,0.9033329963684082,10
183361,0.7258507788181305,10
183364,0.5010027587413788,10
183394,0.7896746039390564,10
183400,0.8014477968215943,10
183401,0.8077304542064667,10
183402,0.5496952712535859,10
183404,0.5258931120236715,6
183405,0.7619123876094818,10
183420,0.9983082175254822,10
183441,0.5464129865169525,10
183447,0.2342406153678894,10
183452,0.34213162064552305,10
183453,0.7687330126762391,5
183459,0.8514707446098327,10
183472,0.4248561163743337,6
183478,0.8105369687080384,5
183479,0.5043313801288605,6
183481,0.30052071809768677,9
183508,0.6826353311538697,10
183511,0.46497429013252256,10
183521,0.7967914462089538,10
183528,0.7026198863983154,10
183532,0.704252976179123,10
183562,0.5396819889545441,10
183571,0.7842717826366424,10
183572,0.8004935681819916,10
183578,0.878089427947998,10
183626,0.5061298608779907,10
183643,0.5872820794582367,10
183649,0.6015137493610382,10
183665,0.4418981075286865,8
183677,0.49573485255241395,10
183716,0.43828679455651176,9
183720,0.48452751636505126,10
183777,0.5415811777114868,10
183778,0.46479398012161255,10
183780,0.7871547639369965,10
183797,0.5156765580177307,10
183831,0.24264318943023683,10
183836,0.990878027677536,10
183839,0.6544333636760712,10
183840,0.5098084390163422,10
183868,0.6012763857841492,5
183874,0.30420603922435213,7
183880,0.867103660106659,10
183881,0.574752220085689,7
183883,0.43717606578554424,7
183896,0.30133174657821654,10
183949,0.26474218964576723,10
183959,0.5559593141078949,10
183963,0.8033086657524109,10
183976,0.4519849896430969,10
184044,0.40091036558151244,10
184085,0.4870717942714691,10
184108,0.3829537630081177,10
184117,0.6916025102138519,10
184145,0.5421318888664246,10
184151,0.41517385840415955,10
184159,0.6953205823898315,10
184170,0.5124970078468323,10
184207,0.16543769240379333,10
184247,0.31356351375579833,10
184266,0.5787806749343872,10
184267,0.6747981071472168,10
184287,0.3010647356510162,10
184337,0.6696393224928114,9
184346,0.7068648099899292,10
184351,0.5458494365215302,10
184371,0.7343415081501007,10
184372,0.6354512095451355,10
184383,0.33145668506622317,10
184424,0.6936589419841767,10
184440,0.7993926882743836,10
184443,0.44976478815078735,10
184459,0.5163710236549377,10
184460,0.41976386308670044,10
184462,0.4598144590854645,10
184473,0.49413341879844663,10
184477,0.9191383242607116,10
184490,0.680423206753201,9
184491,0.7093276143074035,10
184522,0.6951667547225953,10
184525,0.9276477813720703,10
184559,0.9991467475891114,10
184560,0.4096926271915436,10
184561,0.8253191888332367,10
184563,0.9943463563919067,10
184648,0.4117362260818481,10
184663,0.6638002932071686,10
184664,0.5970747649669648,10
184688,0.6949584931135178,8
184700,0.4446619153022766,10
184704,0.4029419839382172,10
184712,0.7261933514050075,7
184730,0.6028331696987153,10
184780,0.6189040541648865,10
184797,0.6706506311893463,6
184800,0.6774189114570618,10
184802,0.4065921902656555,10
184824,0.9934756100177765,10
184842,0.5956874489784241,10
184843,0.42038250820977346,7
184861,0.45189762115478516,3
184866,0.9151644229888916,10
184900,0.2223392128944397,5
184917,0.6000786542892456,10
184919,0.6980932950973511,10
184921,0.3879150688648224,10
184922,0.4971643537282944,8
185021,0.6015430569648743,10
185028,0.47513166069984436,10
185057,0.39231662154197694,10
185104,0.40483365654945375,10
185123,0.791967922449112,10
185154,0.2999285995960236,10
185195,0.341275950272878,3
185196,0.5911602914333344,10
185228,0.464845210313797,6
185241,0.9010675370693206,10
185244,0.49126832485198973,10
185246,0.7981472611427307,10
185262,0.48328078389167783,10
185276,0.4583628594875336,10
185302,0.5830636739730835,10
185331,0.4202464520931244,10
185343,0.6099687278270721,10
185344,0.3911618173122406,10
185350,0.5381482467055321,8
185374,0.9840734243392945,10
185375,0.6354923099279404,8
185378,0.7977321326732636,10
185380,0.7504774808883667,10
185381,0.6282397449016571,10
185383,0.6596255302429199,10
185456,0.7021611988544464,10
185457,0.6770702600479126,10
185497,0.2039325177669525,10
185538,0.4136257290840149,10
185589,0.719858717918396,10
185709,0.6388237297534942,10
185769,0.6298855423927308,10
185813,0.4834458529949188,10
185845,0.5240882873535156,10
185987,0.5966339826583862,10
186020,0.4253678858280182,10
186089,0.357567623257637,8
186141,0.6884306132793426,10
186142,0.611539775133133,10
186185,0.6032475173473358,10
186208,0.31732009053230287,10
186212,0.4707067608833313,10
186265,0.6887840032577515,10
186279,0.4351136922836304,10
186295,0.5580555081367493,10
186302,0.35612539052963255,10
186323,0.7963423013687134,10
186404,0.5799432098865509,10
186435,0.5037624657154083,10
186442,0.5354663312435151,10
186461,0.4896884858608246,8
186475,0.6102582097053528,10
186489,0.45790234208106995,10
186501,0.49939746856689454,10
186510,0.4874336838722229,10
186624,0.45819205707973903,9
186695,0.3998271644115448,10
186701,0.7023060858249665,10
186721,0.4808546006679535,10
186722,0.6117357790470124,10
186723,0.9883148193359375,10
186751,0.9571883320808411,10
186755,0.7642818748950958,10
186767,0.6620609879493713,10
186793,0.519805508852005,10
186799,0.3580419591494969,7
186864,0.7550844848155975,10
186904,0.8227196156978607,10
186905,0.3388329744338989,10
186945,0.7995985865592956,10
186947,0.5709572076797486,10
186974,0.6979362785816192,10
186980,0.7955782771110534,10
186986,0.6336193025112152,10
186990,0.6054850995540619,10
186995,0.42075198888778687,10
187000,0.45500795245170594,10
187032,0.7382321178913116,10
187033,0.20992940664291382,10
187056,0.2097013533115387,10
187104,0.10209094285964966,10
187121,0.6083217620849609,10
187164,0.8787449657917022,10
187186,0.3527339696884155,3
187199,0.5857178270816803,10
187205,0.7230080366134644,8
187273,0.6985380709171295,10
187289,0.8973847568035126,10
187347,0.883763712644577,10
187353,0.553665041923523,10
187377,0.5375830650329589,10
187383,0.9888169467449188,10
187420,0.45619042052163017,9
187488,0.5588667392730713,10
187515,0.38332768678665163,10
187550,0.7987738728523255,10
187587,0.555293619632721,10
187590,0.7112050354480743,10
187617,0.4313827037811279,10
187645,0.7982880651950837,10
187653,0.6892578601837158,10
187673,0.014584332704544067,6
187679,0.6123171091079712,10
187680,0.7224524617195129,10
187687,0.6565074563026428,10
187700,0.6808672070503234,10
187704,0.23224094178941515,9
187719,0.10624687671661377,10
187769,0.4886686623096466,10
187777,0.49845723509788514,10
187785,0.4571419179439545,10
187787,0.24220924377441405,10
187801,0.4102781116962433,10
187806,0.5697746694087982,10
187808,0.6931616842746735,10
187834,0.6126981616020203,10
187959,0.5181769669055939,10
187976,0.7010132670402527,10
188018,0.514279043674469,10
188021,0.4164081931114197,10
188051,0.6336606800556183,10
188124,0.601786881685257,10
188129,0.4197660446166992,10
188164,0.7888217985630035,10
188178,0.8001148164272308,10
188181,0.21824487447738647,10
188188,0.5511484682559967,10
188196,0.7058372557163238,10
188198,0.7936898827552795,5
188204,0.6413526038328806,6
188225,0.7502402544021607,10
188292,0.4490038582256862,7
188314,0.34003034234046936,10
188325,0.5087167680263519,10
188343,0.5415531396865845,10
188347,0.3013128101825714,10
188389,0.6902485638856888,8
188390,0.5987756669521331,10
188465,0.7940701544284821,10
188493,0.5533171627256606,9
188527,0.6027365803718567,10
188530,0.43282503485679624,10
188547,0.6719235122203827,10
188576,0.579926073551178,10
188601,0.40652247667312624,10
188614,0.9911845743656158,10
188720,0.8601423382759095,10
188753,0.8609195649623871,10
188758,0.5101739287376403,10
188759,0.6034661948680877,10
188793,0.7540171563625335,10
188825,0.6014560282230377,10
188834,0.572579973936081,10
188866,0.7659840822219849,10
188885,0.7042205572128296,10
188908,0.6023397505283355,10
188920,0.5095151841640473,10
188952,0.7696977317333221,10
188991,0.8957560062408447,10
188997,0.6330251157283783,10
189030,0.7306673705577851,10
189052,0.6137244939804077,10
189056,0.7835912644863129,10
189062,0.6012038886547089,10
189067,0.4053254246711731,10
189123,0.9716844916343689,10
189154,0.40721378326416013,10
189160,0.6791317939758301,10
189166,0.8497161626815796,10
189192,0.42087684869766234,10
189201,0.3422008275985718,10
189203,0.3863008990883827,8
189218,0.384898046652476,3
189222,0.7287842035293579,10
189294,0.6003185689449311,10
189341,0.3074371814727783,10
189350,0.688673460483551,10
189351,0.2328706741333008,10
189427,0.7097565233707428,6
189434,0.4132912218570709,10
189453,0.6105899572372436,10
189489,0.07536014318466186,10
189504,0.5940217673778534,10
189506,0.7240942597389222,10
189520,0.2951931059360504,10
189603,0.5099900737404823,8
189610,0.8208479483922323,6
189628,0.5946075737476348,10
189660,0.8597508132457733,10
189663,0.8240901231765747,10
189664,0.856587266921997,10
189678,0.6020226553082466,8
189735,0.42324367591312956,7
189806,0.7742877304553986,10
189816,0.9248666226863861,10
189829,0.7916126310825348,10
189833,0.45386008024215696,10
189848,0.4937142074108124,10
189869,0.5734567642211914,10
189890,0.5924809575080872,10
189902,0.6113020062446595,10
189919,0.3665085196495056,10
189925,0.346464729309082,10
189932,0.8040527701377869,10
189969,0.7522629946470261,4
190015,0.6872989654541015,10
190017,0.6895644009113312,10
190047,0.7514950275421143,10
190064,0.5945172905921936,7
190073,0.6596082210540771,10
190082,0.6713784396648407,10
190104,0.531338095664978,6
190115,0.6276722773909569,8
190162,0.5182582139968872,10
190232,0.4029612123966217,10
190247,0.4591632604598999,10
190264,0.5475561916828156,10
190266,0.6608521521091462,10
190330,0.3570911983648936,6
190333,0.5031785786151886,10
190400,0.7958014726638794,10
190409,0.7109921489443097,7
190462,0.686431610584259,10
190523,0.6141385316848755,10
190572,0.7274804055690766,10
190577,0.7745739579200744,10
190639,0.7013512253761292,10
190685,0.45348720252513885,8
190700,0.5043868243694305,10
190737,0.5075870056947073,6
190758,0.8556748032569885,10
190828,0.6738783915837606,6
190915,0.808374148607254,10
191004,0.6403115749359131,10
191032,0.6961379766464233,10
191038,0.2598999321460724,10
191041,0.1202095091342926,10
191043,0.21603962779045105,10
191049,0.5409119129180908,10
191051,0.7756191074848175,10
191055,0.6422694802284241,10
191057,0.6041224539279938,10
191065,0.7067579627037048,10
191067,0.6462382555007935,10
191070,0.40230125188827515,10
191071,0.6759796798229217,10
191073,0.6509060978889465,10
191077,0.5540094435214996,10
191081,0.3308276474475861,10
191095,0.7653666198253631,10
191110,0.6205619275569916,10
191128,0.5128303945064545,10
191133,0.4732832670211792,5
191135,0.5052145957946778,10
191177,0.3048995018005371,10
191178,0.3145538032054901,10
191189,0.6824316263198853,10
191191,0.4134699940681458,10
191201,0.8768431007862091,10
191205,0.721089281141758,8
191216,0.5681812663873037,6
191231,0.7515970170497894,10
191285,0.9908100306987763,10
191288,0.6104201138019562,10
191296,0.7074456512928009,10
191300,0.8415700674057007,10
191301,0.6658280909061431,10
191351,0.5995835483074188,10
191364,0.6314324259757995,10
191374,0.6283177554607391,10
191387,0.7902331650257111,10
191432,0.4810887277126312,10
191438,0.6344257712364196,10
191473,0.7672427535057068,10
191475,0.4644537329673767,10
191478,0.4848931908607483,10
191512,0.5279649347066879,8
191538,0.48585209250450134,10
191543,0.5019404709339141,10
191572,0.7053355991840362,10
191579,0.8820026516914368,10
191597,0.580921185016632,10
191612,0.8038652837276459,10
191624,0.32514569759368894,10
191657,0.14552745819091797,10
191681,0.7009726822376251,10
191687,0.6050518572330474,10
191714,0.48733898997306824,10
191790,0.7999777495861053,10
191862,0.5191597580909729,10
191876,0.6104276239871979,10
191877,0.6906222701072693,10
191879,0.6945460855960846,10
191880,0.21185306310653687,10
191893,0.7099983181272235,7
191894,0.5560344517230987,10
191895,0.06000438928604126,10
191901,0.5839166700839996,10
191906,0.5928401231765748,10
191910,0.43306842872074675,7
191916,0.5086944222450256,10
191923,0.8789168715476989,10
191925,0.6564330220222473,10
191932,0.7596734225749969,10
191963,0.6952288389205933,10
191972,0.465589714050293,10
191977,0.5053344964981079,10
191982,0.48910722732543943,10
191986,0.5749843657016754,10
191989,0.7026163220405579,10
191991,0.8188945114612579,10
191998,0.49568080306053164,10
191999,0.23236849904060364,10
192016,0.608883935213089,10
192017,0.5888411998748779,5
192023,0.8497937023639679,10
192032,0.3333616256713867,10
192059,0.6872185170650482,10
192074,0.6450464606285096,10
192116,0.21319279670715333,10
192120,0.6342935502529145,10
192135,0.794258576631546,10
192153,0.8457364022731781,10
192185,0.36187498569488524,10
192201,0.7004698872566223,10
192203,0.4976774275302887,10
192225,0.8981935441493988,10
192226,0.8862899740537008,9
192233,0.8099210759003957,6
192235,0.8359522918860117,6
192237,0.6828854024410248,10
192240,0.7449783384799957,10
192245,0.4160484416144235,7
192268,0.30050879120826723,10
192274,0.5015859544277191,10
192275,0.026116559902826946,6
192283,0.7333562672138214,10
192286,0.5159031093120575,10
192288,0.6837899565696717,10
192291,0.8211042761802674,10
192296,0.5270072638988494,10
192297,0.898214852809906,10
192311,0.49212679266929626,6
192312,0.5178390800952911,10
192315,0.6411504566669464,10
192320,0.9910956422487894,6
192321,0.42363458020346506,7
192322,0.19925280809402465,5
192324,0.7489995062351227,10
192334,0.5212266027927399,10
192343,0.7239019751548768,10
192344,0.6048658549785614,10
192345,0.023601847887039184,10
192346,0.4570788502693176,10
192349,0.5963926136493682,10
192351,0.6553022563457489,10
192352,0.6973929166793823,10
192353,0.8021134912967682,10
192355,0.6836079597473145,10
192401,0.5393528401851654,10
192409,0.7582504004240036,8
192455,0.4598216414451599,10
192457,0.30884318947792055,10
192458,0.6161927580833435,10
192496,0.8107264995574951,10
192500,0.6620359288321601,9
192508,0.32129920125007627,10
192547,0.6852672278881073,10
192605,0.705059152841568,10
192619,0.6122020244598388,10
192623,0.5023136973381043,10
192634,0.5545985639095307,10
192635,0.6820752819379171,6
192638,0.6979723513126374,10
192656,0.6765109419822692,10
192668,0.7939675748348236,10
192673,0.4732498347759247,10
192696,0.4039979338645935,10
192701,0.5877819240093232,10
192717,0.7215360701084137,10
192728,0.7235225183623177,7
192729,0.45741393566131594,10
192730,0.7881433606147766,10
192731,0.7207373210362026,7
192735,0.6408789575099945,10
192762,0.49727174639701843,10
192777,0.36060442924499514,10
192801,0.482985344198015,9
192802,0.5369530260562897,10
192824,0.4947888195514679,10
192827,0.702682089805603,10
192829,0.5846602022647858,10
192830,0.8032633066177368,10
192834,0.5142176210880279,10
192836,0.6075208365917206,10
192858,0.5906418144702912,10
192860,0.6722889363765716,10
192891,0.6008575558662415,10
192904,0.3471478422482808,6
192906,0.6791452467441559,10
192909,0.22649191021919252,10
192924,0.35436637997627257,10
192927,0.4917271018028259,10
192934,0.604408198595047,10
192945,0.7087217450141907,10
192947,0.3545663058757782,10
192984,0.602504551410675,10
193029,0.7713436007499694,10
193031,0.20104134678840638,10
193037,0.5056928992271423,10
193042,0.8962388277053833,10
193049,0.5278542108005948,9
193062,0.5942990958690644,10
193083,0.5112496137619018,10
193103,0.8999450445175171,10
193105,0.3073276460170746,10
193121,0.5223531782627105,10
193122,0.6037087678909302,10
193131,0.3356725573539734,7
193134,0.5772474010785421,3
193141,0.5993291974067688,10
193161,0.3300797641277313,10
193164,0.4087629795074463,10
193193,0.7505969047546387,10
193210,0.5377763628959655,10
193212,0.6106614768505096,10
193213,0.30735700726509096,10
193214,0.9380666732788085,10
193238,0.7187412321567536,10
193240,0.8962684154510498,10
193248,0.7333701491355896,10
193265,0.3646187484264374,10
193271,0.06823700666427612,4
193272,0.6690334975719452,6
193278,0.3757489025592804,10
193291,0.9293386101722717,10
193295,0.3966700851917267,10
193301,0.6618556618690491,10
193308,0.6235828399658203,10
193322,0.5450137495994568,10
193327,0.659682959318161,10
193328,0.2798027634620667,10
193329,0.3686204254627228,8
193417,0.6007488429546356,10
193422,0.519375330209732,10
193428,0.5998125612735749,10
193436,0.7006105005741119,10
193483,0.5702060699462891,10
193485,0.6388907670974732,10
193486,0.8262879967689514,10
193488,0.409341025352478,10
193500,0.1293803870677948,10
193512,0.6542687177658081,10
193551,0.4877982556819916,10
193557,0.6659175157546997,10
193558,0.8371993958950043,10
193560,0.3158585071563721,10
193577,0.7687046825885773,6
193584,0.6207078754901886,10
193592,0.6857689142227172,10
193621,0.580315887928009,10
193628,0.397768098115921,10
193651,0.7441035211086273,10
193668,0.39954291582107543,10
193670,0.8394554257392883,10
193681,0.8449735556329999,7
193693,0.44630886912345885,10
193695,0.6068710148334503,10
193696,0.4059660255908966,10
193697,0.9065034747123718,10
193699,0.6745437383651733,6
193700,0.8875449180603028,10
193715,0.4813991546630859,10
193725,0.8987777411937714,10
193727,0.4095696687698364,10
193728,0.5073301196098328,10
193737,0.6987121045589447,10
193738,0.6831329941749573,10
193739,0.3185039281845093,10
193792,0.8887544870376587,10
193818,0.4933492481708527,10
193831,0.5013043522834778,10
193840,0.8969750344753266,10
193854,0.4931247651576996,10
193867,0.884669828414917,10
193912,0.6542886078357697,10
193949,0.5846522629261017,10
193953,0.8644523739814758,10
193981,0.5223112523555755,10
194019,0.6580582797527313,10
194028,0.7366355121135711,10
194032,0.5591419816017151,10
194033,0.4981542097197639,9
194034,0.5872936844825745,6
194040,0.6570950845877329,6
194061,0.3941774070262909,10
194062,0.8689661204814911,10
194075,0.7307146251201629,10
194078,0.5146734476089477,10
194079,0.2313975751399994,10
194081,0.606563925743103,10
194088,0.4432908475399017,10
194094,0.7833974733948708,8
194100,0.5040260255336761,10
194102,0.7768834233283997,10
194184,0.8428450127442678,6
194194,0.6907907009124756,10
194196,0.5453996658325195,10
194228,0.5171621918678284,10
194229,0.5981025695800781,10
194230,0.681233698129654,10
194231,0.5617567479610444,10
194232,0.7489337503910065,10
194233,0.7637098610401154,10
194234,0.9649091720581054,10
194286,0.7058392405509949,10
194298,0.608416736125946,10
194301,0.5531367778778076,10
194307,0.6900525867938996,10
194387,0.5781237065792084,10
194388,0.4227850352014814,7
194392,0.8060217440128327,10
194400,0.5895439028739929,5
194438,0.6174878895282745,10
194496,0.6522488355636596,10
194505,0.5161062836647033,10
194517,0.7202727198600769,10
194523,0.5181219279766083,10
194532,0.46371425688266754,4
194534,0.5226712397166661,7
194536,0.5950227916240692,10
194553,0.8529059946537018,10
194577,0.7047890424728394,10
194594,0.7871378123760223,10
194607,0.7791713774204254,10
194626,0.7389928817749023,10
194640,0.5051388144493103,10
194655,0.8976286590099335,10
194688,0.5829290628433228,10
194690,0.47836652398109436,10
194723,0.48400343060493467,10
194777,0.6285043001174927,10
194789,0.644352525472641,10
194820,0.5854403614997864,10
194874,0.8448497891426087,10
194879,0.6348410785198212,10
194880,0.8122270584106446,10
194923,0.7873926162719727,10
194960,0.5866944015026092,10
194964,0.7053577184677124,10
194966,0.6517480744255914,9
194974,0.7735671043395996,5
194976,0.9966135680675506,10
194986,0.8913360953330993,10
194992,0.2442315419514974,9
194998,0.38781986236572263,5
195043,0.7895320534706116,10
195073,0.48716155886650087,10
195137,0.41708879470825194,10
195149,0.8035491168498993,10
195161,0.41780603528022764,10
195162,0.7084048807621002,10
195163,0.5119014322757721,10
195179,0.6433791220188141,10
195180,0.4445090115070343,10
195194,0.3992394983768463,10
195195,0.26530155539512634,10
195205,0.21069716215133666,10
195214,0.7226107001304627,10
195226,0.8248231112957001,10
195227,0.7092892050743103,10
195231,0.418160218000412,10
195232,0.6895859241485596,10
195237,0.28465983271598816,10
195242,0.7670999228954315,10
195253,0.509407639503479,10
195275,0.46576069593429564,10
195296,0.5690190732479096,10
195314,0.6575913190841675,10
195353,0.7276491284370422,10
195372,0.6889061152935028,10
195373,0.49879533648490904,10
195421,0.6005620956420898,10
195454,0.8713147580623627,10
195455,0.3051708221435547,10
195456,0.7343001127243042,10
195476,0.6053143858909606,10
195477,0.6227502584457397,10
195484,0.4401587247848511,10
195489,0.6441954851150513,10
195503,0.6107707917690277,10
195508,0.6099235475063324,10
195515,0.6552453935146332,10
195518,0.41316136717796326,10
195528,0.5254249513149262,10
195533,0.6677019596099854,10
195535,0.5416511833667755,10
195539,0.7065805315971374,10
195544,0.6435579240322113,10
195545,0.3155725419521332,10
195547,0.5029252231121063,10
195560,0.4188674807548523,10
195571,0.6220208406448364,10
195623,0.5992490231990815,10
195696,0.5043104827404022,10
195709,0.5286771118640899,10
195742,0.5041586756706238,10
195842,0.2657766580581665,10
195856,0.6960034728050232,10
195867,0.7158575236797333,10
195981,0.6063487291336059,10
196031,0.21571087837219238,10
196105,0.8614970326423645,10
196122,0.5809805154800415,10
196202,0.5665313839912415,10
196217,0.49727060198783873,10
196220,0.8010199964046478,10
196234,0.4992632806301117,10
196256,0.6747818171977997,10
196257,0.7934430301189422,10
196305,0.6173474192619324,10
196306,0.6129849195480347,10
196326,0.8781104981899261,10
196328,0.7895939946174622,10
196340,0.5433915019035339,10
196342,0.4298307776451111,10
196348,0.9997808933258057,10
196354,0.6806008219718933,10
196379,0.2985152542591095,10
196392,0.5052429139614105,10
196496,0.48571586012840273,10
196526,0.5750849068164825,10
196612,0.5053540945053101,10
196634,0.6014131128787994,10
196676,0.7110011518001557,10
196698,0.610730892419815,10
196712,0.5057129502296448,10
196953,0.46581515669822693,10
197020,0.7860686779022217,3
197061,0.5802933514118195,10
197065,0.5717893064022064,10
197066,0.7915735065937042,10
197067,0.6246708393096924,10
197068,0.5104749619960784,10
197069,0.5911591172218322,10
197070,0.6677637040615082,10
197071,0.50611771941185,10
197072,0.9396832466125489,10
197073,0.7042788445949555,10
197075,0.3704365134239197,10
197076,0.49846072793006896,10
197097,0.8132675230503082,10
197101,0.8281206071376801,10
197178,0.891963803768158,10
197269,0.39990540146827697,10
197285,0.4088470697402954,10
197320,0.6272926509380341,10
197321,0.5389358818531036,10
197333,0.7781231522560119,10
197376,0.31857836842536924,10
197377,0.694335800409317,10
197405,0.7940689444541931,10
197408,0.7358555734157562,10
197409,0.6135702669620514,10
197414,0.6708677212397257,3
197433,0.552989262342453,10
197435,0.5767153322696685,10
197439,0.7159453570842743,10
197443,0.8370945692062378,10
197451,0.17630879878997802,10
197455,0.707502943277359,10
197528,0.48975788354873656,10
197538,0.4993695765733719,4
197551,0.6517509619394938,3
197571,0.6960527777671814,10
197572,0.7311444222927094,10
197588,0.5217482924461365,10
197633,0.7931682646274567,10
197635,0.714466804265976,10
197641,0.41629181802272797,8
197705,0.7802144825458527,10
197707,0.632562381029129,10
197760,0.7361389338970185,10
197783,0.7260230898857116,10
197786,0.7060133755207062,10
197788,0.6740617036819458,10
197790,0.808721387386322,10
197831,0.20730419754981994,10
197865,0.6342584908008575,10
197893,0.49974759221076964,10
197909,0.29439648389816286,10
197911,0.7875882685184479,10
197928,0.30150928497314455,10
197944,0.5929155945777893,10
197946,0.8977605283260346,10
198003,0.8988651514053345,10
198005,0.9000667572021485,10
198044,0.6819577872753143,10
198059,0.2516811490058899,10
198060,0.35043761134147644,10
198086,0.6813502411047617,6
198087,0.5011095762252807,10
198110,0.45558600425720214,10
198138,0.5968253374099731,10
198142,0.6639128658506606,9
198147,0.4191819131374359,10
198190,0.5811144173145294,10
198287,0.6206827342510224,10
198305,0.4373181939125061,10
198328,0.5341219902038574,10
198408,0.5692689776420593,10
198412,0.4339726746082306,10
198414,0.8184240698814392,10
198447,0.6157249450683594,10
198450,0.20034925937652587,10
198454,0.4469248354434967,10
198455,0.40743868947029116,10
198456,0.6982533872127533,10
198487,0.7977610528469086,10
198513,0.418052077293396,10
198517,0.6003613412380219,10
198522,0.6022790849208832,10
198525,0.6981062114238739,10
198537,0.7551877439022064,10
198548,0.6271886169910431,10
198549,0.6437796771526336,10
198574,0.6530950367450714,10
198608,0.6188546717166901,10
198609,0.6928341627120972,10
198611,0.6142741084098816,10
198630,0.7600042283535003,10
198634,0.5133104145526886,10
198668,0.8424543857574462,10
198670,0.7951911985874176,10
198671,0.7521325409412384,10
198700,0.7849667608737946,10
198701,0.8746054470539093,10
198707,0.5270197451114654,10
198740,0.7957622289657593,10
198773,0.6689233005046844,10
198775,0.41515124440193174,10
198778,0.6937002599239349,10
198791,0.5872091829776764,10
198825,0.4999828636646271,10
198830,0.4077869474887848,10
198832,0.8623161792755127,10
198836,0.21061083674430847,10
198855,0.30305553674697877,10
198881,0.8968776166439056,10
198886,0.49999194145202636,10
198898,0.4609345316886902,10
198928,0.7927083790302276,10
198953,0.7225098371505737,10
198961,0.5970040202140808,10
198971,0.7269021391868591,10
198984,0.692924416065216,10
198985,0.4441299080848694,10
198991,0.32321618497371674,8
198994,0.44566628336906433,10
199007,0.5353203680780199,9
199026,0.9818864663441976,3
199042,0.7440065026283265,10
199047,0.5216255605220794,10
199076,0.7043830037117005,10
199086,0.7742349624633789,10
199182,0.7965569496154785,10
199223,0.535104262828827,10
199242,0.780133318901062,10
199247,0.15465744336446127,6
199269,0.6545462012290955,10
199309,0.6578967869281769,10
199357,0.5165676474571228,10
199382,0.2878994941711426,10
199383,0.31920992136001586,10
199394,0.710660195350647,10
199401,0.48283882273568046,9
199478,0.6596624672412872,10
199493,0.8059334814548492,10
199497,0.7542592823505402,10
199530,0.4057684659957886,10
199561,0.7113823294639587,10
199590,0.2721231058239937,8
199611,0.626534640789032,7
199646,0.6864705622196198,10
199689,0.2515946850180626,8
199690,0.502091109752655,10
199723,0.39991880059242246,10
199766,0.545240581035614,10
199780,0.6999694585800171,10
199790,0.6252010729577806,9
199792,0.642090767621994,10
199793,0.6627633750438691,10
199800,0.3848828971385956,8
199825,0.6133526762326559,9
199881,0.45292243361473083,10
199882,0.4993454337120056,10
199904,0.5100004136562347,10
199907,0.6911122381687165,10
199908,0.6019175350666046,10
199913,0.7252919733524322,10
199966,0.7650860130786896,10
200057,0.7798904657363892,10
200058,0.6424203515052795,10
200077,0.8794009685516357,10
200083,0.6243707537651062,6
200096,0.4935597062110901,10
200115,0.5874587655067444,10
200147,0.8318700671195984,10
200170,0.6979543983936309,10
200171,0.6893573939800263,10
200188,0.42529888153076173,10
200247,0.8587210237979889,10
200257,0.6085423350334167,10
200280,0.9487270176410675,10
200282,0.7994042634963989,10
200314,0.6000921527544657,9
200351,0.7295217275619507,10
200359,0.2253419816493988,10
200371,0.7908663213253021,10
200396,0.6736866176128388,10
200407,0.15791537364323935,3
200454,0.40751797556877134,10
200456,0.6812027215957641,10
200500,0.7043181657791138,10
200511,0.5836334824562073,10
200512,0.6831162989139556,10
200527,0.7378453373908996,10
200549,0.8923271979604449,7
200551,0.6880912780761719,10
200593,0.16575656086206436,8
200610,0.3956056356430054,10
200632,0.5077844321727752,10
200646,0.6998120188713074,10
200672,0.7213758230209351,9
200680,0.4613355159759521,10
200726,0.7758151352405548,10
200729,0.5676907122135162,10
200760,0.44712590575218203,10
200783,0.5021500706672668,10
200785,0.6137216806411743,10
200792,0.29238929067339214,7
200825,0.45461612194776535,8
200834,0.4368324041366577,10
200836,0.18070595264434813,10
200847,0.2975983083248138,10
200853,0.6997012555599212,10
200871,0.5278283059597015,10
200886,0.8997627258300781,10
200888,0.6006803691387177,10
200890,0.5377694308757782,10
200924,0.34929783940315245,10
200934,0.5587874054908752,10
200954,0.7931908190250396,10
200957,0.36843007802963257,10
200959,0.38788524866104124,10
200988,0.7382428646087646,8
200999,0.5122584700584412,4
201006,0.8917235970497132,10
201012,0.25128098726272585,10
201026,0.9939430236816407,10
201028,0.7742768585681915,10
201037,0.629947304725647,10
201046,0.7973634839057923,10
201048,0.762539541721344,10
201054,0.7518208682537079,10
201139,0.4223800301551819,10
201144,0.5921793222427368,10
201186,0.5117134034633637,10
201243,0.24469596147537231,5
201248,0.7663094580173493,10
201281,0.4466687500476837,10
201305,0.5937084674835205,10
201307,0.40405625104904175,10
201308,0.898499709367752,10
201345,0.396451073884964,10
201406,0.7387584686279297,10
201416,0.7571154832839966,10
201446,0.7024630546569824,10
201453,0.5954398214817047,10
201455,0.7867092847824096,10
201458,0.8430923091040717,9
201478,0.7575338363647461,10
201502,0.0038874372839927673,8
201509,0.6294560909271241,10
201510,0.7191758394241333,10
201520,0.9974859058856964,6
201551,0.7997731506824494,10
201557,0.7992279708385468,10
201560,0.5484465599060059,10
201668,0.6958123624324799,10
201808,0.6164840161800385,10
201812,0.701294606924057,10
201825,0.7471710979938507,10
201842,0.3975136637687683,5
201846,0.42565853595733644,10
201861,0.49313668012619016,10
201920,0.5554901838302613,10
201921,0.5738255918025971,10
201971,0.7204544203622001,7
201973,0.5626346639224461,7
202025,0.41865705847740176,10
202026,0.6772552192211151,10
202077,0.5625061333179474,10
202096,0.7302281260490417,10
202204,0.622769170999527,10
202207,0.8298144996166229,10
202223,0.6933347046375274,10
202227,0.39885910749435427,10
202245,0.9009462118148803,10
202254,0.2221279501914978,10
202265,0.3308583080768585,10
202288,0.9969551980495452,10
202296,0.4908967435359955,10
202303,0.8995543658733368,10
202375,0.3547762453556061,10
202408,0.41598727107048034,10
202426,0.320681494474411,10
202435,0.6185430109500885,10
202443,0.6007579922676086,10
202477,0.6607067286968231,10
202478,0.6068951904773712,10
202490,0.7752578556537628,10
202494,0.5011522471904755,10
202513,0.8357503056526184,10
202516,0.38040540367364883,8
202517,0.7025887029511588,7
202564,0.3440989017486572,10
202566,0.6399027824401855,10
202581,0.49727522730827334,10
202582,0.7703678786754609,10
202583,0.5936201572418213,10
202589,0.1086203396320343,10
202617,0.4291018181376987,9
202624,0.6657857629987929,9
202652,0.8061605274677277,10
202664,0.6116177320480347,10
202670,0.8866424441337586,10
202674,0.8615315914154053,10
202721,0.6995018422603607,10
202723,0.6021228134632111,10
202726,0.2931168930871146,7
202732,0.37284759879112245,10
202737,0.509894722700119,10
202742,0.7502413615584373,8
202755,0.48723138570785524,10
202771,0.29909400939941405,10
202776,0.6145229339599609,10
202819,0.5010874390602111,10
202884,0.5297523736953735,10
202896,0.5801455080509186,10
202942,0.7880390584468842,10
202945,0.5059071779251099,4
202975,0.6693166891733805,9
202977,0.6802859604358673,10
202982,0.6561823189258575,10
202994,0.8906703889369965,10
203002,0.7755992650985718,5
203019,0.5997820347547531,4
203029,0.6986729145050049,10
203042,0.6444255650043488,10
203083,0.42171473503112794,10
203087,0.7004360496997833,10
203102,0.6232060611248016,10
203104,0.7084130704402923,10
203170,0.7998699247837067,10
203191,0.5597612619400024,10
203195,0.5845370531082154,5
203204,0.7804717123508453,10
203215,0.7492854535579682,10
203238,0.6466599941253662,10
203265,0.609917801618576,10
203266,0.5880443453788757,10
203270,0.780707848072052,10
203312,0.6091687679290771,10
203321,0.8156641840934753,10
203381,0.5995546221733093,5
203401,0.222938425011105,9
203405,0.8361155927181244,10
203408,0.7971436202526092,10
203410,0.8332247336705526,6
203411,0.43728742003440857,10
203416,0.3917560338973999,10
203417,0.19278753995895387,10
203420,0.6470464646816254,10
203421,0.7432877719402313,10
203427,0.5642118752002716,10
203430,0.7742034494876862,10
203462,0.7127675890922547,10
203560,0.7340405106544494,10
203584,0.5720714390277862,10
203624,0.4025301277637482,10
203655,0.5154984772205353,10
203661,0.6931945264339447,10
203673,0.5955722868442536,10
203710,0.9928487420082093,10
203715,0.3850924551486969,10
203716,0.7968035459518432,10
203719,0.7105069696903229,10
203739,0.182981675863266,10
203740,0.8455860018730164,10
203759,0.37470311522483823,10
203760,0.020771071314811707,4
203780,0.21466178297996522,10
203788,0.7666864461368985,9
203800,0.5570594668388367,10
203818,0.09844244718551635,10
203828,0.5689555644989014,10
203845,0.6347875237464905,10
203884,0.4545435640547011,9
203885,0.5789814472198487,10
203967,0.39831271171569826,10
203993,0.5845135092735291,10
203997,0.35223478078842163,9
204003,0.6685718715190887,10
204027,0.8223601222038269,10
204055,0.4404866933822632,10
204069,0.6181085586547852,10
204135,0.5927998840808868,10
204138,0.3000267565250397,10
204141,0.5490195512771606,10
204142,0.6403875291347504,10
204143,0.5005037486553192,10
204175,0.6360285878181458,10
204184,0.6022350072860718,10
204201,0.5120563745498657,10
204281,0.8218643188476562,10
204286,0.546691483259201,10
204305,0.768428909778595,10
204314,0.6298440456390381,10
204323,0.6636485934257508,10
204397,0.9957077768113878,9
204407,0.4804286539554596,10
204429,0.05634438991546631,5
204431,0.4072334110736847,10
204461,0.5891137480735779,10
204466,0.6609762728214263,10
204470,0.4410828113555908,10
204472,0.548378849029541,10
204493,0.7768176376819611,10
204496,0.49354533354441327,6
204498,0.5871907472610474,10
204504,0.21315572261810303,10
204505,0.4150115430355072,10
204516,0.5823806285858154,10
204541,0.8052148282527923,10
204543,0.39885070323944094,10
204574,0.7664931356906891,10
204575,0.31600982546806333,10
204576,0.49633011817932127,10
204577,0.3749217212200165,10
204578,0.6087482154369355,10
204583,0.7964629113674164,10
204592,0.7941697180271149,10
204599,0.6105834364891052,10
204600,0.5810217431613377,7
204601,0.6301568686962128,10
204602,0.5144908368587494,10
204605,0.4110044002532959,10
204615,0.5922115862369537,10
204671,0.5992960155010223,10
204675,0.62125523686409,10
204680,0.8995822489261627,10
204681,0.1254071354866028,10
204728,0.5128611385822296,10
204733,0.6769230663776398,10
204734,0.4359703898429871,10
204755,0.8663650929927826,10
204764,0.6869308173656463,10
204801,0.38809890747070314,10
204802,0.21442186832427979,5
204803,0.7121419131755828,10
204817,0.594250214099884,10
204836,0.33650174736976624,10
204837,0.5907151460647583,10
204879,0.7939408242702484,10
204886,0.5942446708679199,10
204887,0.19404415488243104,10
204892,0.7556606411933899,10
204895,0.7160239040851593,10
205039,0.7115740299224853,10
205045,0.4073100686073303,10
205046,0.5915718495845794,10
205057,0.8109797239303589,10
205059,0.3688049912452698,10
205072,0.34512309432029725,10
205078,0.35901989340782164,10
205079,0.3322109758853912,10
205080,0.34067577719688413,10
205101,0.45160588026046755,10
205125,0.8019763827323914,10
205127,0.6880084335803985,10
205158,0.5876688659191132,10
205164,0.80892373919487,10
205185,0.523347008228302,10
205226,0.2358419418334961,10
205263,0.6214564859867096,10
205308,0.607089763879776,10
205317,0.6081259787082672,10
205322,0.3897330045700073,10
205345,0.4258860111236572,5
205346,0.3116364061832428,10
205359,0.47278289794921874,10
205398,0.8477831840515136,10
205418,0.6158953189849854,10
205419,0.701243382692337,10
205420,0.4645684599876404,10
205439,0.6246110320091247,10
205477,0.44828428626060485,10
205478,0.7471838848931449,7
205494,0.49184211492538454,10
205495,0.3011610933712551,7
205496,0.3570811152458191,10
205498,0.5302133560180664,10
205506,0.9927082777023315,10
205507,0.3708669304847717,10
205542,0.37923569083213804,10
205544,0.6509012401103973,10
205597,0.3681983590126038,10
205604,0.40316526889801024,10
205610,0.591640692949295,10
205637,0.5930530667304993,10
205667,0.6269796013832092,10
205716,0.35349332690238955,10
205766,0.6969495117664337,10
205774,0.5870476841926575,10
205776,0.47263256311416624,10
205790,0.33807786703109743,10
205819,0.5415289521217346,10
205826,0.7493143737316131,10
205831,0.29068074822425843,10
205865,0.2923092246055603,7
205867,0.6211570024490356,10
205873,0.3174419701099396,10
205876,0.4079368054866791,10
205877,0.7492725849151611,4
205884,0.3115155756473541,10
205885,0.553259265422821,10
205896,0.4990227460861206,10
205907,0.7001451313495636,10
205961,0.46473872661590576,10
206051,0.6700268447399139,10
206061,0.6239885866641999,10
206068,0.7185249984264374,10
206074,0.6104392170906067,10
206082,0.2875999867916107,10
206083,0.35056963562965393,10
206084,0.6352925360202789,10
206087,0.3384750783443451,10
206091,0.8996638536453248,10
206150,0.9047772765159607,10
206156,0.6057074427604675,10
206169,0.7883437931537628,10
206175,0.5880845785140991,10
206202,0.9993030250072479,10
206206,0.7996607959270478,10
206266,0.23733651638031006,10
206274,0.5059202551841736,10
206299,0.8912715017795563,10
206327,0.3282661736011505,10
206410,0.32374517917633056,10
206437,0.7629639387130738,10
206446,0.7197492122650146,4
206448,0.8018336772918702,10
206450,0.31130847334861755,10
206463,0.6431668281555176,10
206464,0.47592381238937376,10
206480,0.7351065695285797,10
206490,0.3459416449069977,10
206504,0.7039232194423676,10
206508,0.8696897327899933,8
206509,0.79839888215065,10
206516,0.2297821342945099,10
206540,0.4013285219669342,10
206588,0.6629938542842865,10
206591,0.6992070734500885,10
206594,0.8458760023117066,10
206666,0.598081088066101,10
206681,0.8153465926647187,10
206686,0.4304713666439056,10
206715,0.4102413594722748,10
206718,0.7001806318759918,10
206753,0.6617020964622498,10
206754,0.49755550622940065,10
206757,0.6977687239646911,10
206780,0.3841887772083282,10
206798,0.5409916894776481,7
206802,0.42846791744232177,10
206803,0.8955331027507782,10
206805,0.7838476836681366,10
206844,0.5233320474624634,10
206851,0.39117916226387023,10
206859,0.8005514323711396,10
206904,0.5743518769741058,10
206915,0.40608627796173097,10
206925,0.4943227231502533,10
206928,0.601759958267212,10
206931,0.6873261392116546,10
206938,0.194769948720932,10
206939,0.5055460512638092,10
206940,0.5468274176120758,10
206941,0.3669054627418518,10
206943,0.4037573277950287,10
207010,0.6614120006561279,10
207016,0.7654214143753052,10
207062,0.730893337726593,10
207063,0.33061303695042926,3
207117,0.401195764541626,10
207167,0.2990247905254364,10
207202,0.4684327065944672,10
207203,0.7002993166446686,10
207207,0.6411593794822693,10
207208,0.5155007421970368,10
207230,0.7324281573295593,10
207242,0.33898929357528684,10
207243,0.4669559359550476,10
207290,0.5133878529071808,10
207310,0.45799980163574217,10
207311,0.4036319315433502,10
207330,0.5044810354709626,10
207335,0.9945945739746094,8
207336,0.5962710678577423,10
207338,0.4874427497386932,10
207347,0.6122268557548523,10
207351,0.503530889749527,10
207378,0.8507741510868072,10
207398,0.6442223310470581,10
207442,0.681523734331131,10
207486,0.4991300642490387,10
207487,0.32087252140045164,10
207568,0.49172735810279844,10
207572,0.7369802534580231,10
207602,0.4984859625498454,6
207653,0.3459984362125397,6
207670,0.32362168033917743,6
207687,0.7810175955295563,10
207691,0.6986014306545257,10
207713,0.6616780698299408,10
207719,0.7684452831745148,8
207729,0.8237478494644165,10
207753,0.7866636455059052,10
207764,0.4038456559181213,10
207783,0.6987478733062744,10
207796,0.4291786253452301,10
207809,0.7471814155578613,4
207814,0.6223011985421181,8
207828,0.6836784780025482,10
207830,0.868760621547699,10
207845,0.5973019540309906,10
207848,0.29258065223693847,10
207883,0.8849574983119964,10
207898,0.8684498727321625,10
207899,0.33602668046951295,10
207905,0.3413861751556396,5
207910,0.5155050694942475,10
207911,0.4930738270282745,10
207917,0.4054902672767639,10
207919,0.8829758822917938,10
207951,0.7127020359039307,10
207965,0.4521062970161438,9
207975,0.44683569073677065,10
207987,0.6666503965854644,10
207991,0.5304280757904053,10
208023,0.4154845058917999,10
208024,0.7844967126846314,10
208073,0.6042580842971802,10
208093,0.8154213964939118,10
208134,0.7917478740215301,10
208170,0.49462383389472964,10
208217,0.2231566786766052,5
208256,0.492183119058609,10
208316,0.5059002280235291,10
208321,0.6935182750225067,10
208323,0.4974569082260132,10
208337,0.5413681983947753,10
208340,0.9128568589687347,10
208360,0.7731572389602661,9
208377,0.5709355899265834,7
208411,0.4693892538547516,10
208419,0.4267568051815033,10
208428,0.8971122562885284,10
208480,0.6038699984550476,10
208533,0.5069661319255829,10
208543,0.4071315288543701,10
208583,0.3940993746121724,9
208661,0.4253498911857605,10
208663,0.6063716948032379,10
208670,0.2617894232273102,10
208700,0.6233430504798889,10
208736,0.7997027933597565,10
208754,0.7685457468032837,10
208766,0.33835644721984864,10
208773,0.6943898797035217,10
208775,0.3342704713344574,10
208801,0.292173308134079,10
208804,0.4745210587978363,10
208807,0.5057714283466339,10
208808,0.801543265581131,10
208887,0.7122821867465973,10
208888,0.6080347537994385,5
208895,0.8097020149230957,10
208918,0.43143325448036196,10
208995,0.4557751178741455,10
209001,0.5033438086509705,10
209003,0.5551850736141205,10
209010,0.6710204541683197,10
209014,0.5938092827796936,10
209033,0.5641039490699769,5
209053,0.7904602527618408,10
209090,0.9918556451797486,10
209095,0.6482263088226319,10
209113,0.7959153413772583,10
209136,0.8972560465335846,10
209166,0.4723901867866516,10
209168,0.44293320841259426,9
209190,0.26332845687866213,10
209206,0.8040065169334412,10
209220,0.22381747961044313,10
209222,0.731233149766922,10
209225,0.6502145171165467,10
209280,0.6130794227123261,10
209282,0.6513368606567382,10
209283,0.8995078325271606,10
209284,0.5047369778156281,10
209289,0.6927143514156342,10
209290,0.6872598052024841,10
209320,0.7249957248568535,8
209322,0.8541860495294843,7
209324,0.5584866583347321,10
209325,0.4183600902557373,10
209344,0.6548239946365356,10
209366,0.494302898645401,6
209378,0.10626716613769531,10
209383,0.5594974637031556,10
209418,0.5046037554740905,10
209423,0.709154449403286,8
209447,0.38724225759506226,10
209450,0.5951029300689697,10
209452,0.7606263309717178,4
209488,0.8001375198364258,10
209506,0.2970391809940338,10
209511,0.2807892203330994,10
209530,0.4493469178676605,10
209538,0.31024975776672364,10
209541,0.6440326333045959,10
209542,0.6996778070926666,10
209551,0.6532830774784089,10
209567,0.37963648438453673,10
209578,0.7969449520111084,10
209641,0.8677913248538971,10
209642,0.7004888117313385,10
209644,0.7266506016254425,10
209649,0.41156898736953734,10
209653,0.6658468782901764,10
209660,0.6004221677780152,10
209661,0.3906172939709255,7
209664,0.45066519975662234,10
209667,0.5988663911819458,10
209671,0.796679002046585,10
209672,0.5035325884819031,10
209685,0.9298467516899109,10
209696,0.5933243215084076,10
209714,0.6235582411289216,10
209716,0.7665984749794006,10
209734,0.12586716413497925,10
209737,0.6674911260604859,10
209741,0.7295726954936981,10
209748,0.646808636188507,10
209773,0.8038349092006684,10
209774,0.8084024608135223,10
209778,0.844837611913681,10
209809,0.7480469420552254,8
209812,0.21283897161483764,5
209836,0.29855628808339435,9
209849,0.4576805531978607,10
209850,0.8547510921955108,10
209853,0.7493993490934372,4
209863,0.6358629703521729,10
209877,0.7225546061992645,10
209886,0.25218278765678404,10
209893,0.692248609330919,9
209926,0.8078037559986114,10
209945,0.5124707996845246,10
209951,0.5260957598686218,10
209976,0.3265276670455933,10
210008,0.6755397856235504,10
210040,0.7009541869163514,10
210044,0.33094903230667116,10
210052,0.49881653785705565,10
210065,0.5168786942958832,10
210097,0.5027434587478637,10
210098,0.4491571307182312,10
210101,0.7864469468593598,10
210113,0.5201527237892151,10
210152,0.6998015344142914,10
210179,0.41796018679936725,9
210181,0.4272953404320611,9
210232,0.8518245995044709,10
210271,0.4897508442401886,10
210274,0.48565049171447755,10
210290,0.7751653134822846,10
210295,0.7092775702476501,10
210296,0.6061908364295959,10
210342,0.8436826288700103,10
210410,0.40196430683135986,3
210411,0.515629380941391,8
210412,0.34960999091466266,6
210414,0.4997175335884094,5
210418,0.8019507646560669,10
210428,0.7418366432189941,10
210465,0.2684914916753769,4
210660,0.45834656357765197,10
210663,0.7065509915351867,10
210900,0.48415709733963014,10
210901,0.6671604712804159,6
210908,0.7011153757572174,10
210935,0.5327231420411004,9
210937,0.5777262091636658,10
210966,0.656767019203731,7
211047,0.814518541097641,10
211128,0.4147434592247009,10
211146,0.20955111299242293,7
211168,0.4881600201129913,10
211175,0.37158073782920836,10
211364,0.5743581533432007,10
211450,0.2678500056266785,10
211453,0.7020604372024536,10
211454,0.5656912386417389,10
211485,0.8353140950202942,6
211492,0.45696066816647846,6
211533,0.6023944973945617,10
211534,0.4874881565570831,10
211641,0.3949197709560394,10
211693,0.8896722137928009,10
211716,0.5943127691745758,10
211734,0.5094212830066681,10
211808,0.7891463875770569,10
211810,0.5676535904407501,10
211813,0.7136417627334595,10
211852,0.9997155725955963,10
211882,0.4988845646381378,10
211940,0.5994737625122071,10
211962,0.9951989054679871,10
211996,0.6552295029163361,10
212027,0.4737134397029877,10
212042,0.6140227496623993,10
212281,0.6281834363937377,10
212288,0.36826707635607037,7
212310,0.4573189735412598,10
212346,0.694350004196167,10
212348,0.38617908358573916,10
212370,0.6935753703117371,10
212376,0.6497721791267395,10
212378,0.6651998877525329,10
212382,0.3128981113433838,10
212401,0.8025067627429963,10
212402,0.7021427690982819,10
212404,0.8516660451889038,10
212436,0.11257677674293518,10
212445,0.511787748336792,10
212450,0.7418929457664489,10
212487,0.7972527325153351,10
212516,0.5040080785751343,10
212551,0.7092602133750916,10
212580,0.8463024258613586,10
212581,0.5485706746578216,10
212610,0.511923631032308,9
212662,0.6382049739360809,10
212668,0.6771410763263702,10
212687,0.7735549688339234,10
212688,0.6295615509152412,8
212765,0.819869875907898,10
212807,0.6056490838527679,10
212839,0.8065666735172272,10
212873,0.3455675899982452,10
212883,0.3411979377269745,6
212902,0.5704704448580742,8
212958,0.685882306098938,10
212969,0.619889771938324,10
213149,0.5924656927585602,10
213260,0.5061276376247406,10
213266,0.9015146315097808,10
213268,0.2641303709575108,7
213301,0.6298467218875885,10
213304,0.398997038602829,10
213370,0.7043621301651001,10
213421,0.8211294531822204,10
213491,0.66911461353302,10
213492,0.7897479295730591,10
213497,0.7005318701267242,10
213500,0.6052895605564117,10
213503,0.597001850605011,10
213549,0.40687429904937744,10
213578,0.5519606292247772,10
213631,0.47965227961540224,10
213648,0.8865644276142121,10
213661,0.49905054569244384,10
213670,0.6476791143417359,10
213787,0.24847059845924377,10
213834,0.9961426019668579,10
213871,0.21458950638771057,10
213882,0.8978888809680938,10
213893,0.4399762570858002,10
213953,0.5998189747333527,10
214029,0.5638828873634338,10
214032,0.08867815136909485,10
214123,0.22403252720832825,10
214125,0.6973135054111481,10
214204,0.7870496809482574,10
214213,0.5781083106994629,10
214224,0.6871290564537048,10
214234,0.7204162180423737,10
214276,0.5036295592784882,10
214293,0.6087734937667847,10
214296,0.7037131369113923,10
214343,0.6020502805709839,10
214396,0.7019473254680634,10
214427,0.3282455503940582,10
214484,0.6161036372184754,10
214491,0.6770272254943848,10
214747,0.544322419166565,10
214758,0.3065472662448883,10
214849,0.8480291068553925,10
214879,0.7048883140087128,10
214880,0.38114317059516906,10
214887,0.6133865594863892,10
214898,0.5364617288112641,10
214899,0.39419647455215456,10
214910,0.49834659695625305,10
214970,0.6064841687679291,10
214988,0.5837389707565308,10
214989,0.512669712305069,10
214996,0.8610109090805054,10
215004,0.8049265921115876,10
215058,0.39022236069043476,6
215065,0.3784553289413452,10
215066,0.5418213486671448,10
215110,0.7507347345352173,10
215154,0.24996055364608766,10
215155,0.8036115825176239,10
215213,0.8241201162338256,10
215259,0.701644629240036,10
215308,0.626452648639679,10
215311,0.7064605236053467,10
215312,0.7347546875476837,10
215341,0.4501666367053986,10
215371,0.40063650608062745,10
215389,0.6031808614730835,10
215436,0.41854597330093385,10
215437,0.7777706623077393,10
215455,0.39571977257728574,10
215463,0.6616899728775024,10
215469,0.6065936744213104,10
215471,0.7668293237686157,10
215482,0.524853092432022,10
215503,0.6852150022983551,10
215521,0.5022918522357941,10
215526,0.7704551458358765,10
215532,0.16735106706619263,4
215565,0.44873507022857667,10
215609,0.39599401752154034,6
215613,0.5428108274936676,10
215614,0.3316619753837585,10
215616,0.5357272565364838,10
215796,0.2912036895751953,10
215806,0.5931867718696594,10
215840,0.397721540927887,10
215841,0.29997613430023196,10
215842,0.37470988035202024,10
215918,0.6001953244209289,10
216014,0.48876539468765257,10
216070,0.3904349744319916,10
216072,0.6420255601406097,4
216091,0.33486140966415406,10
216092,0.8763324558734894,10
216094,0.42725558280944825,10
216132,0.5248232364654541,10
216179,0.7618825316429139,10
216199,0.8190759301185608,10
216201,0.6193668246269226,10
216224,0.30912012457847593,10
216234,0.7123243927955627,10
216282,0.2026883065700531,10
216301,0.4367162823677063,10
216330,0.053206304709116616,3
216357,0.7519673526287078,10
216367,0.5449649572372437,10
216381,0.460734099149704,10
216403,0.7923300325870514,10
216428,0.8281619846820831,10
216439,0.8867261648178101,10
216459,0.4613579273223877,10
216482,0.7176992058753967,10
216497,0.7172376573085785,10
216578,0.46684116721153257,10
216597,0.7048940360546112,10
216600,0.3436866462230682,10
216629,0.7585903942584992,10
216630,0.47969194054603576,10
216631,0.3886506676673889,10
216632,0.7340036153793335,10
216640,0.6915164828300476,10
216647,0.3055503010749817,10
216658,0.7537961363792419,10
216659,0.2730784177780151,10
216694,0.8165983557701111,10
216695,0.48155884941418964,6
216710,0.5239372670650482,10
216734,0.7002018511295318,10
216740,0.7885460436344147,10
216798,0.616252464056015,10
216856,0.7606395125389099,10
216864,0.5448855936527253,10
216865,0.5628841519355774,10
216895,0.6032432079315185,5
216906,0.5999402046203614,10
216907,0.46145164370536806,10
216974,0.3248250663280487,10
216985,0.6197093427181244,10
217007,0.07397423187891643,9
217012,0.43980587720870973,10
217015,0.22727770805358888,5
217020,0.6369701266288758,10
217083,0.80225790143013,10
217085,0.6036000549793243,10
217095,0.016342371702194214,6
217098,0.6666618287563324,10
217099,0.5880376398563385,10
217176,0.7015979886054993,10
217177,0.4316989123821259,10
217197,0.7758447289466858,10
217201,0.29644952416419984,10
217229,0.3155193865299225,10
217230,0.6616732733590263,7
217261,0.3236939013004303,8
217268,0.5746343220983233,7
217270,0.39493702054023744,10
217275,0.3885558769106865,8
217298,0.5297199785709381,10
217320,0.5122724354267121,10
217321,0.23168777227401732,10
217322,0.45606361627578734,10
217335,0.3329914569854736,10
217338,0.45204233527183535,10
217340,0.19673019647598267,4
217344,0.5246198952198029,10
217353,0.6562621235847473,10
217362,0.5048896491527557,10
217372,0.7575748324394226,10
217378,0.6612497104538811,9
217398,0.6866081118583679,10
217404,0.4882714331150055,10
217423,0.619536954164505,10
217424,0.520295262336731,10
217428,0.7936222851276398,10
217430,0.7287294119596481,8
217431,0.6621967852115631,10
217447,0.451595139503479,10
217449,0.877854835987091,10
217466,0.46833006143569944,10
217470,0.5416591584682464,10
217471,0.5035625994205475,10
217475,0.49469026923179626,10
217531,0.43848770260810854,10
217538,0.6990056037902832,7
217544,0.7134985029697418,10
217547,0.4722808122634888,10
217553,0.6973717927932739,10
217554,0.42486137747764585,10
217576,0.41400344371795655,10
217581,0.7156433165073395,10
217609,0.9124022960662842,10
217619,0.3510485112667084,10
217671,0.6924384653568267,10
217680,0.2837955832481384,10
217776,0.6885807394981385,10
217780,0.7163279235363007,10
217827,0.46714790910482407,8
217838,0.7766934931278229,8
217861,0.5447037577629089,10
217863,0.540208121140798,9
217884,0.7884681940078735,10
217890,0.5732137560844421,10
217894,0.43491597175598146,10
217934,0.5686283648014069,10
217949,0.34227768778800965,10
217959,0.532039898633957,10
217974,0.6837045133113862,10
217977,0.7555247214105394,9
217990,0.5429340124130249,10
218007,0.5917489886283874,10
218025,0.5839412927627563,10
218028,0.5921362042427063,10
218050,0.7660147190093994,10
218074,0.34782841205596926,10
218121,0.4083652138710022,10
218126,0.4943864464759827,10
218129,0.7830739736557006,10
218161,0.31958720088005066,10
218165,0.6943523108959198,10
218179,0.9003664135932923,10
218200,0.5205572783946991,10
218208,0.532747769355774,10
218235,0.538275134563446,10
218236,0.2569003999233246,10
218293,0.7002600491046905,10
218310,0.4785537004470825,10
218311,0.2597565114498138,10
218314,0.43448546528816223,10
218333,0.7802987396717072,10
218349,0.8750619530677796,10
218358,0.2792636454105377,10
218376,0.501037186384201,10
218395,0.41392300128936765,10
218417,0.6890227019786834,10
218421,0.6922725319862366,10
218453,0.4936987280845642,10
218459,0.6992976307868958,10
218460,0.8057088136672974,10
218465,0.4919085741043091,10
218479,0.3657280385494232,10
218489,0.9987859010696412,10
218491,0.6625257313251496,10
218503,0.7111844837665557,10
218509,0.592887681722641,10
218519,0.9984554708003998,10
218530,0.7986986100673675,10
218556,0.31307998299598694,10
218574,0.7816804250081381,6
218576,0.5014777183532715,10
218577,0.5275354266166687,10
218580,0.7166330337524414,10
218590,0.39478079974651337,8
218603,0.5176718771457672,10
218610,0.703256243467331,10
218612,0.5250425736109415,9
218615,0.7540728628635407,10
218632,0.6820271849632263,10
218637,0.691316545009613,10
218639,0.1549250900745392,10
218666,0.6782256782054901,10
218722,0.5007120132446289,10
218769,0.5999383985996246,10
218804,0.7340578973293305,10
218824,0.3067024886608124,10
218842,0.5055863261222839,10
218854,0.39403994594301495,7
218863,0.40751667618751525,10
218905,0.8409459054470062,10
218920,0.45091002583503725,10
218923,0.7191087782382966,10
218933,0.7997780323028565,10
218943,0.8980201244354248,10
218948,0.5987961292266846,10
218957,0.6884065091609954,10
218988,0.577681440114975,10
218993,0.7995948016643524,10
218995,0.5205839991569519,10
218996,0.6565320014953613,10
219100,0.5081431925296783,10
219101,0.6542452514171601,10
219122,0.3537867605686188,10
219208,0.6668224533398946,3
219215,0.891017735004425,10
219217,0.8350782513618469,10
219232,0.6777861595153809,10
219276,0.658048939704895,10
219278,0.44324610630671185,9
219312,0.7952523708343506,10
219348,0.5741542458534241,10
219359,0.3173497378826141,10
219374,0.37709957361221313,8
219410,0.17789382735888162,6
219430,0.4612052619457245,10
219475,0.6188960552215577,10
219502,0.4653054475784302,10
219509,0.7492489635944366,10
219511,0.9772372767329216,8
219512,0.5643857777118683,10
219513,0.5944460749626159,10
219564,0.4010416388511658,10
219621,0.3681261897087097,10
219622,0.5441735982894897,10
219638,0.5004895210266114,10
219650,0.8976147711277008,10
219661,0.47561968564987184,10
219666,0.6244276702404022,10
219670,0.5860639393329621,10
219708,0.7562779903411865,10
219766,0.6495945453643799,10
219783,0.7175190269947052,10
219807,0.47794162631034853,10
219832,0.6272799670696259,10
219926,0.5067995548248291,10
219985,0.6636073390642802,3
219988,0.5488224029541016,10
220124,0.6958199143409729,10
220133,0.6861208200454711,10
220137,0.7921188414096832,10
220141,0.8202877819538117,10
220155,0.5001099824905395,10
220193,0.45780148506164553,10
220198,0.8537048399448395,10
220199,0.614786583185196,10
220203,0.6634389400482178,10
220224,0.8003642439842225,10
220226,0.8331520557403564,6
220234,0.48525773286819457,10
220258,0.7195916712284088,10
220276,0.5778506100177765,10
220284,0.46072272062301634,10
220308,0.408298522233963,10
220331,0.6839690566062927,10
220341,0.9867579936981201,10
220367,0.7587465167045593,10
220368,0.49344208240509035,10
220380,0.6914897859096527,10
220406,0.7077727258205414,10
220440,0.524173766374588,10
220443,0.4938101589679718,10
220461,0.8340011462569237,8
220478,0.6776088535785675,10
220499,0.3612616717815399,10
220508,0.7983499705791474,10
220517,0.6981869757175445,10
220520,0.44389418959617616,10
220541,0.5090468406677247,10
220546,0.40206316113471985,10
220547,0.733631557226181,10
220558,0.4198780834674835,10
220588,0.7099045097827912,10
220597,0.3729624218410916,9
220598,0.37835689783096316,10
220624,0.4079364359378815,10
220628,0.873285174369812,10
220630,0.7062262952327728,10
220632,0.3409847140312195,10
220642,0.5405958473682404,10
220672,0.6937291502952576,10
220674,0.48439627289772036,10
220675,0.5144808471202851,10
220700,0.48406060338020324,10
220707,0.5048834383487701,10
220721,0.5069606244564057,10
220730,0.6605744004249573,10
220738,0.6655049920082092,10
220741,0.7640100955963135,10
220774,0.338445371389389,10
220775,0.4393793761730194,10
220778,0.6008768796920776,10
220780,0.7437939167022705,10
220784,0.5715030014514924,10
220792,0.6530480206012725,10
220827,0.5612477004528046,10
220843,0.6004089772701263,10
220848,0.4885506257414818,8
220861,0.7558365523815155,10
220877,0.6989656031131745,10
220878,0.5063825190067291,10
220885,0.5265886545181274,10
220926,0.21667488813400268,10
220930,0.48511870503425597,10
220975,0.899250841140747,10
220980,0.8579187214374542,10
220987,0.48927512764930725,10
220988,0.5287396013736725,10
221059,0.681890219449997,10
221107,0.6994696319103241,10
221122,0.7901330888271332,10
221155,0.6185691952705383,10
221194,0.5962451934814453,10
221198,0.42214860320091246,10
221230,0.8925824463367462,10
221233,0.792765212059021,10
221248,0.5789618134498596,10
221263,0.2125840425491333,10
221298,0.3272589445114136,10
221318,0.4578683912754059,10
221366,0.749967348575592,10
221367,0.4232703447341919,10
221368,0.706689989566803,10
221369,0.7323970437049866,10
221371,0.6142389714717865,10
221372,0.6497383952140808,10
221408,0.5116114556789398,10
221599,0.8287559688091278,10
221633,0.3657328387101491,6
221643,0.7622389376163483,10
221644,0.675400686264038,10
221661,0.8037362039089203,10
221669,0.6932088613510132,10
221677,0.6761668741703033,10
221769,0.6995654225349426,10
221805,0.5888051509857177,10
221848,0.3930285692214966,10
221938,0.6950970530509949,10
221965,0.7991464555263519,10
221977,0.5811394870281219,10
221982,0.47510303258895875,5
222145,0.7973998963832856,10
222219,0.46297274231910707,10
222291,0.5947909712791443,10
222401,0.7052816808223724,10
222407,0.3025063335895538,10
222424,0.8018694043159484,10
222462,0.4816384851932526,10
222502,0.7944583177566529,10
222509,0.6229781806468964,10
222514,0.7255683064460754,10
222531,0.7143800795078278,10
222542,0.4047884464263916,10
222584,0.6680785715579987,4
222643,0.22201716899871826,10
222741,0.5178181767463684,10
222798,0.7068545818328857,10
222821,0.8011113822460174,10
222853,0.6616981089115143,10
222862,0.4234470725059509,10
222885,0.4105046451091766,10
222887,0.5869104087352752,10
222913,0.48381562530994415,4
222951,0.439931058883667,10
223033,0.6098266839981079,10
223034,0.31861754059791564,10
223040,0.7722323417663575,10
223049,0.44190133213996885,10
223096,0.34249564409255984,10
223149,0.5209556072950363,8
223151,0.745663297176361,10
223167,0.7097288787364959,10
223201,0.5509256899356842,10
223215,0.7199396193027496,10
223222,0.7508688509464264,10
223278,0.4376816272735596,10
223286,0.6482820510864258,10
223312,0.8813335180282593,10
223321,0.42976937294006345,10
223322,0.39737480878829956,10
223327,0.6891228675842285,10
223329,0.3216980993747711,10
223330,0.6262145042419434,10
223332,0.5823401638439724,7
223360,0.19410015940666198,10
223376,0.7544696569442749,10
223449,0.6061866343021393,10
223454,0.3906862437725067,10
223455,0.8296900306429181,7
223481,0.8868137001991272,10
223514,0.5974688589572906,10
223518,0.400804328918457,10
223538,0.38788355588912965,10
223573,0.47658408880233766,10
223590,0.7906742036342621,10
223597,0.5391976237297058,10
223602,0.4920715093612671,10
223619,0.6187577784061432,10
223669,0.9116622328758239,10
223674,0.47113492488861086,10
223726,0.5831171751022339,10
223740,0.5080148637294769,10
223742,0.5880471289157867,10
223750,0.3246050477027893,10
223762,0.695726215839386,10
223763,0.26927233338356016,10
223767,0.7978492856025696,10
223770,0.592631196975708,10
223777,0.7259950160980224,10
223779,0.7922010362148285,10
223790,0.6013393521308898,10
223811,0.4990840156873067,9
223855,0.5778549492359162,10
223892,0.32385711669921874,10
223931,0.20546310544013976,10
223946,0.7431568920612335,10
223947,0.40280317664146426,10
223950,0.5601430356502533,10
223952,0.7556465566158295,10
223953,0.7001794755458832,10
223971,0.4145963788032532,10
223996,0.5378994822502137,10
224010,0.6712565898895264,10
224011,0.7743948876857758,10
224013,0.4473566472530365,10
224031,0.41046937704086306,10
224037,0.6150845229625702,10
224039,0.5265240594744682,8
224060,0.49999170303344725,10
224079,0.682456773519516,10
224108,0.41090784072875974,10
224119,0.579371553659439,10
224122,0.5714159786701203,10
224125,0.6051618099212647,10
224133,0.5170387029647827,10
224134,0.4995103120803833,10
224141,0.8196368217468262,10
224149,0.8935484170913697,10
224152,0.8888767421245575,10
224212,0.20402832627296447,10
224271,0.6801834881305695,10
224272,0.45441572070121766,10
224288,0.8981592178344726,10
224303,0.8727713584899902,10
224316,0.5115497529506683,10
224319,0.8759535312652588,10
224374,0.8979438066482544,10
224403,0.7011749804019928,10
224416,0.817738276720047,10
224454,0.6275596857070923,10
224478,0.5953875482082367,10
224483,0.4849225342273712,10
224517,0.6531952381134033,10
224590,0.6340053412649367,9
224596,0.6505477964878082,10
224597,0.8711722791194916,10
224635,0.6705355942249298,6
224656,0.80168536901474,10
224662,0.7431032881140709,8
224664,0.32161966562271116,10
224675,0.6101374149322509,10
224678,0.4430988490581512,10
224680,0.4645910925335354,9
224710,0.6228639721870423,10
224751,0.6000852227210999,10
224783,0.40947999954223635,10
224793,0.617263674736023,10
224794,0.7954522609710694,10
224815,0.554489004611969,10
224821,0.6001949548721314,10
224830,0.6639961242675781,10
224894,0.5002781212329864,10
224904,0.6934835195541382,10
224907,0.7953251957893371,10
224937,0.33174055218696596,10
224979,0.5793727755546569,10
224986,0.4108331620693207,10
224992,0.2527194023132324,7
224999,0.5666342556476593,10
225000,0.5863137722015381,10
225062,0.747031158208847,10
225084,0.696890938282013,10
225163,0.6081071555614471,10
225166,0.8729084014892579,10
225167,0.8017704904079437,10
225208,0.013503849506378174,10
225214,0.6060171604156495,10
225235,0.6954758286476135,10
225244,0.5671380162239075,10
225274,0.6582942068576813,10
225313,0.24055997814450944,7
225316,0.4374175727367401,10
225317,0.7573590755462647,10
225449,0.7696263670921326,10
225481,0.6761610507965088,10
225482,0.5881984770298004,10
225526,0.7950934410095215,10
225569,0.23229510188102723,10
225610,0.9268925011157989,10
225645,0.9997914254665374,10
225653,0.601682998239994,8
225694,0.5151118576526642,10
225729,0.7740585267543793,10
225736,0.8969141602516174,10
225740,0.5732857346534729,10
225759,0.8937142193317413,10
225800,0.8025749564170838,10
225818,0.6733665525913238,10
225885,0.36277600526809695,10
225908,0.6026541411876678,10
225909,0.7382272839546203,10
225910,0.6945147931575775,10
225932,0.9961756110191345,10
225976,0.5827161312103272,10
225977,0.5909375429153443,10
225979,0.8566214293241501,8
225981,0.6285593748092652,10
226006,0.8074882507324219,10
226009,0.42672703266143797,10
226013,0.4567738473415375,4
226081,0.7986068665981293,10
226085,0.7812749862670898,10
226089,0.5346115529537201,10
226115,0.7365034282207489,10
226146,0.41832597851753234,10
226170,0.6654474675655365,10
226176,0.7927883923053741,10
226213,0.7005216658115387,10
226254,0.7432955205440521,10
226255,0.7093631505966187,10
226256,0.3511086940765381,10
226264,0.5149550616741181,10
226312,0.6745179414749145,10
226320,0.5247008860111236,10
226322,0.6002966403961182,10
226330,0.552781629562378,10
226354,0.43823810418446857,9
226356,0.49569861888885497,10
226358,0.2944920999663217,7
226426,0.531600558757782,10
226445,0.7041414618492127,10
226454,0.6392614960670471,10
226457,0.30563426613807676,10
226501,0.40054488778114317,10
226502,0.66163010597229,10
226506,0.3981141626834869,10
226518,0.5313458681106568,10
226519,0.567357873916626,10
226520,0.6592288672924042,10
226522,0.6820453703403473,10
226529,0.7331973314285278,6
226562,0.5091949105262756,10
226588,0.484614634513855,10
226592,0.7026805818080902,10
226605,0.5403639912605286,10
226610,0.329656308889389,10
226616,0.6058095335960388,10
226619,0.3061669707298279,5
226631,0.512949776649475,10
226634,0.6984420478343963,10
226643,0.8558675467967987,10
226736,0.6957327008247376,10
226757,0.7039538562297821,10
226789,0.921497130393982,10
226802,0.721054071187973,10
226860,0.7190861940383911,10
226862,0.6564367413520813,3
226878,0.30250275135040283,10
226997,0.682870066165924,10
227002,0.8043238759040833,10
227010,0.4061497151851654,4
227018,0.3119723439216614,10
227026,0.5933219969272614,10
227029,0.5489714860916137,10
227070,0.5171427071094513,10
227072,0.467695415019989,10
227110,0.6052218198776245,10
227127,0.8401790738105774,10
227143,0.5730620920658112,10
227162,0.7726973056793213,10
227163,0.6724761843681335,10
227171,0.3395772397518158,10
227196,0.5424342602491379,4
227212,0.6768138706684113,10
227221,0.7494779527187347,4
227224,0.7862869739532471,10
227254,0.8446900367736816,10
227265,0.8560764074325562,10
227273,0.6022863507270813,10
227316,0.6088599383831024,10
227318,0.5448922216892242,10
227326,0.8389713406562805,10
227422,0.5809042394161225,10
227425,0.5544069111347198,10
227456,0.563398003578186,10
227460,0.6626501262187958,10
227466,0.7023853242397309,10
227468,0.36831791400909425,10
227502,0.4781269371509552,10
227505,0.8015187084674835,10
227515,0.7901887476444245,10
227527,0.7037189304828644,10
227545,0.7110891580581665,10
227563,0.4878963649272919,10
227582,0.4943123757839203,10
227599,0.8206288576126098,10
227605,0.3476128041744232,10
227693,0.7057386636734009,10
227758,0.5614360928535461,10
227789,0.48864591121673584,10
227794,0.7986378490924835,10
227813,0.7653621733188629,10
227837,0.3249399125576019,10
227842,0.6668641328811645,10
227847,0.6872335135936737,10
227888,0.7983068823814392,10
227893,0.5024429798126221,10
227935,0.5874731600284576,10
227981,0.71161607333592,7
227995,0.8803798019886017,10
228051,0.6919643402099609,10
228101,0.4029944837093353,10
228133,0.6058206856250763,10
228142,0.8345886707305908,10
228183,0.7769504904747009,10
228234,0.4306708574295044,10
228310,0.9143774211406708,10
228328,0.6295149505138398,10
228341,0.3723131477832794,10
228370,0.4924622714519501,10
228371,0.30113086104393005,10
228372,0.507504665851593,10
228373,0.4229638636112213,10
228378,0.6637476742267608,10
228390,0.6595150649547576,10
228399,0.5608154892921448,10
228409,0.7052805066108704,10
228411,0.5949685752391816,10
228412,0.6945100784301758,10
228420,0.6275780399640402,9
228425,0.7373041868209839,10
228452,0.6053991615772247,10
228501,0.3842917501926422,10
228503,0.49413745403289794,10
228504,0.587143075466156,10
228509,0.48512755036354066,10
228526,0.8146746456623077,10
228550,0.7758558690547943,10
228553,0.6622872054576874,10
228570,0.7616944193840027,10
228580,0.4205052495002747,10
228601,0.6055912017822266,10
228602,0.7794910728931427,10
228603,0.34377012252807615,10
228660,0.4046871066093445,10
228668,0.5037285089492798,10
228687,0.33518780602349174,9
228713,0.4263696789741516,10
228724,0.5985290586948395,10
228740,0.506533807516098,10
228742,0.4122134506702423,10
228766,0.5802774250507354,10
228855,0.6215570092201232,10
228882,0.41114052534103396,10
228889,0.5089321494102478,10
228943,0.7012583613395691,10
228944,0.7956137418746948,10
228959,0.5798362791538239,10
229006,0.5414480566978455,10
229131,0.6511130273342133,10
229165,0.6693381998274062,9
229172,0.6322058950151715,7
229218,0.5501391053199768,10
229220,0.7967398166656494,10
229235,0.5117252230644226,10
229240,0.49840663075447084,10
229241,0.49414570927619933,10
229243,0.5018967539072037,8
229244,0.39691793322563174,10
229265,0.5046810984611512,10
229297,0.39814284443855286,10
229315,0.559511399269104,10
229319,0.4623773813247681,10
229369,0.6567538049485948,9
229370,0.5228998780250549,10
229406,0.624178409576416,8
229408,0.6075426340103149,10
229414,0.5610542833805084,10
229427,0.45170316100120544,10
229453,0.31747332215309143,10
229491,0.7698635637760163,10
229496,0.7748941242694855,10
229527,0.4526867355619158,7
229537,0.47293196320533754,10
229540,0.8407097399234772,10
229543,0.5398129761219025,10
229598,0.6647113382816314,10
229599,0.5459360718727112,10
229632,0.5345627903938294,10
229640,0.3498076711382185,7
229703,0.8054676353931427,10
229708,0.4967061221599579,10
229713,0.595981752872467,10
229736,0.5402375906705856,8
229741,0.6642422378063202,10
229742,0.738934725522995,10
229782,0.7661274969577789,10
229791,0.6889387607574463,10
229853,0.7840661525726318,10
229892,0.7785672903060913,10
229902,0.32492488622665405,10
229910,0.7832919180393219,10
229954,0.6814565857251486,6
229955,0.4879380890301296,7
229956,0.5610675573348999,10
229957,0.6277883887290955,10
229965,0.5993240714073181,10
230040,0.5822704672813416,10
230050,0.48281981945037844,10
230059,0.6713587820529938,10
230063,0.711979341506958,10
230064,0.8931420922279358,10
230065,0.6541406256811959,7
230080,0.5363425254821778,10
230081,0.8085328280925751,10
230085,0.5043159127235413,10
230089,0.47258774638175965,10
230130,0.46070781350135803,10
230146,0.7970936894416809,10
230191,0.68901407122612,10
230200,0.7019428849220276,10
230240,0.63292276263237,10
230244,0.4214684009552002,10
230246,0.6841169993082682,6
230251,0.7598470568656921,10
230253,0.5839227497577667,10
230262,0.5501717388629913,10
230265,0.5011504530906677,10
230266,0.9937727272510528,10
230267,0.4616023123264313,10
230273,0.31929460167884827,10
230275,0.7168344259262085,10
230303,0.41253650188446045,10
230304,0.40366803407669066,10
230305,0.7501048386096955,10
230315,0.4042899370193481,10
230316,0.32819554805755613,10
230342,0.5306202650070191,10
230358,0.46678978204727173,10
230361,0.5707711219787598,10
230383,0.8791021823883056,10
230408,0.6914336144924164,10
230424,0.315722382068634,10
230430,0.21624377965927125,10
230488,0.40698079268137616,3
230498,0.39930025935173036,10
230514,0.4918583035469055,10
230528,0.6231654286384583,10
230542,0.676709246635437,10
230548,0.3249991416931152,10
230553,0.5223633706569671,10
230570,0.48422619700431824,10
230590,0.7321140468120575,10
230591,0.5555061101913452,10
230619,0.6860727220773697,4
230650,0.5303861737251282,10
230667,0.7016786932945251,10
230731,0.7277209639549256,10
230746,0.5755952000617981,10
230751,0.6646026968955994,10
230765,0.43263211846351624,10
230768,0.3871500134468079,10
230769,0.7954324126243592,10
230785,0.6458885431289673,10
230791,0.4919522762298584,10
230802,0.9041940748691559,10
230852,0.6984089374542236,10
230860,0.7175548017024994,10
230864,0.3001392960548401,10
230881,0.7977659404277802,10
230885,0.6690848403506808,9
230889,0.8961763978004456,10
230890,0.31367473942892893,7
230898,0.5911048352718353,10
230910,0.6236627399921417,8
230915,0.8356622556845347,6
230916,0.2526865124702454,10
230933,0.6032739579677582,10
230955,0.4872719943523407,4
230966,0.7218697786331176,10
230967,0.9645972669124603,10
230968,0.846576315164566,10
230976,0.302265927195549,8
230995,0.26663896441459656,6
231019,0.6799418449401855,10
231027,0.45561874508857725,10
231032,0.49556476473808286,10
231035,0.8194809019565582,10
231036,0.7524936944246292,4
231038,0.7028397798538208,10
231040,0.5052746619497027,7
231042,0.3435694217681885,10
231045,0.2756528913974762,10
231082,0.8075427293777466,10
231087,0.33054447174072266,10
231125,0.674889886379242,10
231126,0.5041723489761353,10
231152,0.6358138442039489,10
231196,0.4173285126686096,10
231197,0.5342809379100799,10
231215,0.6008576571941375,10
231218,0.8980424404144287,10
231223,0.7743287682533264,10
231273,0.5928636959620884,7
231280,0.5754093587398529,10
231302,0.46136268973350525,10
231309,0.6270099461078644,10
231315,0.5921635508537293,10
231316,0.43164141178131105,10
231327,0.6341892182826996,10
231331,0.5001369491219521,8
231362,0.20026724338531493,10
231367,0.9980820119380951,10
231368,0.6032224794228872,6
231392,0.6315055608749389,10
231450,0.7140131115913391,10
231457,0.7624666750431061,10
231476,0.8108609437942504,10
231477,0.6999950289726258,10
231484,0.6983292877674103,10
231538,0.9845539778470993,8
231553,0.7037120223045349,10
231554,0.47192865014076235,10
231559,0.9457615613937378,10
231567,0.7957169353961945,10
231573,0.788042402267456,10
231574,0.8061586380004883,10
231575,0.49034780263900757,10
231581,0.733930790424347,10
231587,0.9044598937034607,10
231611,0.748788317044576,9
231618,0.7321352303028107,10
231620,0.6328767405615913,9
231624,0.6620743036270141,10
231639,0.23935174942016602,10
231644,0.4649077355861664,10
231664,0.5832630038261414,10
231665,0.5998612940311432,10
231666,0.2173603057861328,10
231674,0.40454121828079226,10
231683,0.7272933840751648,10
231696,0.6954121112823486,10
231733,0.6983253061771393,10
231748,0.31811762452125547,10
231812,0.49247602224349973,10
231819,0.6103433907032013,10
231824,0.5566264986991882,10
231837,0.5242175102233887,10
231854,0.5424545466899872,10
231872,0.7043335318565369,10
231876,0.5074386417865753,10
231878,0.831238329410553,10
231920,0.9392781376838684,10
231939,0.30028935670852663,10
231954,0.4028057515621185,10
231960,0.5047436952590942,10
231962,0.8076964318752289,10
231966,0.5163600325584412,10
231972,0.21606830954551698,10
231991,0.698017829656601,10
231999,0.7676679253578186,10
232041,0.6723841547966003,10
232043,0.6818122923374176,10
232045,0.8004278063774108,10
232078,0.5173445641994476,10
232079,0.7273747801780701,10
232090,0.38527473211288454,10
232119,0.5144941866397857,10
232134,0.7603914916515351,10
232139,0.5014522552490235,10
232162,0.8176724493503571,10
232166,0.7613173042024884,7
232201,0.7468677699565888,10
232210,0.6993694603443146,10
232216,0.7280642628669739,10
232219,0.87855304479599,10
232238,0.5238616392016411,8
232242,0.595155131816864,10
232250,0.628669281800588,6
232254,0.8004328191280365,10
232267,0.8759588599205017,10
232300,0.6241428673267364,10
232303,0.4321621596813202,10
232318,0.48080859780311586,10
232345,0.5062750220298767,10
232348,0.6158642768859863,10
232351,0.20590122938156127,10
232353,0.8527078449726104,10
232358,0.7855555772781372,5
232361,0.515147066116333,10
232385,0.6766259849071503,10
232403,0.8467129826545715,10
232405,0.6464881718158721,10
232412,0.7545059397816658,8
232414,0.5930368900299072,10
232417,0.5036987364292145,10
232420,0.5072971105575561,10
232437,0.5010704040527344,10
232446,0.6192835211753845,10
232473,0.797566020488739,10
232478,0.7502000272274018,10
232481,0.2511234819889069,10
232509,0.401291960477829,10
232510,0.6664214829603831,6
232520,0.9862137198448181,10
232524,0.37729727029800414,10
232595,0.7538336515426636,10
232661,0.8607684195041656,10
232666,0.4274896502494812,10
232732,0.8989431023597717,10
232800,0.32413905262947085,10
232822,0.732790058851242,10
232823,0.6680152297019959,10
232824,0.6540980398654938,10
232827,0.46441497206687926,10
232829,0.8022764444351196,10
232830,0.7259381592273713,10
232831,0.40970649719238283,10
232832,0.7705540180206298,10
232895,0.19588927626609803,10
232918,0.5963483512401581,10
232924,0.6004119992256165,10
232944,0.8962701380252838,10
232950,0.3493073761463165,10
232956,0.5977735817432404,10
232974,0.8508237719535827,10
232979,0.42538323998451233,10
232980,0.0538468599319458,10
232981,0.6061832964420318,10
232988,0.6563848733901978,10
233006,0.6853047668933868,10
233015,0.49570884108543395,10
233016,0.4053629159927368,10
233018,0.7981459021568298,10
233020,0.5357589662075043,10
233033,0.8896803975105285,10
233048,0.556692922115326,10
233070,0.8094907701015472,10
233078,0.607526570558548,10
233080,0.564812284708023,10
233085,0.5908880829811096,10
233094,0.3727328062057495,10
233144,0.7945543527603149,10
233149,0.6038387179374695,10
233194,0.7032763600349426,10
233206,0.48672622442245483,10
233208,0.8185355544090271,10
233247,0.6510848999023438,10
233262,0.5657472133636474,10
233266,0.7830438256263733,10
233312,0.7789885878562928,10
233354,0.602012288570404,10
233361,0.9113034665584564,10
233364,0.4773128867149353,10
233371,0.7896244823932648,10
233398,0.8064183712005615,10
233501,0.7871190547943115,10
233502,0.740145069360733,10
233565,0.15468984097242355,8
233571,0.651412945985794,10
233590,0.6484166502952575,10
233673,0.3596286416053772,10
233676,0.5930397808551788,10
233678,0.7896017372608185,10
233783,0.5991873800754547,10
233848,0.5763318717479706,10
233854,0.6054193139076233,10
233867,0.6784938752651215,10
233868,0.7005224883556366,10
233896,0.42086835503578185,10
233932,0.5404497027397156,10
233933,0.898435091972351,10
233951,0.9061440289020538,10
233955,0.6249756455421448,10
233956,0.41115946173667905,10
233960,0.5045865952968598,10
233961,0.6928079307079316,10
233969,0.7455061137676239,10
233973,0.6189262866973877,10
233974,0.8760976374149323,10
233976,0.6711221992969513,10
233994,0.40300980806350706,10
233996,0.9833581268787384,10
234052,0.49569532871246336,10
234062,0.6652590731779734,6
234093,0.47119471430778503,10
234101,0.8000873982906341,10
234104,0.67746901512146,10
234105,0.6925173163414001,10
234120,0.8888249814510345,10
234166,0.7703505754470825,10
234190,0.5739773392677308,10
234216,0.6082695623238882,6
234221,0.9878912687301635,10
234248,0.5628586828708648,10
234274,0.9979370057582855,10
234277,0.7206041216850281,10
234292,0.6492787837982178,10
234299,0.6179411345058017,9
234314,0.35284528136253357,10
234316,0.7973649322986602,10
234337,0.713680911064148,10
234373,0.5623146235942841,10
234378,0.3841841459274292,10
234383,0.46786991506814957,8
234396,0.4421992599964142,10
234429,0.3681930661201477,10
234438,0.609584242105484,10
234439,0.7739775717258454,10
234450,0.7986580431461334,10
234451,0.6299073159694671,10
234452,0.618176543712616,10
234465,0.5960525095462799,10
234468,0.4504221796989441,10
234469,0.6737324476242066,10
234473,0.7478075146675109,10
234477,0.8997486889362335,10
234487,0.5000425994396209,10
234510,0.673443486293157,6
234511,0.7052038490772248,10
234512,0.1443861871957779,4
234521,0.5981979250907898,10
234578,0.8128112375736236,10
234614,0.7048603296279907,8
234615,0.660612091422081,8
234616,0.7375734713342454,9
234621,0.5274762332439422,10
234623,0.5727346062660217,10
234657,0.79083052277565,10
234669,0.40935065150260924,10
234671,0.6146259784698487,10
234673,0.9941124975681305,10
234691,0.664475429058075,10
234700,0.2199540615081787,10
234711,0.9908681333065033,10
234776,0.31513317227363585,10
234828,0.192270427942276,10
234834,0.38220823407173155,10
234842,0.6025281727313996,10
234846,0.6180077373981476,10
234860,0.5326618909835815,10
234874,0.02249565124511719,5
234877,0.5455094575881958,10
234900,0.39136955738067625,10
234920,0.4948601484298706,10
234931,0.4019006252288818,10
234946,0.5966161012649536,10
234948,0.5523915886878967,10
234949,0.6228458464145661,10
234972,0.7927925944328308,10
234974,0.3379802902539571,3
234977,0.8573253410203117,7
235014,0.33359641432762144,10
235017,0.7587479531764985,10
235018,0.35165318101644516,8
235071,0.45749409794807433,10
235113,0.6667450547218323,10
235247,0.4682385563850403,10
235249,0.7054413855075836,10
235251,0.6998909711837769,10
235252,0.5652823567390441,10
235254,0.631450355052948,6
235293,0.24080586433410645,5
235328,0.514821195602417,10
235342,0.8901754260063172,10
235344,0.5075793981552124,10
235360,0.8194499313831329,10
235361,0.7168630123138428,10
235362,0.44947563409805297,10
235365,0.5992052495479584,10
235375,0.7010319471359253,10
235427,0.3643961429595947,10
235451,0.32081297039985657,10
235454,0.805777084827423,10
235455,0.41962494850158694,10
235465,0.46258305907249453,10
235467,0.7915495038032532,10
235470,0.3562580347061157,3
235471,0.7395566020693097,7
235482,0.5734073254797194,9
235488,0.6155824363231659,10
235494,0.8134205758571624,10
235506,0.49645669758319855,4
235511,0.6999913573265075,10
235512,0.211086642742157,10
235513,0.3728442324532403,9
235533,0.59654301404953,10
235534,0.9875808238983155,10
235544,0.5002902269363403,10
235555,0.6085811793804169,10
235591,0.5957368314266205,10
235616,0.6066433846950531,10
235627,0.7021222233772277,10
235628,0.24098854660987853,10
235653,0.5302570462226868,10
235655,0.6872234404087066,10
235695,0.9014017522335053,10
235696,0.7357516686121622,6
235697,0.797250646352768,10
235699,0.49788443909751046,9
235760,0.7053630828857422,10
235767,0.6073191881179809,10
235802,0.5450761914253235,10
235807,0.42874331027269363,8
235817,0.6074508130550385,10
235819,0.6639271974563599,6
235839,0.6814085662364959,10
235841,0.6059033572673798,10
235865,0.42229717373847964,10
235867,0.6897557556629181,10
235899,0.48826406598091127,10
235902,0.8482498943805694,10
235904,0.8976170718669891,4
235922,0.5170261859893799,10
235926,0.5004783749580384,10
235927,0.9434479653835297,10
235940,0.440657901763916,5
235942,0.5997995615005494,10
235943,0.6262366573015848,6
235944,0.45783316493034365,10
235982,0.7837758362293243,10
235991,0.6660266518592834,10
236108,0.800157117843628,10
236114,0.3358678877353668,10
236125,0.4613226532936096,10
236143,0.935734611749649,10
236178,0.7424494504928589,10
236191,0.5949247658252717,10
236199,0.4483092427253723,7
236205,0.8017540514469147,10
236216,0.895291131734848,10
236217,0.8152218282222747,10
236239,0.8034838974475861,10
236245,0.8988507151603699,10
236248,0.6203434705734253,10
236250,0.6126345276832581,10
236272,0.9826248824596405,10
236301,0.5095666885375977,10
236304,0.33520222306251524,10
236305,0.6498852849006653,10
236332,0.7839244127273559,10
236360,0.3431022584438324,10
236365,0.6159480094909668,10
236370,0.5855409443378449,10
236457,0.7985456883907318,10
236459,0.5773101806640625,10
236461,0.7235490083694458,10
236475,0.6534428000450134,10
236480,0.5723344683647156,7
236484,0.6907272338867188,10
236533,0.3955056145787239,8
236556,0.25990726351737975,10
236577,0.728069143635886,7
236639,0.4961854338645935,10
236650,0.8047851324081421,10
236709,0.6418612539768219,10
236713,0.9010553419589996,10
236801,0.6181638479232788,10
236803,0.6435011744499206,10
236827,0.03354231800351824,7
236861,0.7949475526809693,10
236884,0.6237566292285919,10
236893,0.5074844161669413,6
236903,0.2695574462413788,4
236905,0.5236151814460754,10
236931,0.409991466999054,10
236974,0.8599369645118713,10
237009,0.801518714427948,10
237023,0.5024543404579163,10
237031,0.5427386164665222,10
237079,0.8880926430225372,10
237087,0.6408723533153534,10
237106,0.7304060935974122,10
237114,0.4109868943691254,10
237145,0.23936727643013,10
237153,0.7531358003616333,10
237171,0.7127735555171967,10
237174,0.6606087565422059,10
237179,0.5710299074649811,10
237182,0.7809451162815094,10
237211,0.8026584923267365,10
237212,0.7956837356090546,10
237213,0.2679610997438431,8
237217,0.41795713305473325,10
237229,0.5399482429027558,10
237251,0.31846863627433775,10
237311,0.42259967923164365,10
237329,0.3995007574558258,10
237384,0.6088850021362304,10
237388,0.9208654224872589,10
237415,0.5765454854284014,7
237501,0.8264528810977936,4
237551,0.6212858855724335,10
237572,0.3526857435703278,10
237585,0.682209950685501,10
237630,0.9909106294314066,6
237638,0.7989239990711212,10
237706,0.4139663577079773,10
237712,0.724380373954773,10
237715,0.5272368043661118,8
237728,0.660503476858139,10
237745,0.6197266221046448,10
237792,0.5236183166503906,10
237798,0.8204373359680176,10
237800,0.7391117066144943,4
237828,0.7073515057563782,10
237831,0.7014873266220093,5
237860,0.8686132967472077,10
237927,0.5948495626449585,10
238012,0.6680975914001465,10
238026,0.8353885114192963,10
238041,0.8721740022301674,8
238065,0.46429327726364134,10
238090,0.7014307379722595,10
238094,0.5954588830471039,10
238102,0.24512892961502075,5
238136,0.6853214979171753,10
238164,0.46593583226203916,10
238181,0.4611804962158203,10
238182,0.8663173258304596,10
238221,0.3031433761119843,10
238277,0.19063110947608947,10
238329,0.4088440120220184,10
238355,0.6427468419075012,10
238360,0.7025006234645843,10
238393,0.4265466868877411,10
238407,0.960417753458023,10
238412,0.5991349816322327,10
238506,0.5935898423194885,5
238510,0.4278111755847931,10
238531,0.7956947386264801,10
238546,0.30510920882225034,10
238636,0.8916251599788666,10
238638,0.6882715940475463,10
238656,0.6279925048351288,10
238676,0.4033952832221985,10
238700,0.6229970514774322,10
238721,0.49948111176490784,10
238799,0.6024565398693085,10
238825,0.6810004711151123,10
238834,0.49523115158081055,4
238883,0.6998204350471496,10
238884,0.5024658381938935,10
238889,0.4271614611148834,10
238912,0.39651764631271363,10
238915,0.7534892082214355,10
238916,0.7012331485748291,10
238919,0.6723740041255951,10
238957,0.3971662998199463,10
238968,0.4993058443069458,10
238972,0.3472227156162262,10
238992,0.7925359666347503,10
239074,0.42903538544972736,3
239082,0.43113924860954284,10
239116,0.671148505475786,9
239165,0.7996698796749115,10
239175,0.561062079668045,10
239188,0.7659654200077057,10
239189,0.42142534255981445,10
239262,0.7897039115428924,10
239435,0.7969405651092529,4
239452,0.5973408699035645,10
239464,0.47252275943756106,10
239465,0.6960336625576019,10
239472,0.6124791145324707,10
239504,0.7262598616736275,7
239621,0.4185516893863678,10
239682,0.8581534802913666,10
239808,0.35237215757369994,10
239826,0.701620590686798,10
239840,0.7809135973453522,10
239845,0.5664797782897949,10
239847,0.6932556807994843,10
239877,0.7256233632564545,10
239883,0.965977132320404,10
239907,0.7186202764511108,10
239930,0.6314326643943786,10
239938,0.83736572265625,10
239940,0.6342689096927643,10
239942,0.7351218879222869,10
239951,0.6699947595596314,10
239982,0.5019896388053894,10
240002,0.6669751107692719,10
240004,0.6282384335994721,10
240014,0.42981871366500857,10
240094,0.7955285847187042,10
240096,0.19931155443191528,10
240100,0.34758312702178956,10
240108,0.4437332093715668,10
240130,0.20721594095230103,5
240133,0.24937832355499268,8
240135,0.27785903215408325,9
240142,0.5039103865623474,10
240175,0.5432091474533081,10
240196,0.3756479024887085,10
240224,0.5787945926189423,10
240225,0.6675180852413177,10
240271,0.8582042455673218,10
240415,0.5906265020370484,10
240423,0.40812903046607973,10
240463,0.7224578559398651,10
240464,0.8623100399971009,10
240465,0.5973509073257446,10
240511,0.6894357204437256,4
240529,0.2644125998020172,10
240567,0.6799467086791993,10
240584,0.5168613910675048,10
240624,0.24280551671981812,10
240698,0.692351241906484,3
240744,0.5065698087215423,10
240759,0.499937504529953,10
240776,0.41843432784080503,10
240822,0.5029724478721619,10
240825,0.5736447721719742,8
240827,0.6282850086688996,10
240835,0.6054349660873413,10
240842,0.423395574092865,10
240843,0.4870582580566406,10
240844,0.7276268270280626,9
240855,0.8146744012832642,10
240892,0.7152342796325684,10
240901,0.5300792396068573,10
240902,0.8001402497291565,10
240905,0.7234332144260407,10
240906,0.4083024442195892,10
240926,0.5746736884117126,10
240957,0.4048095643520355,10
240980,0.7359664261341095,10
241025,0.6066123485565186,10
241066,0.5711362361907959,10
241083,0.16138060887654623,9
241106,0.7422001123428345,10
241164,0.598875892162323,10
241225,0.7623440146446228,10
241245,0.5059830367565155,10
241266,0.5153059601783753,10
241323,0.7542347245746188,9
241334,0.49123733639717104,10
241451,0.8721864759922028,10
241477,0.5128533780574799,10
241478,0.37171979082955253,9
241486,0.44724467396736145,10
241488,0.855342584848404,10
241489,0.5591395696004232,9
241490,0.6918144583702087,10
241491,0.6011033535003663,10
241492,0.9054189383983612,10
241590,0.8536974608898162,10
241724,0.6006553828716278,10
241731,0.4105901598930359,10
241733,0.3405633370081584,3
241760,0.37848074436187745,10
241761,0.7709143294228448,9
241796,0.8999547243118287,10
241828,0.37907535433769224,10
241829,0.7004475116729736,10
241831,0.5149602711200714,10
241964,0.5867079496383667,10
241987,0.8999574363231659,10
242024,0.4400949974854787,6
242076,0.2852529798235212,7
242149,0.6572989583015442,10
242191,0.6840499699115753,10
242227,0.6135957360267639,10
242289,0.6981272399425507,10
242292,0.7021722197532654,10
242302,0.5966111123561859,10
242312,0.6290690720081329,10
242317,0.6464347541332245,10
242324,0.3538663864135742,10
242325,0.3964800417423248,10
242328,0.5442509114742279,10
242343,0.5967876970767975,10
242482,0.3244191586971283,10
242520,0.41272706985473634,10
242523,0.8102964997291565,5
242529,0.5570293188095092,10
242550,0.4365694456630283,9
242553,0.6562552273273468,10
242569,0.5223445892333984,10
242574,0.8599291741847992,10
242589,0.8718841314315796,10
242616,0.6423082172870636,10
242630,0.7083018541336059,10
242639,0.5967204093933105,10
242649,0.3644566734631856,6
242653,0.5799164056777955,10
242667,0.26842241287231444,10
242684,0.5610599517822266,10
242705,0.5004925906658173,10
242722,0.7308002233505249,10
242740,0.6206873416900635,10
242742,0.6856932580471039,10
242753,0.39834733605384826,10
242804,0.6041140139102936,10
242818,0.6838578701019287,10
242879,0.3572483956813812,10
242900,0.22050864696502687,5
242994,0.1956549346446991,10
243080,0.5761384218931198,4
243093,0.6063371062278747,10
243101,0.39733139276504514,5
243191,0.5275872871279716,8
243231,0.6162261486053466,10
243297,0.8861509442329407,10
243343,0.9726981189515855,9
243358,0.6069567501544952,10
243430,0.596046245098114,10
243435,0.31309608817100526,10
243437,0.42351927757263186,10
243530,0.35206592745251125,9
243538,0.7798570156097412,10
243581,0.7825729370117187,10
243599,0.7669698834419251,10
243606,0.5008385837078094,10
243612,0.503067247569561,8
243636,0.6043347477912903,10
243694,0.5976191282272338,10
243696,0.5017403781414032,10
243697,0.7049291729927063,10
243698,0.39681497812271116,10
243704,0.432380747795105,10
243707,0.5378350853919983,10
243752,0.623403000831604,10
243757,0.3858872950077057,10
243759,0.6904926419258117,10
243780,0.7274602830410004,10
243797,0.49249008297920227,10
243927,0.7174631774425506,10
243940,0.8003301918506622,10
243964,0.6978131890296936,10
243971,0.7892490208148957,10
243993,0.55431649684906,10
243994,0.7871466100215911,10
244026,0.9045045793056488,10
244039,0.5693401277065278,10
244049,0.7157431662082672,10
244073,0.6742962499459585,6
244076,0.662487119436264,10
244080,0.7173544347286225,10
244082,0.3028449475765228,10
244083,0.2539231777191162,4
244099,0.5922908186912537,10
244114,0.7868768453598023,10
244115,0.7000475883483886,10
244121,0.9000417470932007,10
244141,0.35806684494018554,10
244144,0.7067363739013672,10
244150,0.9118378673280988,7
244153,0.4710648477077484,10
244162,0.5207480490207672,10
244163,0.8093321859836579,10
244164,0.5993951729365757,7
244166,0.6530826389789581,10
244169,0.7098536789417267,10
244170,0.6058512389659881,10
244171,0.5562739491462707,10
244172,0.9007862077818977,9
244191,0.5934301376342773,10
244196,0.6042004227638245,10
244203,0.7045782268047333,10
244212,0.40515870451927183,10
244216,0.601044100522995,10
244228,0.6784502446651459,10
244241,0.7158842027187348,10
244258,0.8452940762043,10
244267,0.5031423926353454,10
244269,0.8866031050682068,10
244271,0.7143410325050354,10
244274,0.5996853470802307,10
244305,0.410569840669632,10
244320,0.9014740109443664,10
244327,0.6899410128593445,10
244330,0.8242760002613068,10
244331,0.6331336438655853,10
244333,0.7002670288085937,10
244428,0.6129693627357483,10
244452,0.7013526737689972,10
244460,0.6738098594877455,9
244502,0.761759078502655,10
244505,0.901376336812973,10
244506,0.875437405374315,9
244513,0.7814743876457214,10
244521,0.9236090540885925,10
244522,0.8934822618961334,10
244531,0.6393803656101227,8
244536,0.4216636896133423,10
244584,0.5129461705684661,10
244586,0.80139000415802,10
244608,0.8827332019805908,10
244609,0.09092802405357361,10
244654,0.6294611632823944,10
244691,0.7795317471027374,10
244702,0.5246348857879639,10
244704,0.29707843916756765,7
244711,0.5604997634887695,10
244716,0.5478022694587708,10
244725,0.602143532037735,10
244738,0.40730220079421997,10
244769,0.8122233986854553,10
244794,0.5995210111141205,10
244795,0.619086629152298,10
244806,0.855458003282547,10
244814,0.5824153006076813,10
244817,0.7976748883724213,10
244820,0.5230636835098267,10
244909,0.8977721273899079,10
244910,0.352269967397054,9
244911,0.7982386946678162,5
244913,0.6189413189888,5
244916,0.8904204607009888,10
244918,0.5107611298561097,10
244922,0.5015012423197428,3
244939,0.8879236976305643,9
244946,0.5036093711853027,10
244948,0.18932158946990968,10
244951,0.5204957306385041,10
244966,0.8373117617198399,7
244992,0.47995270490646363,10
244994,0.5610400855541229,10
244995,0.7820706605911255,10
245025,0.78522230386734,10
245045,0.6768585503101349,10
245058,0.6552335441112518,10
245085,0.6137206971645355,10
245090,0.4315001368522644,10
245134,0.8016290366649628,4
245136,0.9964483201503753,10
245197,0.7815970957279206,10
245203,0.4642892062664032,10
245206,0.8010030686855316,10
245214,0.6913101613521576,10
245222,0.49000351428985595,10
245223,0.3956277370452881,10
245224,0.7495069980621338,10
245240,0.9445443034172059,10
245271,0.2946079194545746,10
245325,0.2115339305665758,9
245352,0.6845453321933747,10
245353,0.40268980264663695,10
245354,0.7024015486240387,10
245357,0.6379632711410522,10
245371,0.30668925642967226,10
245376,0.7440450131893158,10
245382,0.3797374784946442,10
245384,0.6107391893863678,10
245385,0.8262822098202176,9
245389,0.47554335594177244,10
245401,0.8915248274803161,10
245422,0.6031030476093292,10
245431,0.7027166903018951,10
245444,0.24812175035476686,10
245446,0.21645262241363525,10
245456,0.8906066060066223,10
245476,0.5853326559066773,10
245483,0.7738213453974042,7
245487,0.8015027344226837,10
245503,0.6656834602355957,10
245528,0.6691490769386291,10
245532,0.571638548374176,10
245598,0.6117027223110199,10
245629,0.5334672927856445,10
245638,0.35078619718551635,10
245643,0.6353419899940491,10
245644,0.3877660433451335,9
245645,0.6697413086891174,10
245654,0.8036877036094665,10
245655,0.7115417778491974,10
245658,0.6876737356185914,10
245659,0.9146767973899841,10
245700,0.7793013453483582,10
245704,0.7027173519134522,10
245710,0.7988035976886749,10
245750,0.5059831976890564,10
245823,0.5799144804477692,10
245824,0.7778953194618226,10
245876,0.7069247126579284,10
245904,0.38204524517059324,10
245928,0.5591934978961944,10
245934,0.5767833471298218,10
245950,0.6805359840393066,10
245961,0.5060652375221253,10
245994,0.819554615020752,10
246015,0.5640876889228821,10
246037,0.27956742644309995,10
246094,0.8054553687572479,10
246129,0.8013542592525482,10
246146,0.7820473194122315,10
246147,0.8183432161808014,10
246150,0.41175652742385865,10
246192,0.7944546043872833,10
246200,0.5218173742294312,10
246201,0.5916540205478669,10
246203,0.7126706093549728,8
246228,0.3042710304260254,10
246263,0.6200071990489959,10
246297,0.790388023853302,10
246315,0.3923350512981415,10
246316,0.5092004597187042,10
246317,0.4461032509803772,10
246345,0.3991833686828613,5
246346,0.5009600162506104,10
246355,0.5744071245193482,10
246366,0.5161301672458649,10
246398,0.18853914737701416,7
246409,0.7357366502285003,10
246508,0.5772392153739929,10
246510,0.8352575838565827,10
246530,0.7580472707748414,10
246531,0.9930136263370514,10
246532,0.6137241780757904,10
246534,0.45823355913162234,10
246535,0.40755152702331543,10
246567,0.6071930706501008,10
246568,0.7489762306213379,10
246571,0.9442167580127716,10
246588,0.7087634086608887,10
246639,0.6019594728946686,10
246663,0.5506956696510314,10
246684,0.537736964225769,10
246685,0.7756512939929963,10
246689,0.7922652065753937,10
246693,0.7848593235015869,10
246696,0.8002544224262238,10
246700,0.6863936424255371,10
246701,0.3942509055137634,10
246704,0.5131348570187887,6
246723,0.5987998578283522,9
246728,0.711057823896408,10
246742,0.6580496370792389,10
246744,0.3033108294010162,10
246746,0.7294383764266967,10
246754,0.8327100038528442,10
246757,0.7632405817508697,10
246759,0.5816043615341187,10
246761,0.6541834115982056,10
246784,0.6054548144340515,10
246812,0.8985957980155945,10
246814,0.37952013810475665,6
246816,0.50439812541008,10
246822,0.6902398864428202,6
246855,0.39832640886306764,10
246862,0.7719759106636047,10
246873,0.7089917123317718,10
246900,0.648513799905777,10
246911,0.7039621055126191,10
246938,0.694727110862732,10
246960,0.7876146316528321,10
247008,0.4567153215408325,10
247029,0.48537896275520326,10
247034,0.5012073934078216,10
247104,0.7000341594219208,10
247106,0.7707789003849029,10
247107,0.6116162955760955,10
247143,0.5997975289821624,10
247160,0.5982911467552186,10
247188,0.7549348533153534,10
247191,0.5023676931858063,10
247199,0.4095368266105652,10
247236,0.608971256017685,10
247294,0.45493683218955994,10
247313,0.9207888126373291,10
247314,0.7704083442687988,10
247316,0.34994055543627056,7
247324,0.40620327591896055,10
247342,0.8798169553279876,10
247360,0.7036583542823791,10
247367,0.8274097859859466,10
247394,0.4821005821228027,10
247417,0.7882687151432037,10
247436,0.6028105258941651,10
247473,0.3978213906288147,10
247488,0.6094053122732375,9
247493,0.5145526230335236,8
247526,0.40356112718582154,10
247567,0.3850784659385681,10
247576,0.8760551512241364,10
247578,0.602742326259613,10
247585,0.7977297484874726,10
247643,0.5502545773983002,10
247694,0.5306243240833283,10
247704,0.44398434162139894,10
247724,0.7969344794750214,10
247730,0.24359524250030518,7
247733,0.8290050685405731,10
247763,0.6942996442317962,10
247778,0.5727110922336578,10
247785,0.5963617324829101,10
247860,0.8990060210227966,10
247935,0.714332640171051,10
247950,0.7155707776546478,10
247952,0.5265280306339264,10
247963,0.3320492923259735,10
247980,0.4437734365463257,10
247984,0.5264638423919678,10
248002,0.6355144083499908,10
248005,0.6906553030014038,10
248065,0.8565835118293762,10
248072,0.6162309348583221,10
248075,0.41958696842193605,10
248117,0.6026913166046143,10
248125,0.5850111782550812,10
248154,0.5613956928253174,10
248157,0.6005846798419953,10
248158,0.5343709468841553,10
248167,0.6589163482189179,10
248182,0.3830573379993439,10
248188,0.7695723652839661,10
248196,0.8924296200275421,10
248224,0.8850333511829376,10
248226,0.7939789772033692,10
248332,0.8736097753047943,10
248366,0.5641811430454254,10
248375,0.6941145122051239,10
248385,0.5606189489364624,10
248421,0.49800836443901064,10
248430,0.4775270640850067,10
248490,0.7141226708889008,10
248496,0.8931515038013458,10
248567,0.6680147469043731,10
248584,0.5934495329856873,10
248641,0.5355178833007812,10
248673,0.31547148823738097,10
248695,0.3637425124645233,10
248702,0.822918051481247,10
248722,0.5132397562265396,8
248737,0.5209797739982605,10
248761,0.5659441769123077,10
248763,0.7329436361789703,10
248830,0.751461498439312,8
248861,0.43446890115737913,10
248878,0.7968363881111145,10
248899,0.37995856006940204,6
248900,0.8568640530109406,10
248909,0.8097221970558166,10
248918,0.841459721326828,10
248927,0.30919930934906004,5
248928,0.7122290432453156,10
248949,0.44068371653556826,10
248956,0.6992145478725433,10
249039,0.4272337079048157,10
249047,0.33560781478881835,10
249095,0.6655209124088287,10
249106,0.4090530574321747,10
249166,0.7104545831680298,10
249233,0.7922382295131684,10
249259,0.6719749808311463,10
249275,0.780620414018631,10
249277,0.7040379345417023,10
249289,0.6005390107631683,10
249312,0.9962081730365753,10
249336,0.8042061030864716,10
249362,0.40876261591911317,10
249364,0.5918754264712334,8
249381,0.7918215155601501,10
249404,0.6297403573989868,10
249410,0.5303047060966491,10
249411,0.5931856215000153,10
249414,0.4285328328609467,10
249421,0.5426969647407531,10
249505,0.3014442026615143,10
249550,0.807368540763855,10
249552,0.6552704215049744,10
249578,0.7398043051362038,8
249582,0.7629007935523987,10
249590,0.7552054166793823,10
249650,0.45099020600318906,10
249658,0.5628683805465698,10
249670,0.578655481338501,10
249673,0.3204178690910339,10
249675,0.8223926842212677,10
249677,0.9986330151557923,10
249689,0.4604147672653198,10
249692,0.7925383269786834,10
249730,0.5945080876350403,10
249746,0.6969940304756165,10
249750,0.6560263574123383,10
249751,0.5557304561138153,10
249763,0.45836191773414614,10
249768,0.8475496113300324,10
249814,0.7351993203163147,10
249816,0.5717743694782257,10
249817,0.7873318910598754,10
249821,0.3471261262893677,10
249824,0.6320748448371887,10
249825,0.2810892045497894,10
249833,0.7075483858585357,10
249868,0.9076093792915344,10
249882,0.5667318999767303,6
249888,0.6949988782405854,10
250051,0.41661145687103274,10
250284,0.9863843768835068,4
250291,0.6146853804588318,10
250309,0.4943501830101013,10
250333,0.6729700684547424,10
250348,0.5207608163356781,10
250355,0.5089087069034577,10
250396,0.5626568913459777,10
250406,0.5876245021820068,10
250442,0.6621595323085785,10
250448,0.45800036787986753,10
250458,0.5334499776363373,10
250463,0.6977335631847381,10
250467,0.592868423461914,10
250481,0.9112709879875183,10
250488,0.7012181997299194,10
250525,0.7039632797241211,10
250539,0.565054076910019,10
250561,0.5137076079845428,10
250621,0.5962469637393951,10
250643,0.5271149098873138,10
250664,0.7955956339836121,10
250718,0.5087403416633606,10
250725,0.7907572686672211,10
250754,0.5844001471996307,10
250779,0.21492897868156433,10
250780,0.3609777629375458,10
250781,0.6683315992355346,10
250821,0.5720395147800446,10
250822,0.9068850040435791,10
250834,0.6836279213428498,10
250865,0.4349897563457489,10
250870,0.6364831447601318,10
250878,0.4758149147033691,10
250881,0.37075982689857484,10
250905,0.7475140790144602,6
250963,0.8479445219039917,10
251037,0.6024649977684021,10
251053,0.8285279393196106,10
251060,0.5164343059062958,10
251083,0.6107322242524889,9
251136,0.9995801051457723,3
251137,0.2127828538417816,10
251153,0.6916113694508871,9
251208,0.38491700291633607,10
251213,0.733618038892746,10
251228,0.6002258896827698,10
251247,0.6276337921619415,10
251252,0.44334273205863106,9
251253,0.9984142184257507,10
251293,0.596743905544281,10
251328,0.3963489353656769,10
251349,0.5476950526237487,10
251350,0.6061563193798065,10
251364,0.7066781282424927,10
251399,0.6863415896892547,10
251405,0.7595045745372773,10
251412,0.6707173824310303,10
251420,0.6771401643753052,10
251433,0.8013754904270172,10
251441,0.6368009626865387,10
251442,0.6361371815204621,10
251444,0.2855003297328949,10
251445,0.3420915901660919,10
251481,0.6168863236904144,10
251519,0.7795858561992646,10
251538,0.27456764578819276,10
251551,0.7249685227870941,10
251593,0.47571695702416555,7
251622,0.597088760137558,10
251632,0.4994104027748108,10
251642,0.3152759850025177,10
251658,0.7808902502059937,10
251660,0.5038011252880097,10
251661,0.7712274014949798,10
251678,0.6682113885879517,10
251685,0.7356014251708984,10
251722,0.580135703086853,10
251723,0.3446095585823059,10
251726,0.6205276310443878,10
251747,0.8929472506046295,10
251832,0.810579490661621,10
251854,0.7065500795841217,10
251890,0.4950699508190155,10
251987,0.8302325189113617,10
252141,0.3091128004921807,9
252153,0.7035605788230896,10
252163,0.508912193775177,10
252165,0.988675594329834,10
252197,0.21400601863861085,10
252212,0.5651482522487641,10
252265,0.3230116605758667,10
252277,0.4901821732521057,5
252314,0.40523517727851865,10
252315,0.46082780361175535,10
252323,0.8996605634689331,10
252328,0.6029115498065949,10
252399,0.4979100227355957,10
252402,0.7964699864387512,10
252432,0.7365688443183899,10
252446,0.5639089643955231,10
252479,0.4948675215244293,10
252484,0.7904058694839478,10
252526,0.9494271576404572,10
252530,0.3242676019668579,5
252542,0.5307492256164551,10
252544,0.3069071650505066,10
252555,0.4927771151065826,10
252556,0.5688327848911285,10
252576,0.40481639504432676,10
252579,0.8381290793418884,10
252580,0.8335499366124471,6
252657,0.8805230498313904,10
252684,0.5052089154720306,10
252688,0.7701738119125366,10
252693,0.7519466757774353,10
252712,0.21084201335906982,10
252752,0.9975850403308868,10
252776,0.4322034060955048,10
252854,0.5536590278148651,10
252877,0.906211769580841,10
252883,0.5314385175704956,10
252892,0.5354517340660095,10
252929,0.29173758029937746,10
252962,0.6083076298236847,10
252985,0.2137892246246338,10
252990,0.5528406699498495,3
252997,0.7169925034046173,10
253048,0.4504440188407898,10
253074,0.6070036053657532,10
253087,0.49983140230178835,10
253106,0.46947747468948364,10
253149,0.3043562948703766,10
253185,0.5183558881282806,10
253214,0.545383220911026,10
253215,0.3919395744800568,10
253284,0.367848140001297,10
253318,0.6981268882751465,10
253319,0.49202043414115904,10
253320,0.6005151391029357,10
253344,0.6616600811481476,10
253368,0.5990954279899597,10
253372,0.7146975457668304,10
253379,0.7716972053050994,10
253396,0.6033177673816681,10
253398,0.4550150573253632,10
253399,0.4620224297046661,10
253470,0.7331875741481781,10
253499,0.6156193494796753,10
253506,0.6887283205986023,10
253512,0.6670054614543914,10
253564,0.7479257583618164,4
253568,0.4731674313545227,10
253574,0.42987447381019595,10
253607,0.6854536354541778,10
253608,0.5400646984577179,10
253618,0.778802901506424,10
253635,0.6972099721431733,10
253652,0.9767179191112518,10
253664,0.7148272037506104,10
253679,0.41799464225769045,10
253684,0.7901148915290832,10
253696,0.5875268757343293,10
253705,0.5474224537611008,8
253719,0.4234874427318573,10
253743,0.2669917643070221,10
253756,0.524917596578598,10
253759,0.6032892465591431,10
253763,0.6710439920425415,10
253766,0.22673189043998718,10
253786,0.6298014402389527,10
253807,0.6025608122348786,10
253819,0.6277351776758829,3
253861,0.6130860686302185,10
253862,0.6938602805137635,10
254017,0.6548026621341705,10
254018,0.8008411765098572,10
254025,0.5132502794265748,10
254029,0.6793195009231567,10
254088,0.601336520910263,10
254110,0.40680593252182007,10
254123,0.32467498183250426,10
254127,0.5937078177928925,10
254132,0.8019044637680054,10
254135,0.7044705629348755,10
254145,0.6461184471845627,8
254149,0.7523669749498367,8
254157,0.6667905582322015,9
254178,0.4296791315078735,10
254188,0.8943901360034943,10
254189,0.7083173215389251,10
254192,0.41141510009765625,10
254193,0.580395781993866,10
254195,0.3777285933494568,10
254213,0.7039054155349731,10
254227,0.5347103416919708,10
254230,0.8691267549991608,10
254239,0.8438081085681916,10
254322,0.44095089435577395,10
254341,0.6858251214027404,10
254386,0.8008449673652649,10
254394,0.6729313910007477,10
254399,0.6014706909656524,10
254415,0.5032578885555268,10
254417,0.5672178030014038,10
254419,0.927710235118866,10
254427,0.8074770212173462,10
254494,0.7330100933710734,6
254498,0.6010858535766601,5
254513,0.8937378942966461,10
254532,0.3989119231700897,10
254546,0.503312474489212,10
254585,0.5840017855167389,10
254588,0.8189505159854888,10
254591,0.7436319530010224,10
254613,0.891373872756958,10
254617,0.2781284928321838,10
254619,0.7010648608207702,10
254632,0.4063873291015625,10
254634,0.7973554849624633,10
254639,0.11610665917396545,10
254640,0.6060707449913025,10
254681,0.5143680393695831,10
254683,0.7120204269886017,10
254686,0.2505533993244171,4
254695,0.5210731148719787,10
254708,0.7927545309066772,10
254713,0.6563879430294037,10
254743,0.40644654631614685,10
254759,0.3122875392436981,10
254846,0.6868551790714263,10
254888,0.6927595138549805,10
254894,0.5140249490737915,10
254923,0.7209427773952484,10
254936,0.796954607963562,10
254938,0.49406454563140867,10
254976,0.8039842963218689,10
254992,0.7276885211467743,10
254994,0.738722813129425,10
255013,0.7684224307537079,10
255020,0.4744937360286713,10
255027,0.2443353235721588,10
255029,0.561581015586853,10
255034,0.21460557579994202,10
255037,0.4038272678852081,10
255042,0.6835276067256928,10
255165,0.5141905963420867,10
255171,0.38594112992286683,10
255175,0.6280433237552643,10
255227,0.5969929933547974,5
255235,0.5889682471752167,10
255249,0.9128313839435578,10
255255,0.6128436923027039,10
255272,0.5740789890289306,10
255291,0.6908928513526916,10
255293,0.5759776115417481,10
255310,0.7042782068252563,10
255332,0.40993812084198,10
255335,0.2952696830034256,4
255356,0.6415147185325623,10
255360,0.717022281885147,10
255363,0.798004412651062,10
255381,0.5732746303081513,10
255392,0.7323202908039093,10
255393,0.8946464478969574,10
255396,0.6565980792045594,10
255455,0.6565426409244537,10
255456,0.8832380592823028,10
255478,0.3077541351318359,10
255507,0.6636618435382843,10
255516,0.8917474567890167,10
255570,0.8061692893505097,10
255586,0.41648776531219484,10
255594,0.7381970226764679,10
255597,0.5979664656851027,9
255608,0.6865228712558746,10
255615,0.8008571684360504,10
255618,0.886541074514389,10
255633,0.6719587862491607,10
255635,0.7508466005325317,10
255639,0.7461324453353881,10
255640,0.7910749971866607,10
255642,0.3684892296791077,10
255651,0.4874656081199646,10
255653,0.4361440360546112,10
255658,0.612011057138443,10
255659,0.5220678210258484,10
255664,0.7010309100151062,10
255674,0.60008664727211,10
255675,0.4243609130382538,10
255678,0.3937157818249294,7
255680,0.7783282697200775,10
255683,0.9909766256809235,10
255692,0.3156551539897919,10
255695,0.5639149679077996,9
255696,0.5503808557987213,10
255697,0.36267626881599424,10
255702,0.5806275010108948,10
255708,0.8989993095397949,10
255712,0.6414039075374603,10
255732,0.7460817247629166,8
255805,0.8516664266586303,10
255902,0.5595546722412109,10
255907,0.8900375664234161,10
255928,0.80258549451828,10
255955,0.6167473018169403,10
255962,0.7238475978374481,10
255970,0.5409821093082428,10
255984,0.6071260154247284,10
255990,0.5161983430385589,10
256065,0.7809026360511779,10
256066,0.5514674961566925,10
256067,0.6192547976970673,10
256085,0.503961843252182,10
256151,0.4826744794845581,8
256159,0.4752584993839264,10
256170,0.632448387145996,5
256214,0.46579003930091856,10
256226,0.7661603152751922,10
256233,0.6021205484867096,10
256250,0.30386881828308104,10
256297,0.6214212834835052,10
256313,0.5810211479663849,10
256317,0.7583273112773895,10
256320,0.6442157208919526,10
256334,0.42314099073410033,10
256375,0.45229658484458923,10
256380,0.6042711555957794,10
256381,0.900449800491333,10
256382,0.7433006167411804,10
256390,0.43902915716171265,10
256391,0.8993051290512085,10
256397,0.655992078781128,10
256399,0.5919280290603638,5
256422,0.6511124193668365,10
256438,0.6514928102493286,10
256442,0.6704403460025787,10
256443,0.6923671841621399,10
256478,0.7770858407020569,10
256479,0.44253028035163877,10
256480,0.788240772485733,10
256486,0.6289254128932953,10
256487,0.7926865696907044,10
256502,0.695339435338974,10
256509,0.648431372642517,10
256513,0.5469011068344116,10
256526,0.8999906003475189,10
256536,0.5050219416618347,10
256538,0.9996331632137299,10
256540,0.8039783418178559,10
256541,0.7103598952293396,10
256568,0.09398558139801025,10
256569,0.430258446931839,10
256570,0.3028546869754791,10
256572,0.8205100476741791,10
256589,0.5693104565143585,10
256606,0.9133158385753631,10
256609,0.6899243678365435,7
256620,0.6471733748912811,10
256621,0.5891832841767205,9
256623,0.519624263048172,10
256626,0.5602746725082397,10
256640,0.40699595808982847,10
256643,0.6901645004749298,10
256669,0.6253394365310669,10
256680,0.7353761196136475,10
256685,0.905864554643631,10
256700,0.4979109525680542,10
256701,0.6322842419147492,10
256705,0.5690575122833252,10
256707,0.736113452911377,10
256708,0.8908437728881836,10
256728,0.3643489480018616,10
256729,0.6996740698814392,10
256730,0.4078465521335602,10
256742,0.7236296619687762,7
256769,0.7048380434513092,10
256778,0.716126024723053,7
256779,0.7985572814941406,7
256780,0.8196232691407204,8
256788,0.8083544254302979,10
256792,0.5761371970176696,10
256801,0.7000286161899567,10
256802,0.7999303579330445,10
256804,0.6913887977600097,10
256831,0.5812650859355927,10
256838,0.7448533833026886,10
256839,0.5228304207324982,10
256852,0.5028499662876129,10
256853,0.5541355758905411,8
256861,0.6825676620006561,10
256874,0.8504708707332611,10
256875,0.7324373040880475,7
256876,0.6578915417194366,10
256877,0.21253674626350402,10
256883,0.3914279997348785,10
256911,0.611361050605774,10
256915,0.34382858872413635,10
256916,0.6758768737316132,10
256918,0.4080909013748169,10
256939,0.6915922403335572,10
256940,0.5993237614631652,10
256952,0.8967195689678192,10
256956,0.5343789279460907,10
256957,0.5724832756178719,7
256960,0.7642467260360718,10
256962,0.5803859763675265,9
256964,0.5061923861503601,10
256967,0.654524564743042,10
256980,0.7126153528690338,10
256997,0.3054186165332794,10
256998,0.7923824489116669,10
256999,0.7389901340007782,10
257001,0.4296056032180786,10
257006,0.7093657970428466,10
257045,0.6031586050987243,10
257056,0.788240271806717,10
257058,0.3196593165397644,10
257063,0.697876250743866,10
257066,0.48277226090431213,10
257067,0.5008393168449402,10
257073,0.4632218897342682,10
257074,0.20557165741920472,10
257076,0.4009726881980896,5
257077,0.7729081213474274,10
257080,0.23452083468437196,10
257081,0.49739816784858704,10
257096,0.7709972560405731,10
257145,0.7959664344787598,10
257160,0.4718908786773682,10
257164,0.5859896302223205,10
257193,0.6471389353275299,10
257198,0.4570149898529053,10
257199,0.6721843481063843,3
257204,0.6851035594940186,10
257205,0.5962500631809234,10
257273,0.4161903142929077,10
257283,0.4175418674945831,10
257284,0.6846348404884338,10
257305,0.7353369772434235,10
257306,0.7092875957489013,10
257307,0.35995336174964904,10
257313,0.4127896249294281,10
257316,0.7275291383266449,10
257321,0.3773996412754059,10
257324,0.5894729693730673,6
257349,0.7050994575023651,10
257372,0.7433637797832489,10
257378,0.6001145720481873,10
257380,0.6917326867580413,10
257395,0.7017097353935242,10
257411,0.7061564326286316,10
257415,0.5729419171810151,10
257435,0.5129297316074372,10
257440,0.40389201045036316,8
257445,0.5634193301200867,10
257499,0.633349883556366,10
257501,0.7415564358234406,10
257518,0.8214096069335938,10
257527,0.4386026203632355,10
257582,0.5297575652599334,10
257598,0.3861368179321289,10
257599,0.3967625617980957,10
257601,0.5504414081573487,10
257604,0.25923095643520355,4
257614,0.772253155708313,10
257633,0.6002295732498169,10
257667,0.8214391529560089,10
257668,0.40999808311462405,10
257669,0.36886398792266845,10
257674,0.6539115071296692,10
257700,0.7090877592563629,10
257706,0.798850154876709,10
257707,0.4893632590770721,10
257722,0.5690388917922974,10
257725,0.6114818632602692,10
257726,0.9806756138801574,10
257732,0.5739073097705841,10
257733,0.6370895326137542,10
257743,0.7194873435156686,7
257759,0.347983193397522,10
257766,0.33550168871879577,10
257769,0.6049569606781006,10
257814,0.36426558664866854,7
257834,0.6456929087638855,10
257836,0.7679578959941864,10
257839,0.4145205974578857,10
257841,0.5924661695957184,10
257851,0.24951689839363098,10
257880,0.6995323121547699,10
257924,0.48788203597068786,10
257955,0.4157503962516785,10
257957,0.5083159446716309,10
257960,0.30525004863739014,10
257962,0.8943348526954651,10
257964,0.3595729172229767,8
257965,0.6866464853286743,10
257966,0.5695338487625122,10
257967,0.5031159281730652,10
257987,0.6879601538181305,10
257991,0.4009089946746826,10
257994,0.507774418592453,10
258036,0.6111540734767914,10
258041,0.4424748420715332,10
258070,0.663771304819319,9
258074,0.32458860874176027,10
258104,0.5964883446693421,10
258131,0.40784803628921507,10
258135,0.2527372658252716,10
258137,0.5583840608596802,10
258140,0.7112900614738464,10
258148,0.7369619131088256,10
258154,0.6371903121471405,10
258160,0.6999377250671387,10
258184,0.8908354818820954,10
258206,0.31163285970687865,10
258207,0.8056414067745209,10
258210,0.8785442769527435,10
258242,0.6103406965732574,10
258244,0.4056922197341919,10
258287,0.4786254107952118,10
258302,0.10523016452789306,10
258308,0.737998241186142,10
258309,0.5800354361534119,10
258325,0.37425597012043,4
258376,0.729082053899765,10
258389,0.34445306062698366,10
258411,0.5346929669380188,10
258412,0.6204893946647644,10
258413,0.4774061322212219,10
258437,0.8899083435535431,10
258440,0.3575131893157959,3
258444,0.6251223266124726,10
258451,0.697515344619751,10
258457,0.3217276483774185,8
258466,0.6328949093818664,10
258512,0.6991122364997864,10
258544,0.6650985956192017,10
258561,0.751100879907608,10
258636,0.5244365394115448,10
258665,0.4637821316719055,10
258693,0.9466320097446441,10
258723,0.309722101688385,10
258725,0.6007315337657928,10
258748,0.4358965218067169,10
258751,0.7212857186794281,10
258752,0.4147845387458801,10
258775,0.22680057883262633,10
258779,0.7043088018894196,10
258783,0.40356517434120176,10
258818,0.5960936784744263,10
258855,0.29761542081832887,10
259005,0.7967542946338654,10
259038,0.7908709645271301,10
259061,0.8108518421649933,10
259064,0.44970962405204773,4
259066,0.8777673125267029,10
259069,0.6834592640399932,10
259081,0.7146961212158203,10
259121,0.7046645939350128,10
259298,0.7037334501743316,10
259310,0.46850985288619995,10
259342,0.25289925932884216,4
259345,0.8604902923107147,10
259374,0.7012066185474396,10
259393,0.7494522988796234,10
259394,0.6959285318851471,10
259501,0.22239168882369995,10
259525,0.40894160866737367,10
259537,0.5691768527030945,10
259551,0.4146937966346741,10
259554,0.2523613810539246,5
259638,0.533943201814379,7
259704,0.8967195987701416,10
259708,0.32504950761795043,10
259710,0.7746212005615234,10
259724,0.6139711538950602,9
259727,0.04490150014559428,6
259809,0.575055867433548,10
259829,0.09084391593933105,10
259830,0.7306011259555817,10
259837,0.17422394156455995,10
259857,0.39656193256378175,10
259897,0.7119211196899414,10
259945,0.8014615178108215,10
259962,0.604570084810257,10
259968,0.5016322493553161,10
259970,0.4964585602283478,4
259972,0.7914372563362122,10
260015,0.41325669884681704,10
260033,0.8043945908546448,10
260037,0.9961630046367645,10
260143,0.2046558141708374,10
260147,0.4733435451984406,10
260156,0.7246993958950043,10
260168,0.8998679339885711,10
260170,0.6268778204917907,10
260180,0.7647008657455444,10
260201,0.5748419523239136,10
260212,0.4985902011394501,10
260218,0.6193938910961151,10
260233,0.5576428837246366,9
260234,0.9982562243938446,10
260238,0.49948334097862246,10
260239,0.6604856312274933,10
260264,0.5678943753242492,10
260268,0.4981096863746643,10
260269,0.8107655942440033,10
260277,0.6127403842078315,9
260282,0.9943829953670502,10
260298,0.5445962607860565,10
260300,0.6038837373256684,10
260307,0.6117659270763397,10
260316,0.7130024135112762,10
260322,0.5384588062763214,10
260329,0.6784251570701599,10
260332,0.3686908185482025,10
260334,0.337991327047348,10
260335,0.7970127940177918,10
260348,0.6742558360099793,10
260407,0.6503471255302429,10
260410,0.6023367047309875,10
260428,0.7751792550086976,10
260444,0.3333299358685811,3
260465,0.5831715404987335,10
260524,0.7775907278060913,10
260561,0.7992171704769134,10
260563,0.8428950488567353,10
260592,0.6017116367816925,10
260605,0.5850340485572815,10
260635,0.5406790256500245,10
260644,0.4514773190021515,10
260645,0.603744900226593,10
260694,0.5831709206104279,10
260704,0.5117253720760345,10
260709,0.5181235149502754,8
260710,0.44649925231933596,10
260733,0.8517093360424042,10
260757,0.534986811876297,10
260785,0.6204106152057648,10
260786,0.6679813146591187,10
260788,0.6489266157150269,10
260789,0.6651175141334533,10
260799,0.4246621787548065,10
260815,0.35197792053222654,10
260901,0.4655923068523407,10
260904,0.7999303877353668,10
260922,0.3036802291870117,10
260923,0.49897677898406984,10
260931,0.7481718361377716,10
260934,0.49529626965522766,10
260937,0.3584236105283101,9
260942,0.5781114161014557,10
260980,0.8889712035655976,10
261009,0.606697165966034,10
261112,0.501228392124176,10
261114,0.6289748311042785,10
261145,0.5109493613243103,10
261160,0.4065741658210754,10
261165,0.8373740077018738,10
261168,0.6805580088070461,7
261246,0.9835236191749572,10
261262,0.7524463415145874,10
261265,0.7755513861775398,8
261307,0.6163882851600647,10
261316,0.8252731919288635,10
261321,0.7807106792926788,10
261342,0.5971704721450806,10
261355,0.2295245263311598,9
261370,0.6496768653392792,10
261393,0.895992386341095,10
261403,0.8623677611351013,10
261424,0.7269697427749634,10
261449,0.5993927597999573,10
261490,0.6906659543514252,10
261491,0.22392966747283935,10
261525,0.4669922649860382,10
261529,0.35968445539474486,10
261594,0.7068230092525483,10
261614,0.7678546845912934,10
261624,0.6323443114757538,10
261666,0.3452385663986206,10
261683,0.6283465504646302,10
261738,0.6830663204193115,10
261831,0.8945025563240051,10
261838,0.8518969893455506,10
261898,0.4926357567310333,10
261982,0.6948757946491242,10
261984,0.5992664992809296,10
261985,0.44448619418674046,9
262042,0.593925267457962,10
262114,0.6324307262897492,10
262122,0.7545708119869232,10
262135,0.6008570671081543,10
262141,0.4881422400474548,10
262164,0.7686184108257293,10
262188,0.5839809119701386,10
262198,0.33524574637413024,10
262201,0.48472887873649595,10
262208,0.8744400143623352,10
262211,0.7021452605724334,10
262215,0.2238331437110901,10
262262,0.9887826919555665,10
262273,0.6011799573898315,10
262274,0.5683609902858734,10
262275,0.6278036296367645,10
262291,0.5032555758953094,8
262310,0.7928160607814789,10
262341,0.5879355370998383,10
262370,0.41718164682388303,10
262381,0.203698593378067,10
262388,0.2378835141658783,10
262443,0.4637064814567566,10
262447,0.46094775862163967,9
262477,0.4023130893707275,10
262479,0.6010104835033416,10
262498,0.7241022825241089,10
262520,0.47712541818618776,10
262534,0.9046827852725983,10
262540,0.695512717962265,10
262543,0.6895462453365326,10
262547,0.6627305388450623,10
262566,0.5686619400978088,10
262621,0.6459996461868286,10
262622,0.540875244140625,10
262626,0.8614286124706269,10
262712,0.6716985583305359,10
262733,0.5015623152256012,10
262770,0.704993486404419,10
262806,0.6381094098091126,10
262818,0.6325552046298981,10
262899,0.7228364408016205,10
262939,0.5028337478637696,10
262941,0.3108834743499756,10
262994,0.506703108549118,10
263051,0.4669661819934845,10
263085,0.8159279942512512,10
263089,0.7608769834041595,10
263155,0.3962073981761932,10
263168,0.7081100940704346,10
263175,0.5450314700603485,10
263177,0.5267142057418823,10
263189,0.2920830249786377,10
263192,0.6914584338665009,10
263222,0.702216362953186,10
263223,0.618954986333847,10
263301,0.39933927059173585,10
263312,0.5872062087059021,10
263351,0.7852603197097778,10
263360,0.4142780125141144,10
263421,0.6353610277175903,10
263426,0.49883790612220763,10
263736,0.6872373580932617,10
263744,0.5057565331459045,10
263763,0.500533652305603,10
263809,0.7094836950302124,10
263894,0.6099883139133453,10
263918,0.43663286566734316,10
263938,0.8183792233467102,10
263996,0.6934384942054749,10
264052,0.7968466937541961,10
264055,0.4306523084640503,10
264141,0.7639080166816712,10
264154,0.3404348611831665,10
264157,0.7382941663265228,10
264164,0.7124968349933625,10
264196,0.7132968962192535,10
264198,0.7902930617332459,10
264212,0.7938869833946228,10
264220,0.606528776884079,10
264221,0.7776404321193695,10
264239,0.8489781498908997,10
264241,0.6091674029827118,10
264242,0.8995829403400422,10
264267,0.5882110993067423,3
264278,0.4222355425357819,10
264282,0.5780728220939636,10
264295,0.7897769391536713,10
264314,0.7608940660953522,10
264318,0.7932374477386475,10
264321,0.5743426442146301,10
264326,0.7213466167449951,10
264410,0.9067817661497328,9
264452,0.5704158902168274,10
264476,0.8917354643344879,10
264566,0.8076153039932251,10
264637,0.601999944448471,10
264638,0.7501034021377564,10
264647,0.735119640827179,10
264656,0.3324630320072174,10
264660,0.4063350439071655,10
264669,0.5416560769081116,10
264714,0.49291889667510985,10
264742,0.7657970309257507,10
264797,0.601639324426651,10
264806,0.8104189932346344,10
264843,0.4845469892024994,10
264858,0.893701434135437,10
264925,0.5025624215602875,10
264948,0.8152814269065857,10
264970,0.27140949964523314,10
264982,0.595195084810257,10
264989,0.4241445481777191,10
264991,0.8172379016876221,10
265017,0.39053279161453247,10
265019,0.6513680815696716,6
265026,0.6708492457866668,10
265031,0.8586989641189575,10
265105,0.6250371262431145,8
265113,0.25904842019081115,10
265120,0.9909218430519104,5
265188,0.7529507577419281,10
265202,0.7796040832996368,10
265204,0.48601089119911195,10
265219,0.675565379858017,10
265226,0.9141099393367768,10
265249,0.6038037717342377,10
265256,0.7459021866321563,10
265260,0.4538836896419525,10
265285,0.6187558472156525,10
265286,0.34373571276664733,10
265293,0.7367027938365937,10
265297,0.888863080739975,10
265304,0.7412335753440857,10
265316,0.3912452459335327,10
265381,0.5284031331539154,10
265399,0.6082044184207916,10
265402,0.8766456842422485,10
265430,0.6997507512569427,10
265489,0.5554456889629364,10
265524,0.6924534678459168,10
265569,0.10681133270263672,10
265571,0.6480845153331757,10
265575,0.9009325861930847,10
265583,0.6290442407131195,10
265585,0.7996821701526642,10
265634,0.4925955653190613,10
265635,0.46770864725112915,10
265681,0.7436394155025482,10
265682,0.6663163065910339,10
265683,0.5351494431495667,10
265684,0.5721274614334106,10
265712,0.5300023019313812,10
265715,0.5635962784290314,10
265736,0.4971114695072174,10
265752,0.675406301021576,10
265754,0.48987480998039246,10
265755,0.5595447659492493,10
265771,0.8678407430648803,10
265784,0.5957736492156982,10
265785,0.5039896190166473,10
265832,0.6092176834742228,3
265912,0.7850706577301025,10
265917,0.5014042556285858,10
265947,0.700352156162262,10
265960,0.7897192537784576,10
266018,0.6792758584022522,10
266031,0.4067217528820038,10
266064,0.6752317190170288,10
266071,0.7582383081316948,8
266079,0.6863352239131928,10
266083,0.6318820774555206,10
266092,0.8228388627370199,6
266102,0.6682734966278077,10
266121,0.512073141336441,10
266129,0.6054682493209839,10
266140,0.7972856819629669,10
266141,0.39795178174972534,10
266164,0.8793978333473206,10
266177,0.4069120764732361,10
266179,0.6380503118038178,10
266188,0.7004024147987366,10
266192,0.677869188785553,10
266259,0.8778091549873352,10
266266,0.47453299164772034,10
266304,0.429119861125946,10
266308,0.5429702699184418,10
266381,0.6090073347091675,10
266421,0.5037783265113831,10
266444,0.7026321828365326,10
266445,0.21286410689353943,10
266446,0.3669539749622345,10
266448,0.6297600209712982,10
266460,0.5962710022926331,10
266504,0.4793409168720245,10
266507,0.8918319582939148,10
266524,0.7017497420310974,10
266525,0.5785286962985993,10
266538,0.33083427548408506,10
266564,0.8299136757850647,10
266592,0.7034898221492767,10
266651,0.5935650110244751,10
266652,0.3460234999656677,7
266722,0.7083148419857025,10
266744,0.6047841787338257,10
266747,0.5033008337020874,10
266756,0.5078528523445129,10
266769,0.8521491110324859,10
266771,0.6920735955238342,10
266802,0.7616072118282318,10
266810,0.5699700593948365,10
266830,0.4595836341381073,10
266842,0.4869866132736206,10
266936,0.5891412854194641,10
266938,0.7204687535762787,10
266940,0.5987753510475159,10
266964,0.5045857965946198,10
266965,0.7040652692317962,10
266966,0.32739171385765076,10
266967,0.6408260345458985,10
266968,0.6946544885635376,10
266980,0.4149008274078369,10
266993,0.6236687004566193,10
267009,0.5357879817485809,10
267013,0.626003897190094,10
267030,0.5138089954853058,10
267036,0.6203603208065033,10
267058,0.5105783641338348,10
267127,0.9773640692234039,10
267133,0.9592834353446961,10
267179,0.6292471766471863,5
267182,0.4840819418430328,10
267243,0.5790290296077728,10
267244,0.7178933501243592,10
267246,0.508332884311676,10
267271,0.7810514509677887,10
267304,0.5189614951610565,10
267313,0.9008506000041961,10
267314,0.8125225126743316,10
267319,0.7278851330280304,10
267333,0.7800817906856536,10
267359,0.5085248947143555,10
267370,0.6306951522827149,10
267377,0.7824445366859436,10
267378,0.6815225601196289,10
267397,0.5148523509502411,10
267401,0.6802811324596405,10
267402,0.6015290081501007,10
267404,0.5638660107340131,7
267414,0.4308072328567505,10
267475,0.6049050748348236,10
267506,0.49654112458229066,10
267568,0.5843033373355866,10
267590,0.8028504967689514,10
267609,0.7959124028682709,10
267652,0.3579293668270111,10
267661,0.8182629168033599,10
267732,0.9004784047603607,10
267735,0.5592829883098602,10
267813,0.23058552742004396,10
267814,0.6231940686702728,10
267884,0.5438199877738953,10
267945,0.6963963687419892,10
267986,0.6868077039718627,10
267989,0.7677816867828369,10
267991,0.6047823429107666,10
268008,0.7351430058479309,9
268012,0.6529619038105011,10
268098,0.692412692308426,10
268159,0.41966770887374877,10
268183,0.5918350577354431,10
268185,0.5196883901953697,8
268201,0.6399926662445068,10
268221,0.7977788507938385,10
268248,0.5059150993824005,10
268252,0.7646456360816956,10
268255,0.8891021013259888,9
268274,0.7865022242069244,10
268276,0.6926475048065186,10
268377,0.6255560338497161,10
268408,0.513066977262497,10
268469,0.533160823583603,10
268493,0.5453256666660309,10
268504,0.5181009531021118,10
268543,0.6617334008216857,10
268582,0.38712584376335146,10
268586,0.5669739842414856,10
268620,0.8294970214366912,10
268665,0.5431647658348083,10
268762,0.7812310755252838,10
268846,0.455463102885655,7
268864,0.7031923830509186,10
268890,0.7049670934677124,10
268899,0.49316672086715696,10
268901,0.6162376821041107,10
268921,0.5063162446022034,8
268936,0.7352454245090485,10
268948,0.7030410766601562,4
268952,0.24002546072006226,10
268962,0.00775010883808136,4
269041,0.7872184157371521,10
269069,0.8862946212291718,10
269072,0.6631497740745544,10
269077,0.5034694135189056,10
269144,0.7736850023269654,10
269145,0.4478675782680511,10
269146,0.5437363803386688,10
269160,0.4290009677410126,10
269175,0.7355948209762573,10
269199,0.719140636920929,10
269205,0.7591212921672397,9
269207,0.6041272282600403,10
269210,0.47990508675575255,10
269257,0.6966035902500153,10
269385,0.5245334088802338,10
269403,0.8700834512710571,10
269418,0.7227009952068328,10
269420,0.5762436807155609,10
269440,0.5946483492851258,10
269456,0.6882131099700928,10
269466,0.9420214593410492,4
269487,0.9772014788218907,7
269489,0.477774977684021,10
269504,0.3909448206424713,10
269511,0.33609994649887087,10
269526,0.7185184836387635,10
269537,0.560093080997467,10
269564,0.5584463834762573,10
269573,0.5499426066875458,10
269595,0.3057025969028473,10
269603,0.8673033893108368,10
269607,0.7444255530834198,10
269618,0.6960688412189484,10
269623,0.5788425326347351,10
269624,0.5878338634967804,10
269725,0.9750735521316528,10
269752,0.7884646773338317,10
269756,0.4504770219326019,10
269766,0.80304234623909,10
269789,0.48493497371673583,10
269810,0.23666245341300965,10
269847,0.867884761095047,10
269913,0.3297266185283661,10
269917,0.6961317539215088,10
269967,0.3119258999824524,10
269968,0.4241080045700073,10
269970,0.3342475758658515,9
269971,0.3888893246650696,10
269982,0.5339414924383163,4
270077,0.5393259465694428,10
270109,0.7558115005493165,10
270113,0.6941532671451569,10
270131,0.5456933081150055,10
270133,0.693133725060357,9
270138,0.5722771465778351,10
270140,0.6503662943840027,10
270143,0.6994518041610718,10
270168,0.6071253716945648,10
270223,0.5732650101184845,10
270227,0.5552957415580749,10
270233,0.5508456587791443,10
270237,0.5828143656253815,10
270239,0.5345090985298157,10
270269,0.6185393393039703,10
270293,0.7578477561473846,10
270314,0.5912552952766419,10
270350,0.708612072467804,10
270443,0.7024840950965882,10
270445,0.4032981276512146,10
270501,0.8010104477405549,10
270512,0.6990397969881693,6
270513,0.5154411733150482,10
270538,0.41385580897331237,10
270632,0.5092523038387299,10
270633,0.6276466071605682,10
270635,0.437675940990448,10
270636,0.7024665236473083,10
270637,0.5581410765647888,10
270673,0.8841628909111023,10
270677,0.7231887996196746,10
270680,0.7574757218360901,10
270685,0.8157622814178467,10
270836,0.6315332174301147,10
270844,0.543014520406723,10
270847,0.7834262609481811,10
270871,0.6486797988414764,10
270956,0.64824258685112,10
270958,0.4073973774909973,10
270970,0.4723054111003876,10
270971,0.6730882525444031,10
270972,0.5303733348846436,10
271002,0.6706332981586456,10
271027,0.6665264169375101,3
271036,0.707825654745102,10
271038,0.4097933828830719,10
271040,0.40657979249954224,10
271042,0.32052209973335266,10
271043,0.30140637755393984,10
271044,0.7009216368198394,10
271045,0.9995273888111115,10
271055,0.9980499148368835,10
271060,0.43638938665390015,10
271064,0.5126364707946778,10
271088,0.5827874183654785,10
271090,0.7135837376117706,10
271262,0.6643949210643768,10
271264,0.6396075189113617,10
271268,0.4338322222232819,10
271270,0.5309525310993195,10
271288,0.5049102485179902,10
271319,0.8038004696369171,10
271321,0.7366189062595367,10
271324,0.7884569525718689,10
271349,0.10529618859291076,10
271447,0.7177126705646515,10
271460,0.61925008893013,10
271512,0.7069093942642212,10
271518,0.6490953862667084,10
271519,0.5727549076080323,10
271522,0.82706447158541,7
271524,0.5152161359786988,10
271528,0.6058757305145264,10
271529,0.7046121060848236,10
271530,0.8320300281047821,10
271601,0.5983938813209534,10
271615,0.9223075032234191,10
271693,0.49272366762161257,10
271751,0.6052328705787658,10
271754,0.897586715221405,10
271756,0.8117267727851868,10
271759,0.6412802755832672,10
271762,0.7996547996997834,10
271774,0.6361743927001953,10
271785,0.7999735176563263,10
271820,0.6990565538406373,10
271837,0.7014890849590302,10
271869,0.6008319556713104,10
271896,0.9950749039649963,10
271942,0.47519055753946304,8
272078,0.6640309989452362,10
272085,0.35560532808303835,10
272215,0.9924535095691681,10
272234,0.41003477573394775,3
272260,0.7727476239204407,10
272325,0.587019968032837,10
272350,0.7025469601154327,10
272364,0.5807294070720672,10
272380,0.899527394771576,10
272409,0.49599202871322634,10
272427,0.3728009521961212,10
272438,0.6320999324321747,10
272453,0.5424848556518554,10
272502,0.7992191255092621,10
272522,0.413364177942276,10
272533,0.7000808894634247,10
272538,0.5641005635261536,10
272541,0.5836227834224701,10
272542,0.5985937893390656,10
272597,0.8970191299915313,10
272598,0.9642607510089874,10
272599,0.6154524028301239,10
272636,0.8654984891414642,10
272666,0.3034187078475952,10
272682,0.5989646911621094,10
272683,0.3294469118118286,10
272692,0.773174911737442,6
272697,0.5341050558620029,9
272711,0.5557176530361175,10
272738,0.6245395064353942,10
272739,0.598222017288208,10
272767,0.7767058610916138,10
272803,0.5028436005115509,10
272889,0.24718301892280578,10
272993,0.7050471007823944,10
273005,0.6535468176007271,8
273009,0.6952524006366729,10
273065,0.7046250224113464,10
273092,0.6098322451114655,10
273164,0.5878736793994903,10
273264,0.6718008756637573,10
273284,0.7989634096622467,10
273330,0.5683358430862426,10
273336,0.5759867489337921,10
273349,0.9925081789493561,10
273352,0.7888908922672272,10
273433,0.7520656287670135,10
273477,0.3899380326271057,10
273482,0.6159065246582032,5
273519,0.7407122194766999,10
273636,0.46116690039634706,10
273657,0.26705644130706785,10
273699,0.6477031588554383,10
273703,0.4070425808429718,10
273769,0.43644996285438536,10
273779,0.6759540438652039,10
273814,0.7834169387817382,10
273909,0.7522375404834747,10
273933,0.4348022739092509,9
273937,0.5436774969100953,10
273976,0.5978170692920685,10
273993,0.8939586877822876,10
274028,0.6059005379676818,10
274037,0.4112208425998688,10
274049,0.5900697946548462,10
274053,0.3870777487754822,10
274056,0.10176627635955811,10
274072,0.7155317187309265,10
274075,0.5126200377941131,10
274090,0.718304044008255,10
274093,0.7216197311878204,10
274124,0.7830805540084839,10
274127,0.6641766369342804,10
274128,0.39407865405082704,10
274152,0.7036108553409577,10
274178,0.7406200408935547,10
274205,0.4986143946647644,10
274206,0.29408578872680663,10
274230,0.6774143755435944,10
274234,0.8210073173046112,10
274277,0.30154976844787595,10
274296,0.6579365730285645,9
274300,0.5766843378543853,10
274349,0.7551532447338104,10
274363,0.8141574323177337,10
274364,0.7851764798164368,10
274405,0.4255256652832031,10
274426,0.9118032276630401,10
274428,0.5050438404083252,10
274429,0.630048143863678,10
274432,0.6270790934562683,10
274442,0.6906196673711141,9
274445,0.6969084143638611,10
274450,0.5533572316169739,10
274471,0.8721148073673248,10
274527,0.6383033931255341,10
274533,0.695199328660965,10
274548,0.5866882920265197,10
274557,0.20649223923683166,10
274563,0.5088041245937347,10
274566,0.6891099989414216,10
274590,0.7215158700942993,10
274605,0.6460899710655212,5
274635,0.3001032292842865,10
274637,0.8582308053970337,10
274638,0.7548361659049988,10
274688,0.46293559670448303,10
274690,0.11024503111839294,10
274735,0.6845112562179565,10
274841,0.763034063577652,10
274861,0.5515921831130981,10
274906,0.29866454005241394,10
274960,0.8163221597671508,10
275010,0.6036079347133636,10
275032,0.6524010241031647,10
275034,0.8004132270812988,10
275044,0.5536719679832458,10
275061,0.4844335913658142,10
275067,0.9088902294635772,10
275085,0.5811827898025512,10
275086,0.4719521999359131,10
275087,0.5541994094848632,10
275089,0.7033445537090302,10
275100,0.5173895359039307,10
275188,0.5123129904270172,10
275213,0.8029167890548706,10
275214,0.5455623209476471,10
275215,0.6905127048492432,10
275349,0.4577528893947601,10
275391,0.6860090970993042,10
275467,0.8128156661987305,10
275469,0.8776335299015046,10
275530,0.6525658369064331,10
275557,0.5440589427947998,10
275589,0.5020996510982514,10
275634,0.5077960669994355,10
275703,0.39835771918296814,6
275715,0.7517307003339132,6
275738,0.7151037096977234,10
275777,0.3893895447254181,10
275783,0.6568571507930756,10
275785,0.5362305343151093,10
275800,0.567651116847992,10
275802,0.4835090100765228,10
275817,0.9947162628173828,10
275840,0.895164144039154,10
275857,0.34636545181274414,3
275870,0.32995941638946535,10
275913,0.6691874980926513,10
275916,0.5113596796989441,10
275969,0.9958351492881775,10
275972,0.7872782766819,10
275973,0.672632920742035,10
275974,0.6013212740421295,10
275996,0.6044386267662049,10
276004,0.591789597272873,10
276022,0.07987979650497437,10
276023,0.5052161455154419,10
276025,0.9888517498970032,10
276042,0.4777940630912781,10
276090,0.6963519930839539,10
276100,0.9991712689399719,5
276107,0.5393148601055145,10
276121,0.7952328979969024,10
276161,0.5410032391548156,10
276169,0.6623138904571533,10
276182,0.4594025731086731,10
276205,0.6002665638923645,10
276264,0.4211995840072632,10
276280,0.6109916746616364,10
276281,0.4051532447338104,10
276296,0.8999659597873688,10
276337,0.5967423141002655,10
276386,0.7979160964488983,10
276416,0.7994145512580871,10
276431,0.7019559204578399,10
276459,0.6481696963310242,7
276497,0.7630863547325134,10
276498,0.8947153806686401,10
276499,0.39439592957496644,10
276551,0.9775243202845255,6
276622,0.40847180485725404,10
276633,0.5492551028728485,10
276654,0.5004457175731659,10
276669,0.7951992392539978,10
276760,0.13368846774101256,10
276779,0.609506756067276,10
276801,0.28766090869903566,10
276817,0.5253791093826294,10
276830,0.40238171219825747,10
276832,0.9331767797470093,10
276856,0.6119151592254639,10
276880,0.5382821381092071,10
276894,0.7026358842849731,10
276923,0.7559933960437775,10
276924,0.4034908890724182,10
276925,0.6113697350025177,10
276997,0.9914259195327759,10
277003,0.5106200456619263,10
277017,0.6971050381660462,10
277018,0.7193201780319214,8
277025,0.32575945258140565,10
277030,0.5217765033245086,10
277035,0.7471594333648681,5
277061,0.714211106300354,7
277080,0.477203893661499,10
277085,0.596828693151474,10
277109,0.21205450892448424,10
277131,0.7656743824481964,10
277184,0.8945083677768707,10
277410,0.5994679629802704,10
277424,0.78351757923762,9
277434,0.6998693197965622,4
277458,0.6577426195144653,10
277469,0.7942641615867615,10
277475,0.805889618396759,10
277481,0.47584158182144165,8
277538,0.7248688161373138,10
277565,0.23948977390925089,9
277597,0.48780480623245237,10
277611,0.4620504856109619,10
277629,0.6010526120662689,10
277659,0.8929863572120667,10
277662,0.6027425050735473,10
277671,0.6449448267618815,3
277672,0.6991384148597717,10
277699,0.7006688058376312,10
277700,0.4049586355686188,10
277892,0.7457348525524139,10
277901,0.1519671082496643,10
277902,0.4140208840370178,10
277903,0.4139394283294678,10
277927,0.6469945192337037,10
277930,0.799476969242096,10
277931,0.8454021275043487,10
278042,0.650532704591751,10
278120,0.5952298998832702,10
278139,0.20345067381858825,10
278142,0.28099811673164365,10
278218,0.699615865945816,10
278297,0.3980202317237854,10
278304,0.4070406436920166,10
278305,0.6561362981796265,10
278322,0.9858752429485321,10
278359,0.4634488344192505,10
278373,0.6659581601619721,10
278402,0.7005300104618073,10
278413,0.6175147712230682,10
278484,0.563128650188446,6
278553,0.6587523460388184,10
278554,0.963241845369339,10
278751,0.7740078687667846,10
278783,0.6633194088935852,10
278824,0.7283465206623078,10
278971,0.7802659690380096,10
278989,0.650583666563034,10
279014,0.42941667437553405,10
279056,0.5681275725364685,10
279087,0.503180468082428,10
279135,0.8182270407676697,10
279198,0.4586010217666626,10
279204,0.7589453518390655,10
279254,0.626292246580124,10
279306,0.6663016617298126,10
279307,0.553145682811737,10
279328,0.5354856252670288,5
279348,0.6278382837772369,10
279419,0.8033607840538025,10
279497,0.489995950460434,10
279527,0.8943761050701141,10
279537,0.7911359071731567,10
279556,0.48124970197677613,10
279581,0.516199666261673,10
279613,0.7268707633018494,10
279644,0.8412307977676392,10
279646,0.6661496460437775,10
279720,0.8080095648765564,10
279727,0.6097716689109802,10
279741,0.6517270565032959,10
279776,0.8808076456189156,8
279869,0.7146401524543762,10
279884,0.6975298881530761,10
279900,0.8450798690319061,10
279911,0.5166053950786591,10
279928,0.5978040865489415,7
279931,0.6988677263259888,10
279967,0.35061014294624326,10
279975,0.49941274523735046,10
279996,0.6086764991283417,10
280032,0.540310925245285,10
280041,0.4062006950378418,10
280106,0.7738590180873871,10
280107,0.5075986444950104,10
280131,0.4987770438194275,10
280132,0.780117416381836,10
280136,0.7735192060470581,10
280143,0.6552050650119782,10
280148,0.5024538099765777,10
280149,0.2782138347625732,10
280162,0.9031260550022125,10
280201,0.5227697610855102,10
280202,0.4609478447172377,9
280203,0.5884940981864929,10
280281,0.39154561161994933,10
280282,0.761580491065979,10
280304,0.6928970873355865,10
280453,0.589952552318573,10
280475,0.8920016288757324,10
280480,0.7234493374824524,10
280501,0.7936873078346253,10
280566,0.7832510709762573,10
280575,0.6270648241043091,10
280655,0.7030010342597961,10
280726,0.4091462194919586,10
280729,0.7036359369754791,10
280730,0.8300426006317139,6
280742,0.3451211526989937,8
280748,0.6948384761810302,10
280789,0.41794597506523135,10
280794,0.6880558133125305,10
280811,0.7195302963256835,10
280812,0.7313552021980285,10
280834,0.5029523432254791,10
280856,0.6834524422883987,8
280896,0.595905089378357,10
280897,0.5281855046749115,10
280979,0.611635684967041,8
280984,0.7945202052593231,10
280986,0.3529284715652466,10
280994,0.38851226568222047,10
280999,0.7174220621585846,10
281020,0.5944661319255828,10
281075,0.47393792271614077,10
281094,0.6731541454792023,10
281132,0.899159175157547,10
281152,0.40707791447639463,10
281194,0.7794710516929626,10
281198,0.3781113624572754,10
281206,0.6032463848590851,10
281245,0.5097956001758576,10
281248,0.6990341603755951,10
281257,0.701129001379013,10
281258,0.5527073383331299,10
281259,0.6501186907291412,10
281260,0.5990615785121918,10
281310,0.6652390539646149,10
281385,0.756892842054367,10
281417,0.5985790073871613,10
281429,0.5178289294242859,10
281442,0.5750181555747986,10
281455,0.8239502251148224,10
281457,0.2279333531856537,10
281466,0.7642256259918213,10
281477,0.5092613220214843,10
281514,0.44836817383766175,10
281515,0.7823110163211823,10
281516,0.6266486585140228,10
281549,0.7032263696193695,10
281619,0.47606328725814817,10
281647,0.10506342649459839,10
281655,0.3718581020832062,10
281657,0.5322025418281555,10
281658,0.6571727633476258,10
281663,0.5141111075878143,10
281664,0.5034216940402985,10
281676,0.7035337686538696,10
281680,0.5563857972621917,10
281919,0.5081566572189331,4
281945,0.9426211953163147,10
281946,0.3668567478656769,10
281960,0.7414429545402527,10
281961,0.7798065483570099,10
281982,0.4099393606185913,10
282006,0.5702175080776215,10
282007,0.42935625910758973,10
282008,0.3731281578540802,10
282033,0.5079833447933197,10
282055,0.471982547215053,7
282080,0.4266812867588467,9
282081,0.3209668815135956,10
282131,0.7437962830066681,10
282171,0.5219638407230377,10
282216,0.30518239736557007,10
282224,0.5910996317863464,10
282227,0.3595004081726074,10
282237,0.9169183611869812,10
282246,0.5688943147659302,10
282255,0.4118254899978638,10
282278,0.6526108682155609,10
282287,0.7845725119113922,10
282291,0.40635882019996644,10
282297,0.6941199541091919,10
282300,0.21843363642692565,10
282332,0.6552821278572083,10
282341,0.4299004554748535,10
282347,0.5891040384769439,10
282390,0.67927765250206,10
282414,0.5506904125213623,10
282418,0.5224070489406586,10
282421,0.6486452321211497,6
282435,0.7788508474826813,10
282437,0.8851606845855713,9
282438,0.5843894898891449,10
282439,0.5155288696289062,10
282463,0.42637927532196046,10
282483,0.5134648025035858,10
282493,0.9096934914588928,10
282494,0.889256501197815,10
282524,0.8960799098014831,10
282525,0.9996329724788666,10
282530,0.687665194272995,10
282544,0.5864927411079407,10
282700,0.6025703251361847,10
282765,0.6166466295719146,10
282774,0.876195204257965,10
282775,0.9033376336097717,10
282776,0.6500428080558777,10
282853,0.6730436384677887,10
282863,0.6341536521911622,10
282910,0.723751837015152,10
282918,0.5653812706470489,10
282922,0.7467125654220581,10
282954,0.6717623472213745,10
283073,0.714307177066803,10
283076,0.6126527547836303,10
283077,0.7464207112789154,10
283095,0.5715998351573944,10
283124,0.5375690400600434,10
283135,0.593154352903366,10
283137,0.3633148729801178,10
283152,0.5619424939155578,10
283155,0.7723234713077545,10
283161,0.6985033333301545,10
283208,0.06379474401473999,10
283211,0.6004673659801483,10
283212,0.6218049645423889,10
283216,0.8003377556800843,10
283217,0.600612324476242,10
283229,0.45038578907648724,9
283242,0.5039344072341919,10
283259,0.44563074707984923,10
283289,0.6906914293766022,10
283294,0.4092210292816162,10
283317,0.4038785517215729,10
283353,0.6627767324447632,10
283355,0.4384385049343109,10
283363,0.3135612666606903,10
283387,0.3250944197177887,10
283393,0.5337782859802246,10
283466,0.5652235805988312,10
283474,0.4762168288230896,10
283521,0.4135580241680145,10
283542,0.8752324223518372,10
283544,0.5016882836818695,10
283584,0.9172359645366669,10
283609,0.7959021180868149,8
283619,0.4347814738750458,10
283641,0.5634201407432556,10
283642,0.6798157393932343,10
283649,0.4377609193325043,10
283699,0.2857789218425751,10
283713,0.98284778992335,6
283718,0.24507662653923035,10
283746,0.7116667211055756,10
283748,0.8274907231330871,10
283755,0.6753461241722107,10
283768,0.5143929660320282,10
283790,0.813802170753479,10
283792,0.8005945324897766,10
283795,0.5394111335277557,10
283797,0.22564536929130555,10
283805,0.14263185858726501,10
283820,0.48578166365623476,10
283848,0.7058019578456879,10
283863,0.7458852529525757,10
283864,0.6055122256278992,10
283867,0.5971422374248505,10
283871,0.6885869085788727,10
283924,0.4188899278640747,10
283934,0.7744473457336426,10
283935,0.5801810801029206,10
283948,0.544970577955246,10
284003,0.7487636148929596,10
284054,0.3685708403587341,10
284072,0.8845835983753204,10
284082,0.29845457077026366,10
284083,0.7432576537132263,10
284107,0.4914865970611572,10
284108,0.7225251019001007,10
284111,0.6957280278205872,10
284118,0.4635659158229828,10
284121,0.5847011983394623,10
284189,0.769995492696762,10
284192,0.30340790152549746,10
284195,0.5563616096973419,10
284217,0.7191855847835541,10
284227,0.3829006382397243,7
284229,0.8041134655475617,10
284269,0.6517193853855133,10
284291,0.6880740284919739,10
284294,0.6852150619029999,10
284306,0.4934330940246582,10
284323,0.6225457588831583,6
284333,0.7679229319095612,10
284378,0.7006373941898346,10
284417,0.7009714245796204,10
284429,0.5597306489944458,10
284430,0.788607656955719,10
284435,0.7152691662311554,10
284446,0.5167677164077759,10
284584,0.35268906950950624,10
284585,0.7774494737386703,8
284600,0.5625678896903992,10
284616,0.47972589135169985,10
284639,0.8975889325141907,10
284640,0.9197204560041428,8
284653,0.849471640586853,10
284665,0.9072803318500519,10
284684,0.3325002551078796,10
284742,0.6826379001140594,10
284751,0.49575785994529725,10
284760,0.5939456284046173,10
284775,0.6682504951953888,10
284777,0.7899197638034821,10
284785,0.6532440483570099,10
284818,0.6439710795879364,10
284821,0.6772726774215698,9
284825,0.5336843371391297,10
284832,0.4198579668998718,10
284842,0.3616054832935333,10
284845,0.7727591395378113,10
284862,0.47549697756767273,10
284936,0.6156573832035065,10
284948,0.4431341886520386,10
284949,0.42166619896888735,10
284981,0.6671288788318634,10
284982,0.75660280585289,10
284987,0.6360052764415741,10
284998,0.7561840772628784,10
285028,0.9011644899845124,10
285036,0.6850947141647339,10
285047,0.53504838347435,10
285048,0.33389071623484295,3
285064,0.2972010612487793,10
285071,0.6029696106910706,10
285102,0.6499858796596527,8
285110,0.8058011174201966,10
285125,0.8278335750102996,10
285127,0.5930087897512648,9
285128,0.5808278322219849,10
285133,0.525003856420517,10
285157,0.8910174429416656,10
285165,0.5278629511594772,4
285166,0.5984634160995483,10
285171,0.46980299949646,10
285183,0.4849888171468462,7
285192,0.6669910192489624,10
285193,0.830922544002533,10
285203,0.272076815366745,10
285208,0.892427533864975,10
285232,0.7665647089481353,10
285234,0.7964048862457276,10
285250,0.7305989384651184,10
285253,0.3025172591209412,10
285265,0.8010694146156311,10
285436,0.5177412748336792,10
285529,0.889517319202423,10
285533,0.6164297640323639,10
285535,0.580438232421875,10
285536,0.6096658110618591,10
285540,0.33899547656377155,6
285554,0.5800839126110077,10
285570,0.6985946416854858,10
285623,0.8497326572736105,9
285627,0.8141954600811004,10
285699,0.5400185436010361,8
285707,0.5717140776770455,7
285712,0.23546953797340392,10
285773,0.6235154867172241,10
285774,0.8342417716979981,10
285775,0.5169139564037323,10
285789,0.7767353951931,10
285792,0.5962893068790436,10
285853,0.5044507622718811,10
285892,0.6714217603206635,10
285893,0.6757636427879333,10
285894,0.5101961612701416,10
285895,0.41882697939872743,10
285902,0.6270512759685516,10
285905,0.7073975443840027,10
285967,0.3921413004398346,10
285970,0.9755318701267243,10
285972,0.5014433979988098,10
285984,0.7588256359100342,10
285992,0.8834255933761597,10
286001,0.6278567552566529,10
286021,0.7162665903568268,10
286062,0.41026700139045713,10
286063,0.49066753387451173,10
286064,0.40588451027870176,10
286081,0.573237681388855,10
286096,0.41206325888633727,10
286109,0.7395036697387696,10
286114,0.7960955977439881,10
286126,0.4899835705757141,10
286138,0.5549960136413574,7
286141,0.4715062201023102,10
286145,0.23141277432441712,10
286147,0.7997076213359833,10
286154,0.2943393588066101,10
286156,0.49067371487617495,10
286158,0.3740255534648895,10
286160,0.6850734531879425,10
286171,0.7186766803264618,10
286205,0.24049524664878846,10
286215,0.7095520615577697,10
286236,0.47440608058656963,7
286247,0.7863847076892853,10
286261,0.4093089163303375,10
286263,0.6681598027547201,3
286264,0.43976143598556516,10
286295,0.7080563247203827,10
286309,0.5319687247276306,10
286310,0.5263029754161834,10
286343,0.843561053276062,10
286344,0.7987005889415741,10
286358,0.7971118569374085,10
286363,0.6971309125423432,10
286428,0.4109956443309784,10
286431,0.37755879759788513,10
286434,0.5128795802593231,10
286439,0.266963803768158,10
286447,0.6849706053733826,10
286533,0.5160037755966187,10
286534,0.8050268709659576,10
286535,0.25977314114570615,10
286537,0.5525624573230743,10
286547,0.37039616107940676,10
286549,0.5107228040695191,10
286559,0.7111208975315094,10
286632,0.37391772866249084,10
286656,0.7183144271373749,10
286657,0.9543257713317871,10
286658,0.6008932828903198,10
286659,0.5495684027671814,10
286667,0.4229209363460541,10
286706,0.6443420184983147,9
286714,0.5622751116752625,10
286735,0.601979011297226,10
286751,0.5643882811069488,10
286770,0.7931126296520233,10
286804,0.4025232195854187,10
286827,0.588167130947113,10
286829,0.2519418179988861,10
286830,0.305044561624527,10
286831,0.4145910322666168,10
286834,0.25944875677426654,6
286861,0.9902373254299164,4
286885,0.5123427271842956,10
286891,0.831839253505071,6
286925,0.9298525989055634,10
286980,0.7180989563465119,10
286983,0.6612209558486939,10
287002,0.2812317252159119,10
287038,0.7431247681379318,8
287084,0.6074438393115997,10
287088,0.7000488579273224,10
287110,0.6142681241035461,10
287116,0.4045608401298523,10
287158,0.7349886178970337,10
287174,0.6229081511497497,10
287189,0.6407769739627838,10
287198,0.5807014584541321,10
287217,0.706309711933136,10
287219,0.6205435872077942,10
287222,0.31513827443122866,10
287228,0.21734982132911682,10
287247,0.5883520126342774,10
287258,0.45963374972343446,10
287275,0.13491180539131165,10
287322,0.8028816223144531,10
287325,0.6346848905086517,10
287326,0.7051766037940979,5
287345,0.6313515484333039,10
287346,0.5971797108650208,8
287450,0.3433678686618805,10
287474,0.48915621638298035,10
287507,0.6349560379981994,10
287552,0.5131811201572418,8
287580,0.7991077184677124,5
287586,0.3212339111736843,7
287589,0.5501162350177765,10
287591,0.9201814830303192,10
287607,0.37725394368171694,10
287638,0.6357818424701691,10
287672,0.7146466016769409,5
287673,0.49841060638427737,10
287676,0.3557517766952515,5
287678,0.49752290844917296,10
287691,0.414763993024826,10
287692,0.7163959622383118,5
287693,0.7839901328086853,10
287711,0.5883433282375335,10
287732,0.6953579425811768,10
287741,0.702029013633728,10
287742,0.6136108696460724,10
287754,0.6991851389408111,10
287780,0.5876999020576477,10
287783,0.5217820882797242,10
287810,0.10346236824989319,10
287821,0.6140167117118835,10
287839,0.03411486148834229,10
287863,0.5758838142667498,7
287871,0.4834232211112976,10
287895,0.13447691202163697,10
287899,0.7005780279636383,10
287938,0.5713901579380035,10
287941,0.6605832397937774,10
287946,0.5980640947818756,10
287952,0.68112233877182,10
287954,0.5609030544757843,10
288019,0.6004532516002655,10
288062,0.8284151355425516,6
288068,0.7079556524753571,10
288080,0.624117523431778,10
288087,0.7536602119604746,6
288098,0.6198310554027557,10
288169,0.8533697485923767,10
288254,0.49738548398017884,10
288276,0.5333598971366882,10
288284,0.8587808966636657,10
288317,0.5922673344612122,7
288361,0.19882068463734218,7
288385,0.34794401526451113,10
288424,0.6382294356822967,10
288430,0.7796697351667616,9
288431,0.6145857810974121,10
288513,0.4952251613140106,10
288533,0.8933052957057953,10
288539,0.8102429986000061,10
288572,0.7965746283531189,10
288583,0.584704476594925,10
288606,0.5082802951335907,10
288648,0.4670132458209991,10
288654,0.49800507724285126,8
288664,0.33845857381820676,5
288775,0.4844366669654846,10
288798,0.998866730928421,10
288828,0.7948542594909668,10
288920,0.4132622182369232,10
288933,0.8877271175384521,10
288969,0.5698338661875043,7
289018,0.500378304719925,10
289020,0.390840607881546,10
289081,0.7882620632648468,10
289183,0.4303555488586426,8
289247,0.9968002080917359,10
289363,0.40477598309516905,10
289397,0.2787667751312256,10
289427,0.6600846230983735,10
289438,0.7148336470127106,10
289494,0.5983831524848938,10
289550,0.506414246559143,10
289565,0.6159326493740082,10
289566,0.6354236364364624,10
289601,0.5237854421138763,10
289720,0.321576585372289,6
289765,0.4095502018928528,10
289802,0.8901027023792267,10
289850,0.898256266117096,10
289916,0.641587620973587,10
289939,0.7924244284629822,10
290025,0.656419986486435,10
290028,0.5158122658729554,10
290131,0.6226306557655334,10
290236,0.7189345061779022,10
290359,0.6649184405803681,10
290367,0.8193082869052887,10
290378,0.8057823002338409,10
290380,0.6023774385452271,10
290462,0.2617218792438507,4
290468,0.7965953469276428,10
290484,0.8953761696815491,10
290500,0.8999166488647461,10
290506,0.2985392689704895,10
290565,0.901032292842865,10
290610,0.9000790297985077,10
290611,0.6609869658946991,10
290618,0.5955865025520325,10
290722,0.6596926152706146,10
290822,0.4046503722667694,10
290872,0.7002779960632324,10
290982,0.7853133082389832,10
291008,0.5232125341892242,10
291048,0.6900103509426116,10
291066,0.6784323632717133,10
291154,0.5791142582893372,4
291183,0.9956579148769379,10
291236,0.35734874606132505,10
291415,0.537078595161438,10
291431,0.7920904397964478,10
291445,0.5954974055290222,10
291453,0.7985702097415924,10
291457,0.5886723220348358,10
291508,0.7283369243144989,10
291511,0.5154297292232514,10
291549,0.8534254670143128,10
291550,0.7167025089263916,10
291563,0.3750094652175903,10
291572,0.2648201584815979,10
291828,0.8014793455600738,10
291845,0.709100091457367,10
291847,0.44319183230400083,10
291855,0.593775624036789,10
291859,0.7435013234615326,10
291874,0.5043882012367249,10
291951,0.5372270941734314,10
291952,0.899348133802414,10
291957,0.30739344358444215,10
291962,0.4258397340774536,10
292013,0.4991373360157013,10
292029,0.5109383821487427,10
292030,0.6363771080970764,10
292031,0.6463079750537872,10
292032,0.7881903767585754,10
292033,0.66234849691391,10
292034,0.43368191719055177,10
292099,0.6530755698680878,10
292126,0.4960277020931244,10
292130,0.5339409410953522,10
292187,0.6100820779800415,10
292333,0.7812511444091796,10
292339,0.3299504518508911,10
292363,0.340568470954895,10
292375,0.4687530815601349,10
292394,0.5182735025882721,10
292464,0.7658089518547058,10
292487,0.925290435552597,10
292489,0.4895826280117035,10
292506,0.36477401852607727,10
292507,0.2891721650958061,8
292564,0.4286309123039246,10
292684,0.5906748414039612,10
292748,0.6844917416572571,10
292811,0.5729395627975464,10
292892,0.5376201093196868,10
292894,0.21509958505630494,10
292899,0.37742915749549866,10
292900,0.5754807531833649,10
292901,0.19753216505050658,10
292907,0.7094972372055054,10
292917,0.4470146596431732,10
292961,0.691529909769694,6
292962,0.6298665285110474,5
292971,0.6027697563171387,10
292974,0.4269392788410187,10
293014,0.6921157836914062,10
293112,0.69466712474823,10
293207,0.6464716374874115,10
293267,0.8835804700851441,10
293274,0.6262135028839111,10
293275,0.8817305326461792,10
293296,0.8823232531547547,10
293309,0.896600091457367,10
293348,0.8086404263973236,10
293404,0.304732483625412,10
293531,0.257026207447052,10
293547,0.6402282238006591,10
293556,0.1131048858165741,10
293579,0.7199450314044953,10
293586,0.40893133282661437,10
293605,0.6307596299383376,9
293665,0.5442642390727996,10
293671,0.626044237613678,10
293678,0.3127270877361298,10
293691,0.6445252043860299,7
293708,0.6680471201737722,6
293728,0.7025816082954407,10
293739,0.9032911777496337,10
293835,0.8336794912815094,10
293836,0.7163770735263825,10
293875,0.400028669834137,10
293878,0.2117944538593292,10
293889,0.696094411611557,10
293925,0.6148423075675964,10
293941,0.6211163997650146,10
293959,0.6051815807819366,10
293972,0.6634310245513916,10
293981,0.6985850691795349,10
294047,0.7987995207309723,10
294175,0.679879653453827,10
294216,0.5034853100776673,10
294230,0.5087218046188354,10
294231,0.5545496741930643,9
294232,0.48944332003593444,10
294233,0.8766105651855469,10
294235,0.7457720637321472,10
294237,0.8913066387176514,10
294252,0.8022846817970276,10
294275,0.5799911916255951,10
294294,0.9110654652118683,10
294348,0.7777289867401123,10
294448,0.5668520987033844,10
294463,0.9020926892757416,10
294484,0.7879607498645782,10
294514,0.6845328450202942,10
294529,0.7984161078929901,10
294594,0.7758444249629974,10
294612,0.6191042125225067,10
294652,0.5018006324768066,10
294693,0.5006262362003326,10
294723,0.4825953311390347,9
294773,0.7999866425991058,10
294788,0.8990345120429992,10
294810,0.8000503540039062,10
294813,0.7733033120632171,10
294880,0.39881284832954406,10
294969,0.5008916974067688,10
294986,0.7997762501239777,10
295020,0.5760141849517822,10
295147,0.7579491138458252,10
295192,0.7731925070285797,10
295195,0.6650563478469849,10
295221,0.6916868805885314,10
295254,0.6052084326744079,10
295293,0.5699926078319549,10
295295,0.79506875872612,10
295374,0.8504439175128937,10
295394,0.3748275637626648,10
295402,0.6552822589874268,10
295478,0.6273109078407287,10
295483,0.5616898119449616,10
295484,0.5604223608970642,10
295486,0.6184617400169372,10
295488,0.7614561259746552,10
295490,0.5875110566616059,10
295535,0.6007380008697509,10
295564,0.676225620508194,10
295565,0.8287998557090759,10
295571,0.40583905577659607,10
295574,0.6892745554447174,10
295577,0.8499655485153198,10
295604,0.7570618689060211,10
295607,0.6621930122375488,10
295609,0.8529262185096741,10
295646,0.6346589267253876,10
295681,0.5079308390617371,10
295687,0.49905688166618345,10
295770,0.3889624834060669,10
295785,0.7721751987934112,10
295788,0.5880392789840698,8
295895,0.8778231620788575,10
295905,0.6860531687736511,10
295931,0.8225273072719574,10
295944,0.7936470687389374,10
295945,0.5627801060676575,10
295947,0.7734474182128906,10
295948,0.7096864104270935,10
295949,0.5222122490406036,10
295957,0.5135276257991791,10
296043,0.2665428161621094,10
296044,0.4792084932327271,10
296063,0.5147783637046814,10
296113,0.31604166626930236,10
296151,0.5886228144168854,10
296164,0.831187081336975,10
296167,0.49698355197906496,10
296237,0.5290229201316834,10
296238,0.6011048972606658,10
296291,0.2594777286052704,10
296345,0.6139817416667939,10
296353,0.7926326096057892,10
296354,0.5319320678710937,10
296363,0.3066867351531982,10
296419,0.5542250394821167,10
296420,0.6021514713764191,10
296483,0.9952799260616303,10
296498,0.7312421917915344,10
296512,0.6530915915966033,10
296514,0.4047178030014038,10
296517,0.5952127337455749,5
296557,0.4293994724750519,10
296576,0.6406749010086059,10
296577,0.5980784952640533,10
296605,0.4826506614685059,10
296626,0.6786465764045715,10
296667,0.5497806310653687,10
296694,0.6914216935634613,10
296892,0.7244249045848846,10
296912,0.468971049785614,10
296985,0.46584189534187315,10
296986,0.35265472531318665,10
296987,0.8074546575546264,10
297030,0.39955554604530336,10
297129,0.5070024728775024,10
297204,0.5489717423915863,10
297234,0.7839103400707245,10
297318,0.5363699346780777,8
297345,0.8939052939414978,10
297374,0.6183176279067993,10
297478,0.6742631793022156,10
297486,0.5068983137607574,10
297531,0.5998661875724792,10
297562,0.2722462177276611,10
297569,0.37953155040740966,10
297570,0.7491240084171296,10
297658,0.773087877035141,10
297661,0.5827821493148804,10
297663,0.22810638944307962,6
297666,0.5878940105438233,10
297673,0.7075030982494355,10
297674,0.5368346333503723,10
297702,0.7013861417770386,10
297734,0.5101803779602051,10
297735,0.80180652652468,7
297821,0.6976996302604676,10
297864,0.6450291037559509,10
297892,0.8898295104503632,10
297895,0.6531222462654114,10
297897,0.3361768960952759,10
297978,0.6364728689193726,10
297985,0.7543679773807526,10
298017,0.3934984266757965,10
298018,0.26164327727423775,9
298047,0.6091884195804596,10
298060,0.43756104111671446,10
298065,0.6830977082252503,10
298069,0.49835901856422427,10
298102,0.8867660462856293,10
298143,0.7797165248129103,9
298147,0.6458419114351273,4
298154,0.4117639124393463,10
298164,0.6244418561458588,10
298166,0.8053498208522797,10
298171,0.8021457493305206,10
298173,0.518016254901886,10
298229,0.33395721316337584,10
298261,0.7301520228385925,10
298271,0.6230534434318542,10
298281,0.2280143082141876,10
298282,0.700238174200058,10
298309,0.5280443131923676,10
298345,0.6575786670049032,3
298352,0.4214243650436401,10
298370,0.7006265997886658,10
298371,0.5678828418254852,10
298376,0.8564229011535645,10
298378,0.1853744149208069,10
298383,0.5948038518428802,10
298397,0.6806979238986969,10
298442,0.3106985241174698,4
298459,0.5501367926597596,10
298477,0.4115931332111359,10
298539,0.6132686614990235,10
298545,0.5331664681434631,6
298562,0.5134777009487153,10
298572,0.598393338918686,10
298586,0.8526094198226929,10
298607,0.5993473172187805,10
298608,0.6454473932584127,9
298618,0.662238723039627,10
298619,0.5495284676551819,10
298624,0.5973102569580078,10
298631,0.5291550925799778,7
298635,0.6464284479618072,10
298638,0.8017804682254791,10
298678,0.7590288519859314,4
298690,0.20312066674232482,10
298701,0.6490738928318024,10
298705,0.7732369720935821,10
298764,0.7159836292266846,10
299027,0.41123201251029967,10
299028,0.5797104597091675,10
299047,0.9870498418807984,10
299074,0.5440049290657043,10
299105,0.802105724811554,10
299106,0.6849059700965882,10
299121,0.638044250011444,10
299159,0.6609831690788269,10
299169,0.49516427516937256,10
299171,0.701761794090271,10
299172,0.6860236465930939,10
299178,0.4251002311706543,10
299179,0.7034773409366608,10
299191,0.39091644883155824,10
299248,0.5234405875205994,10
299249,0.38842521905899047,10
299252,0.6994578182697296,10
299255,0.6281208336353302,10
299266,0.7589195132255554,10
299268,0.5184719264507294,10
299270,0.5719457685947418,10
299309,0.7568091630935669,10
299317,0.5790549397468567,10
299372,0.6354246616363526,10
299450,0.30660470724105837,10
299452,0.7935747742652893,10
299544,0.5923088848590851,10
299556,0.2438471496105194,10
299566,0.5430482149124145,10
299568,0.6104660391807556,10
299569,0.481552654504776,10
299571,0.4800875186920166,10
299573,0.7258177280426026,10
299592,0.6193153202533722,10
299594,0.9800629258155823,10
299607,0.40570486187934873,10
299684,0.6307195723056793,10
299800,0.611016058921814,10
299803,0.3382666528224945,10
299838,0.4043192625045776,10
299908,0.6405155599117279,10
299928,0.5032235741615295,10
299933,0.8961051523685455,10
299939,0.6824722468852997,10
299946,0.5831885635852814,10
299960,0.49409263134002684,10
299963,0.6817344725131989,10
300001,0.5467583894729614,10
300007,0.5877092331647873,8
300008,0.18998585939407348,10
300010,0.8203462421894073,10
300023,0.37347041368484496,10
300076,0.5710913956165313,10
300081,0.6968316674232483,10
300085,0.4749215841293335,10
300088,0.3286385118961334,10
300090,0.7679683089256286,10
300094,0.506902527809143,10
300095,0.6354289948940277,10
300099,0.5239445745944977,10
300127,0.5044649958610534,10
300146,0.3010579228401184,10
300148,0.5334794342517852,10
300217,0.3542169988155365,10
300296,0.6803963899612426,10
300298,0.7043199598789215,10
300300,0.8836824536323548,10
300305,0.6017698347568512,10
300322,0.5727269589900971,10
300327,0.8911632537841797,10
300329,0.6310085713863373,10
300367,0.34181793928146365,10
300369,0.2966564893722534,10
300400,0.8306171834468842,10
300428,0.4737910568714142,10
300442,0.5125921964645386,10
300509,0.7002124011516571,10
300521,0.4869222342967987,10
300523,0.5367753207683563,10
300531,0.46549944281578065,10
300583,0.6043614208698272,10
300591,0.6998906910419465,10
300664,0.5000113308429718,10
300683,0.8121045768260956,10
300700,0.5675922811031342,10
300725,0.7356683850288391,10
300727,0.6006340146064758,10
300731,0.713980895280838,10
300751,0.7494138717651367,10
300753,0.40457959175109864,10
300765,0.5169078469276428,10
300877,0.6027319192886352,10
300882,0.5091089606285095,10
300905,0.7590313851833344,10
300908,0.4626032531261444,10
300930,0.6442021787166595,10
300936,0.5363847196102143,10
300944,0.507399994134903,10
300993,0.28214951753616335,10
301002,0.8154165267944335,10
301009,0.9376618981361389,10
301011,0.6009545505046845,10
301015,0.8861699435445998,9
301018,0.5184796810150146,10
301019,0.5673532545566559,10
301030,0.7612180769443512,10
301032,0.6789486527442932,10
301084,0.48018660545349123,10
301085,0.42918349504470826,10
301099,0.6037259757518768,10
301242,0.37641059756278994,10
301255,0.4801737844944,10
301257,0.2047771692276001,10
301262,0.6196081280708313,10
301317,0.8250324249267578,10
301366,0.542592340707779,10
301441,0.34422677755355835,10
301541,0.794744348526001,10
301572,0.3503637254238129,10
301576,0.7413126587867737,10
301607,0.3868870139122009,10
301614,0.6453077316284179,10
301616,0.7196057498455047,10
301637,0.5737094581127167,10
301638,0.6195227205753326,10
301662,0.40187666813532513,9
301665,0.9008053958415985,10
301716,0.5257680594921113,10
301728,0.7329598724842071,10
301767,0.574753487110138,10
301880,0.7857547998428345,10
301919,0.6850323557853699,10
301946,0.40896607637405397,10
302022,0.4271500825881958,10
302098,0.5164945006370545,10
302193,0.6466756343841553,10
302212,0.4421357274055481,10
302238,0.6182758569717407,10
302260,0.6885883569717407,10
302267,0.5752622723579407,10
302268,0.8009265005588532,10
302269,0.5278706789016724,10
302270,0.6924781560897827,10
302280,0.6216732323169708,10
302281,0.34236898422241213,10
302310,0.5166428685188293,10
302312,0.5007662773132324,10
302316,0.6041838645935058,5
302336,0.6214784026145935,10
302344,0.8058031678199769,10
302388,0.8277702808380127,10
302413,0.49827840924263,10
302417,0.7197205126285553,10
302421,0.7031990230083466,10
302425,0.407310688495636,10
302461,0.5454788684844971,10
302463,0.6085262894630432,8
302465,0.803891634941101,10
302469,0.6009306132793426,10
302477,0.7782802283763885,10
302510,0.6443933725357056,10
302520,0.3869894027709961,10
302524,0.602193421125412,10
302723,0.899681955575943,10
302734,0.8172767519950866,10
302755,0.40478008389472964,10
302809,0.7417416453361512,10
302840,0.4591458082199097,10
302887,0.5288537204265594,10
302911,0.430339390039444,10
302914,0.7115114986896515,10
302917,0.3180145800113678,10
302926,0.8436571061611176,10
302933,0.5738537609577179,10
302965,0.7494014859199524,10
302990,0.7169959425926209,10
302991,0.5864269196987152,10
303006,0.7657636761665344,10
303036,0.7302630424499512,10
303051,0.6948472678661346,10
303053,0.7107302963733673,10
303057,0.8071805298328399,10
303159,0.6875525891780854,10
303263,0.3128085196018219,10
303544,0.6979368984699249,10
303548,0.37490592896938324,8
303551,0.6663473963737487,10
303552,0.6555432915687561,10
303553,0.7034095525741577,10
303554,0.5637284994125367,10
303621,0.2962102830410004,10
303635,0.3573628842830658,10
303648,0.6688465237617492,10
303650,0.6088296115398407,10
303669,0.897506594657898,10
303672,0.694001305103302,10
303731,0.7877121925354004,10
303733,0.6669321179389953,10
303734,0.3864997386932373,10
303830,0.4668979287147522,10
303954,0.455676007270813,10
303981,0.42665324211120603,10
304021,0.4121733129024506,10
304285,0.6134213984012604,10
304324,0.6055301427841187,10
304333,0.37363309860229493,10
304420,0.45120022892951966,10
304434,0.43800078630447387,10
304450,0.4093171417713165,10
304490,0.784266072511673,10
304620,0.6090807259082794,10
304679,0.593475067615509,10
304728,0.8162520825862885,10
304783,0.7481190621852875,10
304821,0.7831086635589599,10
304847,0.6117500603199005,10
304983,0.4133466899394989,10
304985,0.7994041264057159,10
304987,0.8050774753093719,10
305096,0.6088095843791962,10
305221,0.7021917223930358,10
305460,0.6098104774951935,10
305462,0.8203428149223327,10
305564,0.7269599497318268,10
305587,0.9866794943809509,3
305682,0.8329423785209655,10
305752,0.7710609257221221,10
305761,0.7999819636344909,10
305772,0.7266065835952759,10
305838,0.6979274153709412,10
305841,0.6702903985977173,10
305865,0.9733417987823486,10
305980,0.42231356501579287,10
305984,0.40285189151763917,10
305986,0.7469263315200806,10
306029,0.6684399843215942,10
306040,0.7050782561302185,10
306074,0.25320852398872373,10
306142,0.2876376032829285,10
306169,0.5069061100482941,10
306173,0.4849570274353027,10
306182,0.6847837924957275,10
306202,0.6231483101844788,10
306257,0.41151338815689087,10
306300,0.4061464607715607,10
306311,0.3070002138614655,10
306321,0.8978921115398407,10
306481,0.518313854932785,10
306494,0.6351155459880828,10
306577,0.6719267785549163,10
306637,0.6617791950702667,10
306676,0.4911018967628479,10
306680,0.645580631494522,10
306687,0.8103264212608338,10
306697,0.6499112904071808,10
306709,0.7253295660018921,10
306735,0.7966577708721161,10
306745,0.3610305428504944,10
306881,0.699761551618576,10
306882,0.613073468208313,10
306906,0.7834216594696045,10
307002,0.6901681363582611,10
307033,0.5989654242992402,10
307170,0.4892130494117737,10
307191,0.518008291721344,10
307305,0.4674876868724823,10
307369,0.23900021314620973,10
307386,0.3922900199890137,10
307561,0.6176109075546264,10
307656,0.4590515911579132,10
307715,0.7008511841297149,10
307830,0.34194185998704696,9
307832,0.5986896991729737,10
307844,0.6663118720054626,10
307862,0.8397943437099457,10
307963,0.7513366520404816,10
307971,0.3560460329055786,10
307997,0.7087749123573304,10
308028,0.798016494512558,10
308126,0.8953741073608399,10
308238,0.3948509295781453,6
308329,0.7772105753421783,10
308354,0.3874158918857574,10
308357,0.22392598986625672,10
308368,0.7075295686721802,10
308385,0.6980046272277832,10
308386,0.9557061314582824,10
308416,0.6682930171489716,10
308493,0.5648898363113404,10
308500,0.7858284294605256,10
308529,0.5023142397403717,10
308532,0.1297638475894928,10
308565,0.8298644840717315,10
308566,0.8010495126247406,10
308621,0.8008589446544647,10
308652,0.8327714800834656,10
308755,0.6015063703060151,10
308765,0.6120561003684998,10
308948,0.7417635262012482,10
308970,0.7442209959030152,10
308989,0.5647782683372498,10
309000,0.503302377462387,10
309003,0.8090714514255524,10
309081,0.7328080117702485,10
309105,0.8966392397880554,10
309110,0.6548656404018403,10
309113,0.5825403511524201,10
309129,0.8148941576480866,10
309207,0.5023966610431672,10
309250,0.7988298296928406,10
309297,0.33891031742095945,10
309319,0.6605076551437378,10
309341,0.4598740339279175,10
309408,0.7516911089420318,10
309430,0.5945662558078766,10
309545,0.5994845390319824,10
309600,0.3899730384349823,10
309630,0.9568908214569092,10
309721,0.7135905206203461,10
309752,0.9144020259380341,10
309857,0.6520521163940429,10
309862,0.7356429874897004,10
309917,0.6637607157230377,10
310031,0.6226956069469451,10
310076,0.8075648069381713,10
310100,0.526744943857193,10
310192,0.9757223010063172,10
310194,0.6935057938098907,10
310196,0.8992503166198731,10
310198,0.4104877769947052,10
310363,0.7630910336971283,10
310371,0.8045833766460418,10
310408,0.22723445296287537,10
310442,0.6867332339286805,10
310448,0.7047158300876617,10
310578,0.5246904373168946,10
310610,0.623973423242569,10
310611,0.6404438078403473,10
310612,0.6995335936546325,10
310632,0.799960869550705,10
310641,0.6031249105930329,10
310726,0.7440627217292786,10
310757,0.3159967064857483,10
310789,0.47684913873672485,10
310846,0.9997308254241943,10
310873,0.5991884529590606,10
310885,0.8230364263057709,10
310953,0.7893954753875733,10
310968,0.687826269865036,10
310990,0.661728686094284,10
311020,0.7824882447719574,10
311191,0.5899076521396637,10
311192,0.9996137619018555,10
311193,0.6143937349319458,10
311209,0.6838153064250946,10
311322,0.791932100057602,10
311330,0.7883178353309631,10
311465,0.6120557308197021,10
311541,0.3009974701063974,7
311659,0.4526157259941101,10
311686,0.40801298022270205,10
311702,0.25909705672945293,7
311708,0.4941791892051697,7
311715,0.6974166691303253,10
311725,0.36398218274116517,10
311751,0.5440678000450134,10
311823,0.6744321703910827,10
311828,0.1348366379737854,10
311829,0.6887062072753907,10
311894,0.3752931714057922,10
311918,0.44010087847709656,10
311988,0.46805819272995,10
312059,0.5174290835857391,10
312182,0.711901730298996,10
312251,0.5558523595333099,10
312259,0.9122731268405915,10
312267,0.38162274956703185,10
312289,0.6026822447776794,10
312318,0.54251708984375,10
312346,0.4340393304824829,10
312372,0.20205429196357727,10
312463,0.4217707395553589,10
312484,0.7850254833698272,10
312512,0.21422553062438965,10
312594,0.5001109480857849,10
312613,0.8988179564476013,10
312618,0.3735504627227783,10
312626,0.5010522365570068,10
312726,0.5911330997943878,10
312738,0.6789365410804749,10
312744,0.6097049415111542,10
312762,0.514921373128891,10
312767,0.3746680378913879,10
312786,0.6860084474086762,10
312804,0.39987424612045286,10
312859,0.5404203057289123,10
312904,0.3924869477748871,10
312951,0.4147068619728088,10
312959,0.6149905622005463,10
312965,0.8180723488330841,10
312968,0.502210545539856,10
313000,0.5776545584201813,10
313002,0.7008239448070526,10
313008,0.6767353415489197,10
313010,0.7991198599338531,10
313065,0.3409483850002289,10
313070,0.3300944626331329,10
313085,0.3148557782173157,10
313090,0.606754469871521,10
313100,0.7398349404335022,10
313121,0.5051048278808594,10
313129,0.6326764285564422,10
313178,0.5655780851840972,10
313261,0.6543208122253418,10
313262,0.537618488073349,10
313269,0.8039782524108887,10
313274,0.29393562078475954,10
313292,0.6324273109436035,10
313349,0.7030863761901855,10
313352,0.3641637298795912,9
313457,0.535353422164917,8
313467,0.6213111162185669,10
313473,0.6925063788890838,10
313531,0.5903340816497803,10
313536,0.7990387499332428,10
313539,0.3516407787799835,10
313540,0.380765400826931,8
313695,0.5034506916999817,10
313698,0.4149393141269684,10
313718,0.40850564241409304,10
313723,0.6196405827999115,10
313730,0.9515108466148376,10
313750,0.800051611661911,10
313776,0.5408568263053894,10
313807,0.7076309382915497,10
313817,0.44853982925415037,10
313834,0.484539669752121,10
313841,0.7999961018562317,10
313850,0.2034905433654785,10
313875,0.5948923766613007,10
313919,0.7010379254817962,10
313935,0.6929379999637604,10
313963,0.5043917417526245,10
314009,0.6767736077308655,3
314026,0.47881662249565127,10
314040,0.716205608844757,10
314088,0.49765602350234983,10
314243,0.30340337157249453,10
314252,0.8020448863506318,10
314376,0.5054631888866424,10
314393,0.5900521755218506,10
314395,0.3830347776412964,10
314397,0.5078459739685058,10
314401,0.5352874338626862,10
314413,0.40525646805763244,10
314421,0.9571285903453827,10
314461,0.6109287917613984,10
314491,0.5733536362648011,10
314503,0.516476035118103,10
314542,0.7022282123565674,10
314589,0.6913972437381745,10
314672,0.8837401151657105,10
314745,0.7333194494247437,10
314893,0.49248196482658385,10
314971,0.8996014595031738,10
315021,0.6116101622581482,10
315043,0.7982578933238983,10
315058,0.2241736888885498,10
315059,0.8463520348072052,10
315060,0.6091512382030487,10
315138,0.7975965201854706,10
315196,0.6470415771007538,10
315219,0.9015829384326934,10
315221,0.4088517904281616,10
315234,0.7953981220722198,10
315267,0.4776180624961853,5
315291,0.7996898233890534,10
315610,0.6135492026805878,10
315624,0.6462730526924133,10
315631,0.46213176250457766,10
315670,0.5207803547382355,10
315671,0.5921397566795349,10
315695,0.5944749057292938,10
315727,0.4838398575782776,10
315767,0.5949485123157501,10
315877,0.7991985976696014,10
315881,0.7239988803863525,10
315882,0.8970127642154694,10
315937,0.7000017166137695,10
315954,0.6331861078739166,10
316080,0.48165624141693114,10
316085,0.8684179723262787,10
316113,0.7002741277217865,10
316287,0.6057782411575318,10
316343,0.4967158377170563,10
316377,0.5050817430019379,10
316407,0.5680458188056946,10
316412,0.8984161376953125,10
316546,0.3886081576347351,10
316554,0.5762569963932037,10
316555,0.0015638768672943115,10
316594,0.28128824234008787,10
316620,0.6301837980747222,10
316622,0.7983942806720734,10
316624,0.5033196866512298,10
316625,0.7258354663848877,10
316632,0.1973884642124176,10
316750,0.8016765594482422,10
316760,0.6231822013854981,10
316786,0.6978109955787659,10
316857,0.4855662703514099,10
316858,0.469375878572464,10
316915,0.9551712274551392,10
316927,0.5855533182621002,10
317105,0.7173537254333496,10
317231,0.5456066310405732,10
317298,0.4936331808567047,8
317311,0.8196078598499298,10
317312,0.8994065880775451,10
317313,0.7003321170806884,10
317321,0.55664102435112,10
317365,0.5136912107467652,10
317367,0.6078177213668823,10
317372,0.4999188244342804,10
317432,0.5988478004932404,10
317434,0.7701502442359924,10
317457,0.6025305390357971,10
317504,0.48364471197128295,10
317511,0.6995476841926574,10
317519,0.7942936837673187,10
317643,0.45467605590820315,10
317722,0.5903699040412903,10
317981,0.534749549627304,10
317983,0.5714216589927673,10
317985,0.6970181584358215,10
318009,0.7040145695209503,10
318059,0.5770009309053421,8
318079,0.5738899230957031,10
318083,0.349862345627376,7
318084,0.7601119935512543,10
318098,0.7378184199333191,10
318182,0.7190538048744202,10
318183,0.684294992685318,10
318184,0.20916137099266052,10
318195,0.6122540414333344,10
318307,0.6956527829170227,10
318322,0.49209444522857665,10
318328,0.47642351388931276,10
318353,0.5767095386981964,10
318359,0.6097130239009857,10
318392,0.6013998866081238,10
318450,0.4513695240020752,10
318472,0.6048485159873962,10
318474,0.6693272173404694,10
318546,0.8487863719463349,10
318551,0.8282225787639618,10
318553,0.8971924424171448,10
318556,0.7914772868156433,10
318559,0.75147665143013,10
318560,0.6588826060295105,10
318702,0.602160370349884,10
318709,0.43724560737609863,10
318977,0.3981805920600891,10
318983,0.7302751123905182,10
318996,0.7989011466503143,10
319107,0.6255262732505799,10
319114,0.4889856994152069,10
319135,0.6057000994682312,10
319223,0.9749794125556945,10
319263,0.6311271071434021,10
319288,0.6509565353393555,10
319290,0.5252359628677368,10
319292,0.1686000923315684,6
319295,0.634910124540329,10
319320,0.4971678197383881,10
319402,0.6001035332679748,10
319529,0.7100515782833099,10
319579,0.7222781479358673,10
319592,0.6905317068099975,10
319600,0.5792946755886078,10
319604,0.7313535749912262,10
319680,0.5104807019233704,10
319736,0.30472216606140134,10
319754,0.7779712200164794,10
319792,0.502240926027298,10
319793,0.6645295023918152,10
319807,0.6943895637989044,10
319899,0.5757055819034577,10
319910,0.8661801993846894,10
319921,0.6871707975864411,10
319966,0.7547107934951782,10
319999,0.80194091796875,10
320084,0.5813777029514313,10
320097,0.7935098648071289,10
320390,0.6095883786678314,10
320446,0.4712218463420868,10
320505,0.22977761626243592,10
320527,0.683894819021225,10
320677,0.7520610690116882,10
320698,0.6138542115688324,10
320718,0.5070049107074738,10
320819,0.4181652307510376,10
320879,0.5933412730693817,10
320881,0.549787986278534,10
320960,0.6035630285739899,10
320992,0.7609970927238464,10
321108,0.616204708814621,10
321277,0.6026205956935883,10
321305,0.6859556376934052,10
321506,0.3881767332553864,10
321539,0.7292378425598145,10
321596,0.5767461836338044,10
321608,0.776483952999115,10
321641,0.8012797355651855,10
321711,0.6827988425890604,9
321713,0.8397984147071839,10
321756,0.6764628291130066,10
321757,0.7019972681999207,10
321928,0.3080929160118103,10
322010,0.4996641457080841,10
322014,0.4185779929161072,10
322039,0.811275178194046,10
322067,0.6396478056907654,10
322124,0.6635642170906066,10
322148,0.5252946794033051,10
322195,0.8034230828285217,10
322202,0.6847630620002747,10
322282,0.6993619501590729,10
322283,0.8766190409660339,10
322289,0.6594911754131317,10
322339,0.4919841825962067,10
322354,0.40688328742980956,10
322421,0.5395093441009522,10
322451,0.5127150058746338,10
322523,0.7532662153244019,10
322524,0.6063855290412903,10
322543,0.5747327148914337,10
322560,0.4689936459064484,10
322561,0.36266533136367796,10
322562,0.8011365592479706,10
322563,0.6149332880973816,10
322564,0.4661305844783783,10
322588,0.5361160576343537,10
322589,0.6932858407497406,10
322616,0.3738305032253265,10
322622,0.7747295141220093,10
322696,0.5114242613315583,10
322697,0.5969023823738098,10
322703,0.7178139567375184,10
322705,0.4053662419319153,10
322708,0.7001784026622773,10
322709,0.5745566010475158,10
322785,0.35199434161186216,10
322984,0.9642805099487305,10
322985,0.4593841373920441,10
323046,0.6078153371810913,10
323068,0.2472111980120341,6
323118,0.4229632616043091,10
323156,0.670335566997528,10
323206,0.6260498106479645,10
323236,0.10179446637630463,4
323255,0.997101652622223,10
323262,0.8720207333564758,10
323317,0.5379453420639038,10
323352,0.5762035846710205,4
323367,0.3118756413459778,10
323377,0.29784990549087526,10
323612,0.597560453414917,10
323613,0.5601835429668427,10
323614,0.482401704788208,10
323784,0.7752720057964325,10
323882,0.5241497457027435,10
323898,0.803605592250824,10
324090,0.3998046875,10
324150,0.7997051298618316,10
324157,0.5772014856338501,10
324242,0.6697854578495026,10
324246,0.500705999135971,10
324278,0.6059221684932709,10
324320,0.5652086198329925,10
324344,0.7027764976024627,10
324345,0.46115514636039734,10
324467,0.8112148642539978,10
324602,0.5730712890625,10
324639,0.947338879108429,10
324670,0.8911757349967957,10
324853,0.70022411942482,10
324856,0.9952191472053528,10
324884,0.5803810238838196,10
324885,0.40552096366882323,10
324957,0.7289979159832001,10
325022,0.7660477101802826,10
325191,0.4022639453411102,10
325348,0.5112616360187531,10
325382,0.8956098020076751,10
325388,0.3342614836162991,9
325409,0.776104724407196,10
325413,0.35233651399612426,10
325414,0.48455581068992615,10
325477,0.7108737647533416,10
325494,0.8228532195091247,10
325555,0.7258969843387604,10
325611,0.6571073651313781,10
325628,0.7416022896766663,10
325635,0.7400506258010864,10
325679,0.48021400570869444,10
325681,0.3926539599895477,10
325698,0.7941808640956879,10
325704,0.42634928822517393,10
325828,0.5054896235466003,10
325829,0.41595497727394104,10
325830,0.401325124502182,10
325834,0.2646344105402629,6
325853,0.7345244407653808,10
326112,0.6663659512996674,6
326269,0.6486435651779174,10
326400,0.42264379262924195,10
326408,0.6348406136035919,10
326485,0.32090585231781005,10
326494,0.22224627137184144,10
326624,0.5217178940773011,10
326727,0.26752719283103943,10
326767,0.7040871739387512,10
326804,0.38119195103645326,10
326848,0.7876726865768433,10
326908,0.6203627705574035,10
326945,0.6308417081832886,10
326983,0.41470950841903687,8
326985,0.5248409986495972,10
327056,0.8833810031414032,10
327062,0.5496833562850952,10
327076,0.5748828768730163,10
327077,0.43389769792556765,10
327295,0.49794735908508303,10
327371,0.711162930727005,10
327392,0.7802119612693786,10
327549,0.44327332377433776,10
327711,0.5467962741851806,10
327721,0.8602299690246582,10
327723,0.8977980196475983,10
327778,0.6756751000881195,10
327793,0.38282000422477724,10
327797,0.7043631136417389,10
327831,0.7057545244693756,10
327913,0.8996158897876739,10
327971,0.3575857162475586,10
328286,0.7878949463367462,10
328289,0.42374616861343384,10
328365,0.49289050698280334,4
328479,0.6213382482528687,10
328565,0.7064568042755127,10
328569,0.5196459650993347,10
328575,0.6697696685791016,10
328624,0.7998653173446655,10
328826,0.5193881273269654,10
328859,0.8166035354137421,10
328871,0.7927640497684478,10
328908,0.5568514823913574,10
329002,0.6065694212913513,10
329082,0.5157145202159882,10
329084,0.7630226910114288,10
329086,0.6416672527790069,10
329175,0.5271564424037933,10
329230,0.6007053554058075,10
329293,0.7686196625232696,10
329432,0.9433687806129456,10
329450,0.5492646634578705,10
329465,0.576223611831665,10
329529,0.6856326222419739,10
329551,0.4313636362552643,10
329593,0.47594064474105835,10
329607,0.8612694799900055,10
329613,0.5018863320350647,10
329641,0.1855936348438263,10
329670,0.4178904056549072,10
329710,0.7776293516159057,10
329713,0.4977490782737732,10
329714,0.561457097530365,10
329839,0.5541030287742614,10
329845,0.5007936298847199,10
329862,0.23719876408576965,10
329873,0.7911271810531616,10
329939,0.5620013833045959,10
330036,0.8024858057498931,10
330038,0.7004144608974456,10
330084,0.4579337477684021,10
330145,0.35037134289741517,10
330174,0.704212075471878,10
330401,0.7286928176879883,10
330403,0.823943430185318,10
330532,0.7851827025413514,10
330538,0.5320019781589508,10
330555,0.7086155831813812,10
330560,0.7254797637462616,10
330593,0.8121243317921957,9
330602,0.4680492043495178,10
330608,0.6018673241138458,10
330664,0.5143719792366028,10
330665,0.6298319399356842,10
330806,0.4947985827922821,10
330950,0.8021201252937317,10
330973,0.21991403698921203,10
331050,0.5636178255081177,10
331056,0.6017019510269165,10
331059,0.6092652201652526,10
331106,0.7100845515727997,10
331126,0.5868886351585388,10
331155,0.8083888173103333,10
331212,0.20168259739875793,10
331328,0.8792977511882782,10
331401,0.8712131202220916,10
331549,0.24393100142478943,10
331571,0.7868508875370026,10
331573,0.6478313207626343,10
331635,0.897978687286377,10
331647,0.7404336214065552,10
331652,0.46282928586006167,10
331666,0.4495109379291534,10
331685,0.6769035458564758,10
331787,0.7709158658981323,10
331947,0.541002380847931,10
331952,0.8052693690572467,7
331953,0.7211593329906464,10
331979,0.6971808433532715,10
332015,0.7963154494762421,10
332018,0.7685603976249695,10
332075,0.48807058334350584,10
332181,0.3863813545968797,9
332229,0.4300822360174997,7
332230,0.5021043717861176,10
332290,0.8075601279735565,10
332317,0.39168686866760255,10
332321,0.6191577196121216,10
332386,0.21285390257835388,10
332420,0.4382956147193909,10
332606,0.42426097989082334,10
332686,0.799161159992218,10
332782,0.5153318762779235,10
332800,0.7983745157718658,10
332943,0.7081908464431763,10
332944,0.879400759935379,10
333055,0.6882158517837524,10
333144,0.1579617977142334,10
333255,0.6755696773529053,10
333280,0.510212880373001,10
333348,0.5415654957294465,10
333373,0.6038169264793396,10
333516,0.4578395843505859,10
333539,0.5904862880706787,10
333553,0.7004201471805572,10
334011,0.8130064368247986,10
334049,0.4660909414291382,10
334065,0.31935371160507203,10
334267,0.7739996194839478,10
334307,0.5424092829227447,10
334379,0.5092795550823211,10
334543,0.6370362281799317,10
334590,0.8091797709465027,10
334644,0.5051170349121094,10
335131,0.7913782060146332,10
335212,0.9009174406528473,10
335271,0.405020135641098,10
335275,0.8810478150844574,10
335427,0.4948006868362427,10
335467,0.6061500191688538,10
335528,0.7332816779613495,10
335541,0.48075645565986636,10
335609,0.4075511634349823,10
335678,0.5480140686035156,10
335764,0.7411961853504181,10
335857,0.7135481715202332,10
335869,0.7039427518844604,10
336195,0.7997271180152893,10
336382,0.7564456999301911,10
336552,0.7308014214038849,10
336622,0.42155377864837645,10
336794,0.6285985589027405,10
336929,0.7876396358013154,10
336986,0.6995046436786652,10
337070,0.6991381406784057,10
337117,0.599456113576889,10
337195,0.31491619348526,10
337262,0.772168093919754,10
337269,0.6118178725242615,10
337324,0.16605400443077087,10
337389,0.6929061710834503,10
337397,0.5025032579898834,10
337500,0.5334317743778229,10
337503,0.2071916162967682,10
337627,0.43312211632728576,10
337690,0.8056452333927154,10
337754,0.6844327032566071,10
337765,0.5054671823978424,10
337784,0.48837419748306277,10
337787,0.6053296208381653,10
337864,0.8981554210186005,10
337929,0.47699099183082583,10
337932,0.5038733422756195,10
337961,0.6241571605205536,10
338067,0.4799310743808746,10
338628,0.763989943265915,10
338760,0.4608542263507843,10
338834,0.6701978147029877,10
338957,0.5999102234840393,10
339031,0.9435261130332947,10
339052,0.435167008638382,10
339214,0.5832796931266785,10
339263,0.6827772200107575,10
339466,0.4021202802658081,10
339484,0.4347841262817383,10
339592,0.3100276529788971,10
339614,0.48526843190193175,10
339789,0.8616081953048706,10
339906,0.6980971574783326,10
339958,0.6781302750110626,10
340040,0.4583616316318512,10
340041,0.7021508395671845,10
340237,0.8724815070629119,10
340288,0.6000451445579529,10
340325,0.364839631319046,10
340364,0.7524689495563507,10
340420,0.6976994037628174,10
340455,0.7886439025402069,10
340466,0.5047902166843414,10
340677,0.6895349442958831,10
340773,0.4025273621082306,10
340790,0.8838788866996765,10
340816,0.20807886123657227,10
340834,0.7815469563007355,10
340909,0.7912342250347137,10
341008,0.795880663394928,10
341009,0.5455851674079895,10
341048,0.6448255598545074,10
341164,0.5498793482780456,10
341165,0.6562375903129578,10
341169,0.5212528645992279,10
341233,0.4212510883808136,10
341256,0.6726278483867645,10
341284,0.293380206823349,10
341286,0.31351972818374635,10
341315,0.7913881361484527,10
341358,0.5686501801013947,10
341416,0.5208647429943085,10
341426,0.47264044880867007,10
341427,0.4477556049823761,10
341496,0.704968273639679,10
341510,0.7874035656452179,10
341530,0.5756477952003479,10
341546,0.5989523291587829,10
341583,0.6961659371852875,10
341753,0.49955645203590393,10
341779,0.7381855189800263,10
341915,0.4989354610443115,6
341918,0.2731452524662018,10
341931,0.760819137096405,10
341935,0.6201311826705933,10
341963,0.5052893161773682,10
342010,0.7020603239536285,10
342016,0.6990875720977783,10
342019,0.7857091724872589,10
342021,0.736717426776886,10
342207,0.6184683978557587,10
342209,0.5945015728473664,10
342210,0.3902508199214935,10
342246,0.9991755545139313,10
342443,0.4165902018547058,10
342444,0.8024982750415802,10
342492,0.8978461861610413,10
342542,0.5784686923027038,10
342562,0.6796501278877258,10
342636,0.6005447447299957,10
342638,0.8013410985469818,10
342703,0.5062047064304351,10
342848,0.7643844425678253,10
342894,0.5826550126075745,10
342942,0.7690920054912567,10
343121,0.9011394679546356,10
343282,0.8840303421020508,10
343322,0.5970563054084778,10
343334,0.5748190402984619,10
343387,0.779478257894516,10
343526,0.9926662087440491,10
343562,0.6536926686763763,10
343696,0.384210467338562,10
343847,0.8576222121715545,10
343898,0.555839890241623,10
343900,0.44162718653678895,10
343905,0.704549503326416,10
344017,0.39732123613357545,10
344050,0.6714897811412811,10
344114,0.6279029309749603,10
344254,0.8595031082630158,10
344258,0.8145182371139527,10
344277,0.6030921578407288,10
344338,0.61606485247612,10
344408,0.8895175814628601,10
344415,0.625384944677353,10
344697,0.698151582479477,10
344768,0.5117936611175538,10
344839,0.4854840815067291,10
345036,0.5990330815315247,10
345584,0.7026188552379609,10
345868,0.5454819321632385,10
345918,0.6393422067165375,10
345976,0.6287124752998352,10
346482,0.7336735010147095,10
346501,0.3883299589157104,10
346703,0.10613614320755005,10
346965,0.6757500231266022,10
347137,0.4514315664768219,10
347146,0.5563782572746276,10
347505,0.3743196904659271,10
347900,0.6096073448657989,10
348065,0.34276132583618163,10
348463,0.5948148369789124,10
348955,0.4155881106853485,10
349129,0.6772380948066712,10
349131,0.49406715035438536,10
349805,0.682980877161026,10
350736,0.8904293358325959,10
350992,0.5364991903305054,10
